"統計名：","時系列データ 男女，年齢，配偶関係"
"表番号：","4"
"表題：","配偶関係（4区分），年齢（5歳階級），男女別15歳以上人口 － 全国（大正9年～令和2年）"
"実施年月：","2020年","-"

"***","当該数値がないもの"
"-","当該数値がないもの"

"","","","","","","","","","/表章項目 コード","1060","1060","1060","1060","1060","1710","1710","1710","1710"
"","","","","","","","","","/表章項目 補助コード","-","-","-","-","-","-","-","-","-"
"","","","","","","","","","/表章項目","実数【人】","実数【人】","実数【人】","実数【人】","実数【人】","配偶関係別割合【%】","配偶関係別割合【%】","配偶関係別割合【%】","配偶関係別割合【%】"
"","","","","","","","","","/配偶関係４区分_時系列 コード","100","110","120","130","140","110","120","130","140"
"","","","","","","","","","/配偶関係４区分_時系列 補助コード","-","-","-","-","-","-","-","-","-"
"時間軸（調査年） コード","時間軸（調査年） 補助コード","時間軸（調査年）","男女_時系列 コード","男女_時系列 補助コード","男女_時系列","年齢（５歳階級）_時系列 コード","年齢（５歳階級）_時系列 補助コード","年齢（５歳階級）_時系列","/配偶関係４区分_時系列","総数","未婚","有配偶","死別","離別","未婚","有配偶","死別","離別"
"1920000000","","1920年","110","","男","100","","総数","","17,735,177","5,199,557","11,147,492","1,059,019","329,109","29.317762095","62.8552621718","5.9712908419","1.8556848911"
"1920000000","","1920年","110","","男","150","","15～19歳","","2,749,022","2,672,042","70,842","780","5,358","97.1997313953","2.5769891983","0.028373727","0.1949056791"
"1920000000","","1920年","110","","男","160","","20～24歳","","2,316,479","1,642,196","634,177","6,822","33,284","70.8919010273","27.3767644774","0.2944986766","1.4368358184"
"1920000000","","1920年","110","","男","170","","25～29歳","","2,008,005","516,919","1,417,663","22,192","51,231","25.7429139867","70.6005712137","1.1051765309","2.5513382685"
"1920000000","","1920年","110","","男","180","","30～34歳","","1,833,443","149,483","1,606,113","34,812","43,035","8.1531304763","87.6009235083","1.8987227854","2.3472232297"
"1920000000","","1920年","110","","男","190","","35～39歳","","1,707,771","70,235","1,552,813","46,588","38,135","4.112670844","90.9263010087","2.7280004169","2.2330277302"
"1920000000","","1920年","110","","男","200","","40～44歳","","1,640,254","46,299","1,492,747","65,560","35,648","2.822672586","91.0070635401","3.996941937","2.1733219367"
"1920000000","","1920年","110","","男","210","","45～49歳","","1,340,404","31,159","1,200,065","78,634","30,546","2.3245976586","89.5300968961","5.8664402672","2.2788651779"
"1920000000","","1920年","110","","男","220","","50～54歳","","1,122,240","22,532","977,192","96,299","26,217","2.0077701739","87.0751354433","8.5809630738","2.3361313088"
"1920000000","","1920年","110","","男","230","","55～59歳","","912,085","16,003","761,995","112,462","21,625","1.754551385","83.5442968582","12.3302104518","2.3709413048"
"1920000000","","1920年","110","","男","240","","60～64歳","","803,033","13,471","623,490","146,829","19,243","1.6775151207","77.6418901838","18.28430463","2.3962900652"
"1920000000","","1920年","110","","男","250","","65～69歳","","614,479","9,474","433,087","158,579","13,339","1.5417939425","70.480358157","25.8070658232","2.1707820771"
"1920000000","","1920年","110","","男","260","","70～74歳","","399,540","5,912","244,050","142,054","7,524","1.4797016569","61.0827451569","35.5543875456","1.8831656404"
"1920000000","","1920年","110","","男","280","","75～79歳","","198,253","2,680","99,878","92,746","2,949","1.3518080432","50.3790610986","46.7816376044","1.4874932535"
"1920000000","","1920年","110","","男","290","","80～84歳","","65,473","785","25,796","38,171","721","1.1989675133","39.3994471003","58.3003680906","1.1012172956"
"1920000000","","1920年","110","","男","310","","85歳以上","","24,696","367","7,584","16,491","254","1.4860706187","30.7094266277","66.7759961127","1.0285066407"
"1920000000","","1920年","110","","男","400","","（再掲）65歳以上","","1,302,441","19,218","810,395","448,041","24,787","1.4755370876","62.2212445707","34.4000995054","1.903118836"
"1920000000","","1920年","120","","女","100","","総数","","17,811,674","3,336,898","11,237,620","2,806,497","430,659","18.7343312032","63.0913186486","15.756503291","2.417846857"
"1920000000","","1920年","120","","女","150","","15～19歳","","2,670,035","2,196,576","442,812","3,217","27,430","82.2676856295","16.5845017012","0.1204853119","1.0273273571"
"1920000000","","1920年","120","","女","160","","20～24歳","","2,292,831","718,915","1,488,497","19,278","66,141","31.3549057911","64.919612479","0.8407946333","2.8846870964"
"1920000000","","1920年","120","","女","170","","25～29歳","","1,915,944","175,432","1,642,525","40,249","57,738","9.1564262838","85.7292801877","2.1007398963","3.013553632"
"1920000000","","1920年","120","","女","180","","30～34歳","","1,776,007","72,695","1,588,522","65,968","48,822","4.0931708039","89.4434537701","3.7143997743","2.7489756515"
"1920000000","","1920年","120","","女","190","","35～39歳","","1,702,967","45,821","1,500,449","108,876","47,821","2.6906569534","88.1079316275","6.3933123777","2.8080990412"
"1920000000","","1920年","120","","女","200","","40～44歳","","1,603,510","34,398","1,355,711","166,615","46,786","2.1451690354","84.5464636952","10.3906430268","2.9177242424"
"1920000000","","1920年","120","","女","210","","45～49歳","","1,318,163","25,643","1,042,041","211,714","38,765","1.9453588061","79.0525147496","16.0612913577","2.9408350864"
"1920000000","","1920年","120","","女","220","","50～54歳","","1,112,522","18,438","783,692","279,019","31,373","1.6573155407","70.4428316923","25.0798635892","2.8199891777"
"1920000000","","1920年","120","","女","230","","55～59歳","","928,008","13,893","567,053","323,647","23,415","1.4970776113","61.1043223765","34.8754536598","2.5231463521"
"1920000000","","1920年","120","","女","240","","60～64歳","","852,772","12,076","414,231","407,828","18,637","1.4160877702","48.5746483233","47.8238028453","2.1854610611"
"1920000000","","1920年","120","","女","250","","65～69歳","","698,058","9,741","250,640","425,140","12,537","1.3954427855","35.9053259184","60.9032487271","1.7959825687"
"1920000000","","1920年","120","","女","260","","70～74歳","","497,078","7,165","115,677","367,331","6,905","1.4414236799","23.2713980502","73.8980602641","1.3891180056"
"1920000000","","1920年","120","","女","280","","75～79歳","","283,759","3,946","36,648","240,147","3,018","1.3906166852","12.915185069","84.6306196455","1.0635786001"
"1920000000","","1920年","120","","女","290","","80～84歳","","108,710","1,436","6,786","99,582","906","1.3209456351","6.2422960169","91.603348358","0.8334099898"
"1920000000","","1920年","120","","女","310","","85歳以上","","51,310","723","2,336","47,886","365","1.4090820502","4.5527187682","93.3268368739","0.7113623075"
"1920000000","","1920年","120","","女","400","","（再掲）65歳以上","","1,638,915","23,011","412,087","1,180,086","23,731","1.4040386475","25.1438909278","72.0041002736","1.4479701509"
"1925000000","","1925年","110","","男","100","","総数","","18,950,468","5,677,254","11,860,443","1,078,368","334,403","29.9583841412","62.5865440368","5.6904557713","1.7646160506"
"1925000000","","1925年","110","","男","150","","15～19歳","","2,988,370","2,935,133","49,509","408","3,320","98.2185271569","1.6567225611","0.0136529278","0.111097354"
"1925000000","","1925年","110","","男","160","","20～24歳","","2,574,799","1,865,385","670,167","6,049","33,198","72.4477910702","26.0279346077","0.2349309596","1.2893433623"
"1925000000","","1925年","110","","男","170","","25～29歳","","2,256,502","563,077","1,617,586","20,736","55,103","24.9535342756","71.685555785","0.9189444547","2.4419654846"
"1925000000","","1925年","110","","男","180","","30～34歳","","1,920,177","137,110","1,708,394","30,471","44,202","7.1404875696","88.9706521846","1.586884959","2.3019752866"
"1925000000","","1925年","110","","男","190","","35～39歳","","1,768,538","60,657","1,627,715","42,763","37,403","3.4297821138","92.0373212223","2.4179859296","2.1149107341"
"1925000000","","1925年","110","","男","200","","40～44歳","","1,624,224","36,737","1,489,584","63,216","34,687","2.2618185668","91.7105029848","3.8920739996","2.1356044486"
"1925000000","","1925年","110","","男","210","","45～49歳","","1,539,488","29,788","1,384,394","91,512","33,794","1.9349290153","89.9256116319","5.9443139537","2.1951453989"
"1925000000","","1925年","110","","男","220","","50～54歳","","1,223,831","18,374","1,071,355","106,137","27,965","1.5013510852","87.5410902322","8.6725209608","2.2850377217"
"1925000000","","1925年","110","","男","230","","55～59歳","","981,235","12,180","823,654","123,129","22,272","1.2412928605","83.940544314","12.5483701661","2.2697926592"
"1925000000","","1925年","110","","男","240","","60～64歳","","754,000","7,638","595,148","134,207","17,007","1.0129973474","78.9320954907","17.79933687","2.2555702917"
"1925000000","","1925年","110","","男","250","","65～69歳","","601,475","5,589","428,360","154,608","12,918","0.9292156781","71.2182551228","25.7048090111","2.1477201878"
"1925000000","","1925年","110","","男","260","","70～74歳","","403,555","3,342","249,705","142,719","7,789","0.8281399065","61.8763241689","35.365439655","1.9300962694"
"1925000000","","1925年","110","","男","280","","75～79歳","","213,632","1,592","108,222","100,340","3,478","0.7452067106","50.6581411024","46.9686189334","1.6280332534"
"1925000000","","1925年","110","","男","290","","80～84歳","","79,096","523","30,759","46,770","1,044","0.6612218064","38.8881865075","59.1306766461","1.3199150399"
"1925000000","","1925年","110","","男","310","","85歳以上","","21,546","129","5,891","15,303","223","0.5987190197","27.3415019029","71.0247841826","1.0349948946"
"1925000000","","1925年","110","","男","400","","（再掲）65歳以上","","1,319,304","11,175","822,937","459,740","25,452","0.8470375288","62.376601602","34.8471618368","1.9291990322"
"1925000000","","1925年","120","","女","100","","総数","","18,862,309","3,596,816","11,878,750","2,950,799","435,944","19.0688001134","62.9761181412","15.6438906816","2.3111910636"
"1925000000","","1925年","120","","女","150","","15～19歳","","2,896,907","2,488,967","383,534","2,272","22,134","85.9180843568","13.2394308826","0.0784284756","0.7640562848"
"1925000000","","1925年","120","","女","160","","20～24歳","","2,485,728","734,899","1,667,151","16,053","67,625","29.564739183","67.068923068","0.6458067817","2.7205309671"
"1925000000","","1925年","120","","女","170","","25～29歳","","2,136,969","166,888","1,872,364","35,823","61,894","7.8095657915","87.6177427","1.6763462642","2.8963452441"
"1925000000","","1925年","120","","女","180","","30～34歳","","1,795,910","63,522","1,623,365","61,543","47,480","3.5370369339","90.3923359188","3.4268421023","2.6437850449"
"1925000000","","1925年","120","","女","190","","35～39歳","","1,680,839","38,526","1,494,736","104,744","42,833","2.2920696152","88.9279699007","6.2316497891","2.5483106948"
"1925000000","","1925年","120","","女","200","","40～44歳","","1,597,541","30,218","1,356,596","167,561","43,166","1.8915320483","84.9177579792","10.4886822935","2.7020276787"
"1925000000","","1925年","120","","女","210","","45～49歳","","1,515,661","27,071","1,196,833","248,057","43,700","1.7860854109","78.9644254223","16.3662586818","2.8832304849"
"1925000000","","1925年","120","","女","220","","50～54歳","","1,227,072","17,549","872,605","301,912","35,006","1.4301524278","71.1127790382","24.6042612006","2.8528073332"
"1925000000","","1925年","120","","女","230","","55～59歳","","1,009,582","11,280","603,571","367,973","26,758","1.117294088","59.7842473419","36.4480547394","2.6504038304"
"1925000000","","1925年","120","","女","240","","60～64歳","","814,341","7,099","394,040","394,592","18,610","0.8717478304","48.3875919301","48.4553768016","2.2852834377"
"1925000000","","1925年","120","","女","250","","65～69歳","","692,865","5,040","243,889","430,818","13,118","0.7274144313","35.2000750506","62.1792124006","1.8932981172"
"1925000000","","1925年","120","","女","260","","70～74歳","","515,625","3,101","119,212","385,201","8,111","0.6014060606","23.1199030303","74.7056484848","1.5730424242"
"1925000000","","1925年","120","","女","280","","75～79歳","","309,382","1,770","40,990","262,809","3,813","0.5721082674","13.248993154","84.9464416158","1.2324569625"
"1925000000","","1925年","120","","女","290","","80～84歳","","136,738","676","8,483","126,287","1,292","0.4943761061","6.2038350714","92.3569161462","0.9448726762"
"1925000000","","1925年","120","","女","310","","85歳以上","","47,149","210","1,381","45,154","404","0.4453965089","2.9290122802","95.768733165","0.8568580457"
"1925000000","","1925年","120","","女","400","","（再掲）65歳以上","","1,701,759","10,797","413,955","1,250,269","26,738","0.6344611663","24.3251247679","73.4692162638","1.5711978018"
"1930000000","","1930年","110","","男","100","","総数","","20,495,367","6,613,297","12,477,476","1,115,777","288,817","32.2672777706","60.8794953513","5.4440449883","1.4091818897"
"1930000000","","1930年","110","","男","150","","15～19歳","","3,318,663","3,284,332","32,448","236","1,647","98.9655171374","0.9777431453","0.0071112975","0.0496284196"
"1930000000","","1930年","110","","男","160","","20～24歳","","2,815,406","2,241,331","550,652","3,980","19,443","79.609512802","19.5585290363","0.1413650464","0.6905931151"
"1930000000","","1930年","110","","男","170","","25～29歳","","2,480,757","712,235","1,704,633","18,569","45,320","28.7103896109","68.7142271492","0.7485215198","1.82686172"
"1930000000","","1930年","110","","男","180","","30～34歳","","2,175,040","175,143","1,925,559","31,471","42,867","8.0524036339","88.5298201412","1.4469159187","1.970860306"
"1930000000","","1930年","110","","男","190","","35～39歳","","1,856,905","72,716","1,708,581","40,781","34,827","3.9159784695","92.0123000368","2.1961812801","1.8755402134"
"1930000000","","1930年","110","","男","200","","40～44歳","","1,687,934","41,070","1,555,423","60,907","30,534","2.4331520071","92.1495153246","3.6083756829","1.8089569852"
"1930000000","","1930年","110","","男","210","","45～49歳","","1,525,157","28,168","1,376,653","91,064","29,272","1.8468918281","90.2630352153","5.9707951378","1.9192778186"
"1930000000","","1930年","110","","男","220","","50～54歳","","1,410,576","21,384","1,236,367","125,182","27,643","1.5159764521","87.6497969623","8.8745306881","1.9596958972"
"1930000000","","1930年","110","","男","230","","55～59歳","","1,085,866","14,904","912,810","136,759","21,393","1.3725450469","84.0628585847","12.5944637736","1.9701325946"
"1930000000","","1930年","110","","男","240","","60～64歳","","820,315","9,653","647,384","147,695","15,583","1.1767430804","78.918951866","18.0046689381","1.8996361153"
"1930000000","","1930年","110","","男","250","","65～69歳","","577,193","5,776","417,466","143,871","10,080","1.0007051367","72.3269339718","24.9259779657","1.7463829256"
"1930000000","","1930年","110","","男","260","","70～74歳","","403,984","3,813","252,843","141,104","6,224","0.9438492613","62.5873796982","34.9281159649","1.5406550754"
"1930000000","","1930年","110","","男","280","","75～79歳","","222,451","1,939","114,593","103,009","2,910","0.8716526336","51.5138165258","46.3063775842","1.3081532562"
"1930000000","","1930年","110","","男","290","","80～84歳","","89,183","663","34,990","52,665","865","0.7434152248","39.2339347185","59.0527342654","0.9699157911"
"1930000000","","1930年","110","","男","310","","85歳以上","","25,937","170","7,074","18,484","209","0.6554343216","27.2737787716","71.2649882407","0.8057986659"
"1930000000","","1930年","110","","男","400","","（再掲）65歳以上","","1,318,748","12,361","826,966","459,133","20,288","0.9373284357","62.7084173776","34.8158253131","1.5384288734"
"1930000000","","1930年","120","","女","100","","総数","","20,375,373","4,326,911","12,515,300","3,150,041","383,121","21.2359842443","61.4236608085","15.4600409033","1.8803140438"
"1930000000","","1930年","120","","女","150","","15～19歳","","3,220,941","2,874,890","331,686","1,403","12,962","89.2562142553","10.2977980658","0.0435586991","0.4024289796"
"1930000000","","1930年","120","","女","160","","20～24歳","","2,716,100","1,022,752","1,631,559","13,291","48,498","37.6551673355","60.0699164242","0.489341335","1.7855749051"
"1930000000","","1930年","120","","女","170","","25～29歳","","2,354,877","199,056","2,062,079","37,644","56,098","8.4529255668","87.5663145038","1.5985548289","2.3822051003"
"1930000000","","1930年","120","","女","180","","30～34歳","","2,038,625","76,147","1,849,491","65,318","47,669","3.7352136856","90.7224722545","3.2040223189","2.3382917407"
"1930000000","","1930年","120","","女","190","","35～39歳","","1,727,928","41,617","1,541,753","104,372","40,186","2.4084915575","89.2255348602","6.0402979753","2.3256756068"
"1930000000","","1930年","120","","女","200","","40～44歳","","1,598,544","28,766","1,365,391","167,193","37,194","1.7995125564","85.414664845","10.459080263","2.3267423355"
"1930000000","","1930年","120","","女","210","","45～49歳","","1,521,106","23,656","1,205,669","254,052","37,729","1.5551841883","79.2626549366","16.7017946152","2.4803662598"
"1930000000","","1930年","120","","女","220","","50～54歳","","1,420,118","19,856","1,009,603","354,876","35,783","1.3981936712","71.0928950974","24.989191039","2.5197201922"
"1930000000","","1930年","120","","女","230","","55～59歳","","1,130,237","14,971","683,996","404,448","26,822","1.3245894445","60.5179267711","35.7843531931","2.3731305911"
"1930000000","","1930年","120","","女","240","","60～64歳","","901,770","10,212","424,526","448,862","18,170","1.1324395355","47.0769708462","49.7756634175","2.0149262006"
"1930000000","","1930年","120","","女","250","","65～69歳","","678,637","6,556","237,718","423,568","10,795","0.966054017","35.0287414331","62.4145161551","1.5906883945"
"1930000000","","1930年","120","","女","260","","70～74歳","","522,617","4,456","117,442","394,154","6,565","0.8526320422","22.4719058124","75.4192841028","1.2561780424"
"1930000000","","1930年","120","","女","280","","75～79歳","","329,267","2,512","42,778","280,737","3,240","0.7629066988","12.9918880422","85.2612013958","0.9840038631"
"1930000000","","1930年","120","","女","290","","80～84歳","","156,278","1,068","9,919","144,178","1,113","0.6833975351","6.3470226135","92.2573874761","0.7121923751"
"1930000000","","1930年","120","","女","310","","85歳以上","","58,328","396","1,690","55,945","297","0.6789192154","2.8974077629","95.9144836099","0.5091894116"
"1930000000","","1930年","120","","女","400","","（再掲）65歳以上","","1,745,127","14,988","409,547","1,298,582","22,010","0.8588486683","23.4680341316","74.4118909397","1.2612262603"
"1935000000","","1935年","110","","男","100","","総数","","21,840,095","7,242,130","13,133,818","1,169,286","294,861","33.1597916584","60.1362677222","5.3538503381","1.3500902812"
"1935000000","","1935年","110","","男","150","","15～19歳","","3,350,713","3,331,620","18,172","150","771","99.4301809793","0.5423323334","0.0044766591","0.023010028"
"1935000000","","1935年","110","","男","160","","20～24歳","","3,036,783","2,551,542","467,842","3,329","14,070","84.0212158721","15.4058423008","0.1096225841","0.4633192427"
"1935000000","","1935年","110","","男","170","","25～29歳","","2,670,248","929,932","1,682,603","17,324","40,389","34.8256791129","63.0129860597","0.6487786902","1.5125561371"
"1935000000","","1935年","110","","男","180","","30～34歳","","2,379,492","211,635","2,088,167","33,062","46,628","8.8941253006","87.7568405357","1.3894562368","1.9595779267"
"1935000000","","1935年","110","","男","190","","35～39歳","","2,093,446","83,884","1,921,941","46,551","41,070","4.0069817898","91.8075269197","2.2236542045","1.9618370858"
"1935000000","","1935年","110","","男","200","","40～44歳","","1,767,627","42,866","1,628,488","62,676","33,597","2.4250591329","92.1284863831","3.5457706857","1.9006837981"
"1935000000","","1935年","110","","男","210","","45～49歳","","1,591,179","28,773","1,442,357","90,362","29,687","1.8082817835","90.6470610786","5.6789336711","1.8657234666"
"1935000000","","1935年","110","","男","220","","50～54歳","","1,404,376","20,869","1,232,611","124,041","26,855","1.4859980518","87.7693010988","8.8324636706","1.9122371786"
"1935000000","","1935年","110","","男","230","","55～59歳","","1,255,092","17,631","1,053,401","160,091","23,969","1.4047575795","83.9301820105","12.7553199287","1.9097404811"
"1935000000","","1935年","110","","男","240","","60～64歳","","916,820","11,609","724,610","163,458","17,143","1.2662245588","79.0351432124","17.8287995462","1.8698326825"
"1935000000","","1935年","110","","男","250","","65～69歳","","630,008","6,396","456,404","156,581","10,627","1.0152252034","72.4441594392","24.8538113801","1.686803977"
"1935000000","","1935年","110","","男","260","","70～74歳","","394,223","3,051","252,318","132,871","5,983","0.7739274471","64.0038759788","33.7045276404","1.5176689335"
"1935000000","","1935年","110","","男","280","","75～79歳","","224,829","1,633","118,342","101,973","2,881","0.7263297884","52.636448145","45.3558037441","1.2814183223"
"1935000000","","1935年","110","","男","290","","80～84歳","","95,043","546","38,228","55,290","979","0.5744768157","40.2217943457","58.1736687604","1.030060078"
"1935000000","","1935年","110","","男","310","","85歳以上","","30,216","143","8,334","21,527","212","0.4732592004","27.5814138204","71.2437119406","0.7016150383"
"1935000000","","1935年","110","","男","400","","（再掲）65歳以上","","1,374,319","11,769","873,626","468,242","20,682","0.8563514002","63.5679198206","34.0708379932","1.5048907859"
"1935000000","","1935年","120","","女","100","","総数","","21,868,886","4,943,928","13,173,491","3,357,601","393,866","22.6071323431","60.2385096341","15.3533243531","1.8010336694"
"1935000000","","1935年","120","","女","150","","15～19歳","","3,290,204","3,042,853","238,832","1,069","7,450","92.4821986721","7.2588812122","0.0324903866","0.2264297289"
"1935000000","","1935年","120","","女","160","","20～24歳","","3,034,288","1,361,566","1,618,179","13,230","41,313","44.8726686458","53.329776211","0.4360166207","1.3615385223"
"1935000000","","1935年","120","","女","170","","25～29歳","","2,569,835","284,238","2,184,395","42,112","59,090","11.0605544713","85.0013716833","1.6387044304","2.2993694147"
"1935000000","","1935年","120","","女","180","","30～34歳","","2,253,145","90,175","2,031,040","77,089","54,841","4.0021836144","90.1424453375","3.4213954272","2.4339756207"
"1935000000","","1935年","120","","女","190","","35～39歳","","1,952,400","47,402","1,741,422","117,405","46,171","2.4278836304","89.1939151813","6.0133681622","2.364833026"
"1935000000","","1935年","120","","女","200","","40～44歳","","1,638,384","29,370","1,401,536","168,798","38,680","1.7926200451","85.5438041387","10.3027129171","2.360862899"
"1935000000","","1935年","120","","女","210","","45～49歳","","1,521,655","22,898","1,212,227","250,927","35,603","1.5048089087","79.6650357669","16.4904002549","2.3397550693"
"1935000000","","1935年","120","","女","220","","50～54歳","","1,428,499","19,543","1,018,884","356,330","33,742","1.3680793616","71.3254962026","24.9443646792","2.3620597564"
"1935000000","","1935年","120","","女","230","","55～59歳","","1,316,045","17,943","802,576","464,955","30,571","1.363403227","60.9839329202","35.3297189685","2.3229448841"
"1935000000","","1935年","120","","女","240","","60～64歳","","1,013,791","13,083","491,354","488,248","21,106","1.2905026775","48.4669917172","48.1606169318","2.0818886733"
"1935000000","","1935年","120","","女","250","","65～69歳","","757,084","7,820","259,658","476,542","13,064","1.0329104828","34.2971189458","62.9444024705","1.7255681007"
"1935000000","","1935年","120","","女","260","","70～74歳","","519,200","3,811","118,130","390,276","6,983","0.7340138674","22.752311248","75.1687211093","1.344953775"
"1935000000","","1935年","120","","女","280","","75～79歳","","336,975","2,059","42,571","288,899","3,446","0.6110245567","12.6332814006","85.7330662512","1.0226277913"
"1935000000","","1935年","120","","女","290","","80～84歳","","168,936","830","10,820","155,911","1,375","0.4913103187","6.4047923473","92.2899796372","0.8139176966"
"1935000000","","1935年","120","","女","310","","85歳以上","","68,445","337","1,867","65,810","431","0.4923661333","2.7277375995","96.150193586","0.6297026809"
"1935000000","","1935年","120","","女","400","","（再掲）65歳以上","","1,850,640","14,857","433,046","1,377,438","25,299","0.8028033545","23.399796827","74.430359227","1.3670405913"
"1940000000","","1940年","110","","男","100","","総数","","22,696,859","7,945,377","13,320,841","1,430,641","-","35.0065046445","58.6902399138","6.3032554416","-"
"1940000000","","1940年","110","","男","150","","15～19歳","","3,632,253","3,616,141","15,580","532","-","99.5564185644","0.4289348787","0.0146465568","-"
"1940000000","","1940年","110","","男","160","","20～24歳","","2,953,144","2,681,502","264,938","6,704","-","90.8015999219","8.9713877819","0.227012296","-"
"1940000000","","1940年","110","","男","170","","25～29歳","","2,739,494","1,148,448","1,555,320","35,726","-","41.9219023659","56.773988189","1.304109445","-"
"1940000000","","1940年","110","","男","180","","30～34歳","","2,428,028","250,308","2,115,860","61,860","-","10.3091068142","87.1431466193","2.5477465663","-"
"1940000000","","1940年","110","","男","190","","35～39歳","","2,203,413","97,711","2,026,516","79,186","-","4.434529523","91.9716821131","3.5937883637","-"
"1940000000","","1940年","110","","男","200","","40～44歳","","1,932,927","52,730","1,782,897","97,300","-","2.7279871407","92.2381962691","5.03381659","-"
"1940000000","","1940年","110","","男","210","","45～49歳","","1,627,155","31,957","1,481,245","113,953","-","1.9639800756","91.0328149438","7.0032049804","-"
"1940000000","","1940年","110","","男","220","","50～54歳","","1,442,994","22,094","1,276,827","144,073","-","1.5311220975","88.4845675033","9.984310399","-"
"1940000000","","1940年","110","","男","230","","55～59歳","","1,234,815","16,945","1,040,376","177,494","-","1.37227034","84.2535926434","14.3741370164","-"
"1940000000","","1940年","110","","男","240","","60～64歳","","1,045,447","14,030","824,197","207,220","-","1.3420096858","78.8368037786","19.8211865355","-"
"1940000000","","1940年","110","","男","250","","65～69歳","","700,419","7,369","508,551","184,499","-","1.0520845379","72.6066825714","26.3412328905","-"
"1940000000","","1940年","110","","男","260","","70～74歳","","419,946","3,792","267,820","148,334","-","0.9029732394","63.7748662923","35.3221604682","-"
"1940000000","","1940年","110","","男","280","","75～79歳","","215,424","1,615","114,972","98,837","-","0.7496843434","53.3700980392","45.8802176173","-"
"1940000000","","1940年","110","","男","290","","80～84歳","","90,435","548","37,033","52,854","-","0.6059600818","40.9498534859","58.4441864322","-"
"1940000000","","1940年","110","","男","310","","85歳以上","","30,965","187","8,709","22,069","-","0.6039076376","28.1253027611","71.2707896011","-"
"1940000000","","1940年","110","","男","400","","（再掲）65歳以上","","1,457,189","13,511","937,085","506,593","-","0.9271961289","64.3077184908","34.7650853801","-"
"1940000000","","1940年","120","","女","100","","総数","","23,216,616","5,769,521","13,503,697","3,943,398","-","24.8508266665","58.1639331072","16.9852402262","-"
"1940000000","","1940年","120","","女","150","","15～19歳","","3,636,873","3,478,418","154,353","4,102","-","95.643097793","4.2441130058","0.112789201","-"
"1940000000","","1940年","120","","女","160","","20～24歳","","2,990,803","1,599,247","1,352,765","38,791","-","53.4721611553","45.2308293123","1.2970095322","-"
"1940000000","","1940年","120","","女","170","","25～29歳","","2,766,441","374,233","2,290,559","101,649","-","13.5275973714","82.7980426837","3.6743599447","-"
"1940000000","","1940年","120","","女","180","","30～34歳","","2,404,204","126,259","2,134,843","143,102","-","5.2515926269","88.796250235","5.952157138","-"
"1940000000","","1940年","120","","女","190","","35～39歳","","2,139,242","61,238","1,892,958","185,046","-","2.8626027349","88.4873240147","8.6500732502","-"
"1940000000","","1940年","120","","女","200","","40～44歳","","1,839,207","36,874","1,571,716","230,617","-","2.0048858013","85.4561775808","12.5389366177","-"
"1940000000","","1940年","120","","女","210","","45～49歳","","1,547,313","24,560","1,235,116","287,637","-","1.5872677344","79.8232807453","18.5894515201","-"
"1940000000","","1940年","120","","女","220","","50～54歳","","1,422,088","19,175","1,019,346","383,567","-","1.3483694398","71.6795303806","26.9721001794","-"
"1940000000","","1940年","120","","女","230","","55～59歳","","1,312,824","16,347","799,413","497,064","-","1.2451783331","60.8926253633","37.8621963035","-"
"1940000000","","1940年","120","","女","240","","60～64歳","","1,172,807","15,146","570,649","587,012","-","1.2914315825","48.6566843478","50.0518840695","-"
"1940000000","","1940年","120","","女","250","","65～69歳","","848,903","9,071","301,972","537,860","-","1.0685555357","35.5720264859","63.3594179782","-"
"1940000000","","1940年","120","","女","260","","70～74歳","","571,392","5,197","125,745","440,450","-","0.9095332101","22.0067834341","77.0836833557","-"
"1940000000","","1940年","120","","女","280","","75～79歳","","329,434","2,332","42,440","284,662","-","0.7078807894","12.8827018461","86.4094173643","-"
"1940000000","","1940年","120","","女","290","","80～84歳","","163,179","997","9,711","152,471","-","0.6109854822","5.9511334179","93.4378810998","-"
"1940000000","","1940年","120","","女","310","","85歳以上","","71,906","427","2,111","69,368","-","0.5938308347","2.9357772647","96.4703919005","-"
"1940000000","","1940年","120","","女","400","","（再掲）65歳以上","","1,984,814","18,024","481,979","1,484,811","-","0.9080951665","24.2833333501","74.8085714832","-"
"1950000000","","1950年","110","","男","100","","総数","","26,109,283","8,945,270","15,739,781","1,187,838","233,236","34.2650240125","60.2915254561","4.5500356717","0.8934148595"
"1950000000","","1950年","110","","男","150","","15～19歳","","4,367,286","4,346,295","19,802","373","672","99.5226397492","0.4534315577","0.0085410549","0.0153876379"
"1950000000","","1950年","110","","男","160","","20～24歳","","3,871,378","3,201,072","647,872","3,530","17,852","82.7080716198","16.7394684582","0.0912067872","0.4612531347"
"1950000000","","1950年","110","","男","170","","25～29歳","","2,847,626","977,804","1,825,795","9,151","34,311","34.3443291169","64.1291141988","0.3214191757","1.2051375084"
"1950000000","","1950年","110","","男","180","","30～34歳","","2,382,334","189,483","2,147,582","14,650","30,275","7.9548192897","90.1591526412","0.615031969","1.2709960998"
"1950000000","","1950年","110","","男","190","","35～39歳","","2,396,313","76,014","2,267,835","24,643","27,632","3.172373383","94.6459782548","1.0284526176","1.1531957444"
"1950000000","","1950年","110","","男","200","","40～44歳","","2,217,289","41,651","2,106,738","43,282","25,450","1.8786074373","95.0213362283","1.9521713068","1.1478850274"
"1950000000","","1950年","110","","男","210","","45～49歳","","2,034,996","31,669","1,898,922","79,519","24,728","1.5563401115","93.3205493508","3.9078786615","1.2152318759"
"1950000000","","1950年","110","","男","220","","50～54歳","","1,733,670","23,673","1,569,236","118,250","22,367","1.3655982085","90.5227841982","6.8213571645","1.2902604287"
"1950000000","","1950年","110","","男","230","","55～59歳","","1,392,455","17,392","1,207,427","149,501","18,029","1.2491121119","86.7187034285","10.7373223236","1.2948621358"
"1950000000","","1950年","110","","男","240","","60～64歳","","1,120,325","13,689","909,430","183,317","13,809","1.221964838","81.1813487228","16.3640096586","1.2326767805"
"1950000000","","1950年","110","","男","250","","65～69歳","","803,737","10,440","590,360","193,695","9,171","1.2990471165","73.4583769874","24.1014301961","1.1411456998"
"1950000000","","1950年","110","","男","260","","70～74歳","","540,291","7,804","348,356","178,595","5,466","1.4445939717","64.4839797046","33.0596181932","1.0118081303"
"1950000000","","1950年","110","","男","280","","75～79歳","","267,690","5,449","145,489","114,240","2,470","2.0358829507","54.3583363223","42.6829268292","0.9228538976"
"1950000000","","1950年","110","","男","300","","80歳以上","","124,346","2,481","49,355","71,618","869","1.995608214","39.6990098372","57.606396242","0.6989857065"
"1950000000","","1950年","110","","男","400","","（再掲）65歳以上","","1,745,611","26,528","1,139,142","561,622","18,111","1.5198782172","65.265271115","32.1772106499","1.0376400178"
"1950000000","","1950年","120","","女","100","","総数","","28,208,962","7,241,831","15,864,503","4,553,381","546,319","25.6747581031","56.2450679879","16.1432869293","1.9368869795"
"1950000000","","1950年","120","","女","150","","15～19歳","","4,301,172","4,151,952","141,284","1,432","6,504","96.5307130242","3.2847791253","0.0332932512","0.1512145991"
"1950000000","","1950年","120","","女","160","","20～24歳","","3,932,345","2,169,605","1,682,937","15,655","63,980","55.1756698643","42.799116113","0.3981255167","1.6270885059"
"1950000000","","1950年","120","","女","170","","25～29歳","","3,397,997","515,973","2,686,451","92,410","102,873","15.1859180323","79.0665881431","2.719775425","3.0277183994"
"1950000000","","1950年","120","","女","180","","30～34歳","","2,871,503","163,435","2,389,630","233,329","84,854","5.6921241216","83.2261789995","8.1263966052","2.9553002736"
"1950000000","","1950年","120","","女","190","","35～39歳","","2,698,157","81,107","2,226,147","320,308","70,361","3.0062755682","82.5133630574","11.8723922068","2.6079691673"
"1950000000","","1950年","120","","女","200","","40～44歳","","2,307,733","46,037","1,889,390","314,806","57,287","1.995085633","81.8796803494","13.6426119816","2.4826220357"
"1950000000","","1950年","120","","女","210","","45～49歳","","2,006,997","29,494","1,571,931","359,258","46,116","1.4697037421","78.3302662598","17.9020420081","2.2979879898"
"1950000000","","1950年","120","","女","220","","50～54歳","","1,687,474","20,919","1,210,561","420,589","35,200","1.2398141612","71.7467694837","24.9272048499","2.0862115051"
"1950000000","","1950年","120","","女","230","","55～59歳","","1,387,382","16,559","857,187","487,060","26,366","1.1937236334","61.7938510869","35.1117237083","1.9007015712"
"1950000000","","1950年","120","","女","240","","60～64歳","","1,208,886","14,795","596,531","576,741","20,547","1.2241294573","49.3566184075","47.7192056355","1.7000464995"
"1950000000","","1950年","120","","女","250","","65～69歳","","986,094","12,540","358,123","600,109","15,008","1.2720891071","36.3288969141","60.8765647507","1.522449228"
"1950000000","","1950年","120","","女","260","","70～74歳","","741,317","9,762","178,177","543,144","9,938","1.3173715724","24.0447976508","73.2967081904","1.3411225862"
"1950000000","","1950年","120","","女","280","","75～79歳","","417,963","6,298","59,015","347,686","4,793","1.5074486825","14.1254499846","83.2198797487","1.1472215839"
"1950000000","","1950年","120","","女","300","","80歳以上","","246,845","2,904","13,814","227,894","2,131","1.1769330842","5.5985377498","92.3608775122","0.8636516537"
"1950000000","","1950年","120","","女","400","","（再掲）65歳以上","","2,409,316","31,955","612,454","1,731,793","32,231","1.3267963028","25.4295635377","71.9053841232","1.3382560361"
"1955000000","","1955年","110","","男","100","","総数","","28,897,789","10,205,438","17,245,113","1,172,039","273,534","35.3176709789","59.6796753779","4.0560422567","0.9466113863"
"1955000000","","1955年","110","","男","150","","15～19歳","","4,383,128","4,376,731","6,212","19","165","99.8540767812","0.1417253025","0.0004334804","0.0037644357"
"1955000000","","1955年","110","","男","160","","20～24歳","","4,231,701","3,811,674","410,541","1,084","8,262","90.0772551784","9.7018807007","0.025617024","0.1952470967"
"1955000000","","1955年","110","","男","170","","25～29歳","","3,802,724","1,558,614","2,199,649","6,078","38,034","40.9905388079","57.8493441599","0.1598474637","1.0002695683"
"1955000000","","1955年","110","","男","180","","30～34歳","","2,817,154","256,015","2,509,330","10,470","40,982","9.0888693789","89.0845169176","0.371698777","1.4549149264"
"1955000000","","1955年","110","","男","190","","35～39歳","","2,336,529","72,740","2,215,927","14,797","32,823","3.1134873412","94.8482356833","0.6333554053","1.4049215699"
"1955000000","","1955年","110","","男","200","","40～44歳","","2,340,429","40,525","2,239,721","28,142","31,860","1.7316540811","95.704429616","1.2025221258","1.361394177"
"1955000000","","1955年","110","","男","210","","45～49歳","","2,149,102","27,308","2,037,414","54,261","29,963","1.270762504","94.8099207704","2.5250052816","1.3943114438"
"1955000000","","1955年","110","","男","220","","50～54歳","","1,941,081","21,148","1,792,308","100,074","27,453","1.0895510161","92.3402214238","5.1558411382","1.4143864217"
"1955000000","","1955年","110","","男","230","","55～59歳","","1,617,760","15,762","1,433,562","145,100","23,279","0.9743444872","88.617131822","8.9695079999","1.4390156907"
"1955000000","","1955年","110","","男","240","","60～64歳","","1,235,983","10,497","1,032,601","175,730","17,114","0.849311699","83.5476907492","14.2183047424","1.3846928092"
"1955000000","","1955年","110","","男","250","","65～69歳","","925,400","6,996","707,425","199,094","11,862","0.7560161966","76.4472209704","21.5149068974","1.2818559354"
"1955000000","","1955年","110","","男","260","","70～74歳","","593,776","4,008","395,678","187,327","6,748","0.6750190733","66.6392706829","31.5492260353","1.1364842082"
"1955000000","","1955年","110","","男","280","","75～79歳","","342,059","2,303","189,651","146,666","3,435","0.6732835362","55.4445922439","42.8778997529","1.0042244668"
"1955000000","","1955年","110","","男","290","","80～84歳","","133,192","848","58,249","72,926","1,169","0.6366748753","43.7331070935","54.7525376899","0.8776803411"
"1955000000","","1955年","110","","男","310","","85歳以上","","39,681","213","11,937","27,270","260","0.5367943548","30.0831653225","68.724798387","0.6552419354"
"1955000000","","1955年","110","","男","400","","（再掲）65歳以上","","2,042,198","14,424","1,367,848","636,284","23,599","0.7063126941","66.9806160648","31.1574782521","1.1555929887"
"1955000000","","1955年","120","","女","100","","総数","","31,055,025","8,411,797","17,297,503","4,722,056","622,775","27.0875298362","55.7011336108","15.2058867787","2.0054497741"
"1955000000","","1955年","120","","女","150","","15～19歳","","4,325,947","4,249,783","74,107","242","1,813","98.2394135847","1.7130823438","0.0055941534","0.0419099179"
"1955000000","","1955年","120","","女","160","","20～24歳","","4,244,253","2,820,075","1,385,165","5,218","33,724","66.4456660906","32.6367955002","0.1229447747","0.7945936342"
"1955000000","","1955年","120","","女","170","","25～29歳","","3,860,355","793,434","2,941,188","29,704","95,868","20.5542519365","76.1927509342","0.7694950046","2.4835021245"
"1955000000","","1955年","120","","女","180","","30～34歳","","3,345,468","264,263","2,850,731","111,929","118,394","7.8994905415","85.2155714989","3.3458413657","3.5390965938"
"1955000000","","1955年","120","","女","190","","35～39歳","","2,818,160","110,406","2,346,302","264,755","96,555","3.9178599994","83.2607172842","9.3950783848","3.4263443313"
"1955000000","","1955年","120","","女","200","","40～44歳","","2,640,077","61,670","2,118,848","379,096","80,363","2.3360052","80.260093175","14.3598220742","3.0440795506"
"1955000000","","1955年","120","","女","210","","45～49歳","","2,248,891","38,302","1,756,447","392,375","61,689","1.7032096488","78.10551611","17.4480937276","2.7431805134"
"1955000000","","1955年","120","","女","220","","50～54歳","","1,935,698","23,740","1,411,025","454,599","46,277","1.2264670979","72.8970403086","23.4857083519","2.3907842414"
"1955000000","","1955年","120","","女","230","","55～59歳","","1,610,602","16,564","1,033,331","527,958","32,697","1.0284685355","64.160131632","32.7812238055","2.0301760268"
"1955000000","","1955年","120","","女","240","","60～64歳","","1,281,573","11,728","668,894","578,848","22,073","0.9151468191","52.1944250017","45.1680513256","1.7223768535"
"1955000000","","1955年","120","","女","250","","65～69歳","","1,057,199","8,963","407,579","625,281","15,349","0.8478279787","38.5537074383","59.1465721755","1.4518924072"
"1955000000","","1955年","120","","女","260","","70～74歳","","798,886","6,524","202,230","580,512","9,606","0.8166514785","25.3144433651","72.6664597081","1.202445448"
"1955000000","","1955年","120","","女","280","","75～79歳","","533,642","4,207","78,383","445,573","5,471","0.7883680575","14.6885318401","83.4978655782","1.025234524"
"1955000000","","1955年","120","","女","290","","80～84歳","","244,595","1,620","17,958","222,944","2,073","0.6623193442","7.3419325824","91.1482246162","0.8475234571"
"1955000000","","1955年","120","","女","310","","85歳以上","","94,441","472","2,541","90,805","623","0.4997829332","2.6905687148","96.1499772344","0.6596711174"
"1955000000","","1955年","120","","女","400","","（再掲）65歳以上","","2,744,001","21,832","711,465","1,977,332","33,322","0.79564103","25.92848779","72.0614908939","1.2143802859"
"1960000000","","1960年","110","","男","100","","総数","","31,778,153","11,049,573","19,316,627","1,117,785","287,484","34.7782880294","60.7986586959","3.5182037066","0.904849568"
"1960000000","","1960年","110","","男","150","","15～19歳","","4,713,854","4,704,144","8,061","548","244","99.8121577416","0.1710376645","0.0116274209","0.0051771728"
"1960000000","","1960年","110","","男","160","","20～24歳","","4,160,096","3,810,241","343,400","1,187","4,534","91.6063809786","8.2560738882","0.0285380305","0.1090071025"
"1960000000","","1960年","110","","男","170","","25～29歳","","4,129,166","1,903,699","2,196,151","4,394","24,190","46.111891337","53.1957395952","0.1064326085","0.5859364591"
"1960000000","","1960年","110","","男","180","","30～34歳","","3,774,040","374,583","3,346,625","9,545","42,367","9.9276725892","88.6964899075","0.2529736663","1.1228638368"
"1960000000","","1960年","110","","男","190","","35～39歳","","2,782,870","101,484","2,628,743","13,067","38,874","3.6476589479","94.4854156902","0.4696696964","1.3972556653"
"1960000000","","1960年","110","","男","200","","40～44歳","","2,291,120","46,482","2,191,694","19,136","33,212","2.029317309","95.6852667773","0.8354420211","1.4499738924"
"1960000000","","1960年","110","","男","210","","45～49歳","","2,271,959","31,651","2,168,129","38,105","33,601","1.393405022","95.4498068665","1.6775362031","1.4792519082"
"1960000000","","1960年","110","","男","220","","50～54歳","","2,053,737","23,285","1,926,086","72,776","31,142","1.134034225","93.8049149437","3.5443622402","1.5166885908"
"1960000000","","1960年","110","","男","230","","55～59歳","","1,813,371","18,793","1,640,706","126,575","26,961","1.0365492116","90.4949987176","6.9813875628","1.4870645078"
"1960000000","","1960年","110","","男","240","","60～64歳","","1,446,757","13,735","1,239,613","171,610","21,492","0.9495661792","85.700369871","11.8642192955","1.4858446541"
"1960000000","","1960年","110","","男","250","","65～69歳","","1,035,042","9,004","820,400","190,961","14,465","0.8700946049","79.2787221089","18.4533691524","1.3978141337"
"1960000000","","1960年","110","","男","260","","70～74歳","","698,672","6,283","489,894","193,080","9,258","0.8994796103","70.1336406519","27.6414966035","1.3253831342"
"1960000000","","1960年","110","","男","280","","75～79歳","","379,767","3,790","221,001","150,225","4,662","0.9982142763","58.207481076","39.5664220734","1.2278825741"
"1960000000","","1960年","110","","男","290","","80～84歳","","170,599","1,768","77,332","89,552","1,873","1.0367981234","45.3493622635","52.5154669403","1.0983726726"
"1960000000","","1960年","110","","男","310","","85歳以上","","57,103","631","18,792","37,024","609","1.1059310151","32.9360628154","64.8906337633","1.067372406"
"1960000000","","1960年","110","","男","400","","（再掲）65歳以上","","2,341,183","21,476","1,627,419","660,842","30,867","0.9175409424","69.5298734856","28.2338234062","1.3187621656"
"1960000000","","1960年","120","","女","100","","総数","","34,089,182","9,172,754","19,342,904","4,836,267","730,394","26.9135266294","56.7534855829","14.189958729","2.1430290585"
"1960000000","","1960年","120","","女","150","","15～19歳","","4,665,819","4,600,539","62,035","1,309","1,120","98.6181359368","1.3297955006","0.0280600033","0.024008559"
"1960000000","","1960年","120","","女","160","","20～24歳","","4,230,886","2,888,067","1,319,303","4,031","18,592","68.275928589","31.1892478309","0.0952956659","0.4395279141"
"1960000000","","1960年","120","","女","170","","25～29歳","","4,150,358","899,350","3,165,896","18,101","66,520","21.6717788786","76.28909553","0.4361826535","1.6029429376"
"1960000000","","1960年","120","","女","180","","30～34歳","","3,801,653","356,380","3,269,183","56,197","119,211","9.3760252314","86.0091539767","1.4784906277","3.136330164"
"1960000000","","1960年","120","","女","190","","35～39歳","","3,300,265","179,834","2,833,054","152,121","134,665","5.4500535507","85.8586030013","4.6101827028","4.0811607449"
"1960000000","","1960年","120","","女","200","","40～44歳","","2,766,827","86,903","2,253,603","319,149","106,530","3.1416192337","81.4697137031","11.5375146636","3.8511523994"
"1960000000","","1960年","120","","女","210","","45～49歳","","2,578,854","54,132","1,981,039","456,173","87,044","2.099451285","76.8324627635","17.6921782136","3.3759077377"
"1960000000","","1960年","120","","女","220","","50～54歳","","2,177,467","35,878","1,588,933","488,040","64,171","1.6480311177","72.9865384915","22.4177798846","2.947650506"
"1960000000","","1960年","120","","女","230","","55～59歳","","1,854,005","23,547","1,214,855","567,961","47,314","1.2702860314","65.5375774743","30.6396961282","2.5524403658"
"1960000000","","1960年","120","","女","240","","60～64歳","","1,506,251","16,603","825,096","631,404","32,740","1.102571782","54.7929631442","41.9302676308","2.1741974428"
"1960000000","","1960年","120","","女","250","","65～69歳","","1,144,248","11,670","471,121","639,366","21,786","1.0201557245","41.1839575922","55.8914211634","1.9044655196"
"1960000000","","1960年","120","","女","260","","70～74歳","","878,355","9,075","237,903","615,851","15,157","1.0336155701","27.0964457292","70.1436013786","1.726337322"
"1960000000","","1960年","120","","女","280","","75～79歳","","583,630","6,360","90,728","477,146","9,228","1.0900452814","15.5499415557","81.7784191601","1.5815940026"
"1960000000","","1960年","120","","女","290","","80～84歳","","317,064","3,214","25,068","284,017","4,583","1.0142576732","7.9108311611","89.6286314779","1.4462796877"
"1960000000","","1960年","120","","女","310","","85歳以上","","133,500","1,202","5,087","125,401","1,733","0.9008941486","3.8126859686","93.987543377","1.2988765055"
"1960000000","","1960年","120","","女","400","","（再掲）65歳以上","","3,056,797","31,521","829,907","2,141,781","52,487","1.0315489498","27.159344385","70.0914292521","1.7176774129"
"1965000000","","1965年","110","","男","100","","総数","","35,692,823","12,320,383","22,016,489","1,062,686","274,019","34.5364385522","61.7165164009","2.9789162998","0.7681287469"
"1965000000","","1965年","110","","男","150","","15～19歳","","5,527,355","5,504,624","18,466","1,410","439","99.6323036326","0.3342299344","0.0255206437","0.007945789"
"1965000000","","1965年","110","","男","160","","20～24歳","","4,523,969","4,085,786","430,450","1,499","3,814","90.3625284166","9.519967604","0.0331523555","0.0843516237"
"1965000000","","1965年","110","","男","170","","25～29歳","","4,191,561","1,915,499","2,253,977","3,256","16,586","45.7234089176","53.8029579038","0.0777214811","0.3959116973"
"1965000000","","1965年","110","","男","180","","30～34歳","","4,180,969","462,006","3,678,649","6,907","31,411","11.055491385","88.0275847678","0.1652798426","0.7516440044"
"1965000000","","1965年","110","","男","190","","35～39歳","","3,773,472","157,334","3,563,463","12,408","38,663","4.1712488347","94.4747536234","0.3289616709","1.0250358708"
"1965000000","","1965年","110","","男","200","","40～44歳","","2,748,642","66,924","2,627,124","17,920","35,530","2.4358161498","95.6187775204","0.6522297741","1.2931765555"
"1965000000","","1965年","110","","男","210","","45～49歳","","2,240,740","37,962","2,142,719","27,618","31,475","1.6949031464","95.666750306","1.2330708366","1.4052757108"
"1965000000","","1965年","110","","男","220","","50～54歳","","2,187,487","28,551","2,071,685","54,454","31,914","1.3057233957","94.7444073092","2.4903457599","1.4595235351"
"1965000000","","1965年","110","","男","230","","55～59歳","","1,942,543","21,032","1,794,032","98,141","28,463","1.0831923892","92.3964344058","5.0544686321","1.4659045727"
"1965000000","","1965年","110","","男","240","","60～64歳","","1,635,046","15,748","1,440,226","154,661","22,802","0.9641020743","88.1715058493","9.4684398602","1.395952216"
"1965000000","","1965年","110","","男","250","","65～69歳","","1,226,741","11,242","1,006,422","191,618","16,213","0.917343604","82.123713275","15.635967507","1.3229756139"
"1965000000","","1965年","110","","男","260","","70～74歳","","795,372","7,062","586,342","191,551","9,488","0.8889246931","73.8054209049","24.1113585241","1.1942958777"
"1965000000","","1965年","110","","男","280","","75～79歳","","455,411","4,285","284,558","161,168","4,859","0.9420273924","62.5580935212","35.4316617934","1.0682172928"
"1965000000","","1965年","110","","男","290","","80～84歳","","188,750","1,624","91,665","93,500","1,717","0.8615110394","48.6270994026","49.6005432187","0.9108463391"
"1965000000","","1965年","110","","男","310","","85歳以上","","74,765","704","26,711","46,575","645","0.9432571849","35.7888390165","62.4036979969","0.8642058015"
"1965000000","","1965年","110","","男","400","","（再掲）65歳以上","","2,741,039","24,917","1,995,698","684,412","32,922","0.910060779","72.8902547125","24.9972515923","1.202432916"
"1965000000","","1965年","120","","女","100","","総数","","37,987,033","10,290,848","21,975,803","4,980,834","716,368","27.1069640902","57.88612394","13.1199380631","1.8869739064"
"1965000000","","1965年","120","","女","150","","15～19歳","","5,420,641","5,340,132","70,567","6,635","957","98.5574971886","1.3023848294","0.122455586","0.0176623957"
"1965000000","","1965年","120","","女","160","","20～24歳","","4,603,550","3,134,727","1,446,447","7,289","12,722","68.1286885878","31.4364017095","0.1584157124","0.2764939901"
"1965000000","","1965年","120","","女","170","","25～29歳","","4,243,666","806,443","3,376,668","15,849","42,531","19.0131960671","79.6104011537","0.3736657698","1.0027370092"
"1965000000","","1965年","120","","女","180","","30～34歳","","4,143,948","374,484","3,645,742","40,323","81,536","9.0409540122","88.0170735269","0.9734952324","1.9684772282"
"1965000000","","1965年","120","","女","190","","35～39歳","","3,780,525","255,234","3,306,613","94,378","122,424","6.7546363792","87.5078103311","2.4976651708","3.2398881187"
"1965000000","","1965年","120","","女","200","","40～44歳","","3,256,379","152,073","2,761,335","209,349","131,983","4.672354781","84.8404173605","6.4321266829","4.0551011755"
"1965000000","","1965年","120","","女","210","","45～49歳","","2,718,592","80,313","2,146,022","389,855","100,974","2.9557656438","78.9802161371","14.3478641701","3.7161540488"
"1965000000","","1965年","120","","女","220","","50～54歳","","2,503,984","52,185","1,821,704","549,100","79,615","2.0852280264","72.7923394991","21.9411461022","3.1812863721"
"1965000000","","1965年","120","","女","230","","55～59歳","","2,087,591","34,526","1,388,114","608,755","54,984","1.6548287727","66.5322072355","29.1775847053","2.6353792863"
"1965000000","","1965年","120","","女","240","","60～64歳","","1,733,582","22,627","982,555","688,936","37,356","1.3068056465","56.746737173","39.7889890347","2.1574681456"
"1965000000","","1965年","120","","女","250","","65～69歳","","1,354,725","15,320","595,231","718,676","23,755","1.1323136597","43.9940073112","53.117927659","1.7557513699"
"1965000000","","1965年","120","","女","260","","70～74歳","","965,246","10,859","284,922","653,977","14,078","1.1266439518","29.5612531592","67.8514809573","1.4606219315"
"1965000000","","1965年","120","","女","280","","75～79歳","","650,726","7,316","111,023","523,514","7,995","1.1258017259","17.0844566729","80.559453903","1.230287698"
"1965000000","","1965年","120","","女","290","","80～84歳","","345,164","3,186","29,094","308,696","3,722","0.9242873471","8.4404319143","89.555494955","1.0797857834"
"1965000000","","1965年","120","","女","310","","85歳以上","","178,714","1,423","9,766","165,502","1,736","0.7975250382","5.4733868753","92.7561411669","0.9729469194"
"1965000000","","1965年","120","","女","400","","（再掲）65歳以上","","3,494,575","38,104","1,030,036","2,370,365","51,286","1.0918705446","29.5156930601","67.9228354935","1.4696009016"
"1970000000","","1970年","110","","男","100","","総数","","38,511,788","12,462,460","24,690,874","1,022,998","325,277","32.3686732157","64.129460148","2.6570266193","0.8448400169"
"1970000000","","1970年","110","","男","150","","15～19歳","","4,622,873","4,588,248","29,726","1,819","385","99.3089010856","0.6433951246","0.0393707774","0.0083330122"
"1970000000","","1970年","110","","男","160","","20～24歳","","5,344,885","4,811,541","523,348","2,419","4,632","90.0710416066","9.7969651474","0.0452831742","0.0867100716"
"1970000000","","1970年","110","","男","170","","25～29歳","","4,545,780","2,113,369","2,406,136","2,718","22,001","46.506708296","52.9493264416","0.0598121923","0.4841530699"
"1970000000","","1970年","110","","男","180","","30～34歳","","4,215,776","494,265","3,677,474","6,274","37,011","11.7262677507","87.246810457","0.1488485","0.8780732921"
"1970000000","","1970年","110","","男","190","","35～39歳","","4,154,678","195,448","3,900,113","11,800","46,789","4.7048854759","93.8847417642","0.2840532961","1.1263194636"
"1970000000","","1970年","110","","男","200","","40～44歳","","3,690,875","104,134","3,518,140","20,365","47,808","2.8217178027","95.3309991987","0.5518301712","1.2954528272"
"1970000000","","1970年","110","","男","210","","45～49歳","","2,696,819","51,755","2,577,705","28,213","38,912","1.9192793848","95.5914610516","1.0462492374","1.443010326"
"1970000000","","1970年","110","","男","220","","50～54歳","","2,172,383","32,266","2,067,063","41,087","31,783","1.4854071841","95.1599277966","1.8914933668","1.4631716523"
"1970000000","","1970年","110","","男","230","","55～59歳","","2,055,135","23,908","1,925,159","75,812","30,069","1.1634357657","93.6840737575","3.6892417715","1.463248705"
"1970000000","","1970年","110","","男","240","","60～64歳","","1,766,393","17,692","1,598,008","125,270","25,208","1.0017110393","90.4783096607","7.0927165891","1.4272627107"
"1970000000","","1970年","110","","男","250","","65～69歳","","1,407,870","12,796","1,196,376","179,466","19,063","0.9089998515","84.9879342275","12.7488720971","1.3541938238"
"1970000000","","1970年","110","","男","260","","70～74歳","","968,076","8,511","748,200","198,972","12,231","0.879313658","77.3002560144","20.5567850036","1.2636453238"
"1970000000","","1970年","110","","男","280","","75～79歳","","536,369","4,838","358,868","166,486","6,103","0.9021154401","66.9161562199","31.0437352576","1.1379930821"
"1970000000","","1970年","110","","男","290","","80～84歳","","243,532","2,602","130,519","107,924","2,456","1.0685787738","53.6010119054","44.3217892328","1.0086200878"
"1970000000","","1970年","110","","男","310","","85歳以上","","90,344","1,087","34,039","54,373","826","1.2034320509","37.6850262939","60.19706615","0.9144755051"
"1970000000","","1970年","110","","男","400","","（再掲）65歳以上","","3,246,191","29,834","2,468,002","707,221","40,679","0.9191751886","76.0382853072","21.7892336283","1.2533058757"
"1970000000","","1970年","120","","女","100","","総数","","41,000,604","10,204,890","24,696,506","5,240,236","854,495","24.8923270239","60.241071065","12.7822708715","2.0843310393"
"1970000000","","1970年","120","","女","150","","15～19歳","","4,544,171","4,446,135","83,413","11,503","1,391","97.8798408433","1.8363030281","0.2532338332","0.0306222952"
"1970000000","","1970年","120","","女","160","","20～24歳","","5,382,751","3,856,300","1,491,402","15,611","17,942","71.6617220332","27.7147617052","0.2900996143","0.3334166472"
"1970000000","","1970年","120","","女","170","","25～29歳","","4,602,418","834,392","3,695,575","14,435","57,638","18.1309158547","80.3029743331","0.3136652441","1.252444568"
"1970000000","","1970年","120","","女","180","","30～34歳","","4,225,557","305,272","3,799,880","35,898","84,334","7.2247161441","89.9298146629","0.8495795885","1.9958896043"
"1970000000","","1970年","120","","女","190","","35～39歳","","4,118,164","239,220","3,688,521","77,454","112,823","5.809105254","89.5702981385","1.880856276","2.7397403313"
"1970000000","","1970年","120","","女","200","","40～44歳","","3,702,753","196,180","3,217,364","149,983","139,079","5.2984303487","86.8945818161","4.0507415587","3.7562462762"
"1970000000","","1970年","120","","女","210","","45～49歳","","3,222,878","128,021","2,662,070","294,028","138,656","3.9723840479","82.6017950368","9.1234417543","4.3023791608"
"1970000000","","1970年","120","","女","220","","50～54歳","","2,669,007","71,921","2,001,182","495,059","100,775","2.6947432629","74.9804884866","18.5489204128","3.7758478375"
"1970000000","","1970年","120","","女","230","","55～59歳","","2,400,078","47,119","1,602,360","674,937","75,598","1.9632802141","66.7646105397","28.1222109537","3.1498982922"
"1970000000","","1970年","120","","女","240","","60～64歳","","1,985,726","32,234","1,153,679","748,306","51,437","1.6233426132","58.1006478463","37.6855809868","2.5904285535"
"1970000000","","1970年","120","","女","250","","65～69歳","","1,597,716","20,404","734,269","809,004","34,001","1.2771033963","45.9585097873","50.6362358372","2.1281509791"
"1970000000","","1970年","120","","女","260","","70～74歳","","1,182,330","13,491","379,546","768,217","21,043","1.1410838393","32.1024243485","64.9766513828","1.7798404292"
"1970000000","","1970年","120","","女","280","","75～79歳","","744,062","7,982","139,430","585,203","11,431","1.0727831343","18.739432777","78.6514543455","1.536329743"
"1970000000","","1970年","120","","女","290","","80～84歳","","413,046","4,203","38,775","364,378","5,683","1.0175794537","9.3877333617","88.2187880563","1.3758991281"
"1970000000","","1970年","120","","女","310","","85歳以上","","209,947","2,016","9,040","196,220","2,664","0.9602743641","4.3059921882","93.4647994665","1.2689339811"
"1970000000","","1970年","120","","女","400","","（再掲）65歳以上","","4,147,101","48,096","1,301,060","2,723,022","74,822","1.1597781528","31.3735230286","65.6624547865","1.8042440318"
"1975000000","","1975年","110","","男","100","","総数","","41,111,952","11,946,023","27,710,590","1,053,274","388,031","29.067221848","67.4257756804","2.5628402879","0.9441621835"
"1975000000","","1975年","110","","男","150","","15～19歳","","4,040,280","4,018,076","20,365","460","289","99.4772714331","0.504185245","0.0113884219","0.0071548998"
"1975000000","","1975年","110","","男","160","","20～24歳","","4,563,526","4,015,924","538,265","838","4,657","88.074612188","11.8048750746","0.0183784665","0.1021342707"
"1975000000","","1975年","110","","男","170","","25～29歳","","5,426,289","2,619,455","2,776,464","2,725","24,695","48.2996729505","51.1947344615","0.0502457987","0.4553467891"
"1975000000","","1975年","110","","男","180","","30～34歳","","4,624,591","661,900","3,912,688","6,285","42,263","14.3171215382","84.6327687526","0.135946682","0.914163027"
"1975000000","","1975年","110","","男","190","","35～39歳","","4,212,566","255,452","3,892,439","11,643","52,207","6.0652352554","92.4187645916","0.2764415","1.2395586528"
"1975000000","","1975年","110","","男","200","","40～44歳","","4,125,063","151,077","3,889,435","22,567","61,265","3.663055264","94.3043305796","0.5471658038","1.4854483525"
"1975000000","","1975年","110","","男","210","","45～49歳","","3,656,501","90,717","3,471,612","36,830","56,755","2.4813767501","94.9587982649","1.0074088176","1.5524161673"
"1975000000","","1975年","110","","男","220","","50～54歳","","2,616,771","45,884","2,481,878","46,847","41,625","1.7538186568","94.864526644","1.7906272909","1.591027408"
"1975000000","","1975年","110","","男","230","","55～59歳","","2,072,676","27,862","1,949,149","63,866","31,343","1.3445483587","94.060910521","3.082008667","1.5125324531"
"1975000000","","1975年","110","","男","240","","60～64歳","","1,935,823","20,746","1,777,238","109,733","27,638","1.0719480405","91.830077686","5.6699158552","1.4280584182"
"1975000000","","1975年","110","","男","250","","65～69歳","","1,571,228","14,783","1,372,494","163,049","20,437","0.941134977","87.3775356307","10.3802419588","1.3010874333"
"1975000000","","1975年","110","","男","260","","70～74歳","","1,147,922","11,203","919,327","203,635","13,451","0.9761976131","80.1075446839","17.7441757521","1.1720819507"
"1975000000","","1975年","110","","男","280","","75～79歳","","688,306","7,459","482,505","190,730","7,403","1.0840041447","70.1216543597","27.7184757381","1.0758657572"
"1975000000","","1975年","110","","男","290","","80～84歳","","307,763","3,750","177,007","124,008","2,913","1.2188066745","57.5299501426","40.304474158","0.9467690247"
"1975000000","","1975年","110","","男","310","","85歳以上","","122,647","1,735","49,724","70,058","1,090","1.4150904923","40.5555963362","57.1402937842","0.8890193871"
"1975000000","","1975年","110","","男","400","","（再掲）65歳以上","","3,837,866","38,930","3,001,057","751,480","45,294","1.0146579367","78.2185025337","19.5863125172","1.1805270122"
"1975000000","","1975年","120","","女","100","","総数","","43,560,794","9,375,614","27,750,600","5,518,000","904,818","21.528868885","63.7226563382","12.6707753228","2.0776994538"
"1975000000","","1975年","120","","女","150","","15～19歳","","3,908,266","3,853,457","52,339","1,279","666","98.6108598292","1.3393671689","0.0327299071","0.0170430947"
"1975000000","","1975年","120","","女","160","","20～24歳","","4,507,983","3,121,468","1,368,165","3,036","13,711","69.2677492799","30.3606220514","0.0673711493","0.3042575193"
"1975000000","","1975年","120","","女","170","","25～29歳","","5,368,294","1,122,569","4,175,836","11,506","57,483","20.9146002697","77.8000646123","0.2143684626","1.0709666553"
"1975000000","","1975年","120","","女","180","","30～34歳","","4,621,200","354,194","4,148,446","31,230","86,712","7.6655711336","89.7818932766","0.6758888815","1.8766467081"
"1975000000","","1975年","120","","女","190","","35～39歳","","4,209,754","222,646","3,814,679","67,394","104,438","5.2895627319","90.6280996408","1.6011282069","2.4812094203"
"1975000000","","1975年","120","","女","200","","40～44歳","","4,099,007","204,704","3,635,215","132,692","125,688","4.9948527425","88.7005804115","3.2377335084","3.0668333374"
"1975000000","","1975年","120","","女","210","","45～49歳","","3,704,909","180,448","3,150,613","231,980","141,072","4.8715576441","85.0571513342","6.2627679015","3.8085231201"
"1975000000","","1975年","120","","女","220","","50～54歳","","3,164,934","119,229","2,510,260","405,587","128,775","3.7684770869","79.3419159119","12.819409005","4.070197996"
"1975000000","","1975年","120","","女","230","","55～59歳","","2,600,973","68,479","1,817,481","622,680","91,267","2.6339019049","69.9056158547","23.9500874454","3.5103947948"
"1975000000","","1975年","120","","女","240","","60～64歳","","2,347,911","46,967","1,402,257","832,096","65,379","2.0014070828","59.7544465651","35.4581478067","2.7859985451"
"1975000000","","1975年","120","","女","250","","65～69歳","","1,877,809","33,818","911,058","891,173","40,687","1.8019582935","48.5448139749","47.4852616457","2.1679660858"
"1975000000","","1975年","120","","女","260","","70～74歳","","1,427,960","22,946","494,963","884,258","25,015","1.6077837304","34.6811408776","61.9583206626","1.7527547292"
"1975000000","","1975年","120","","女","280","","75～79歳","","952,701","14,758","201,823","721,528","14,105","1.5498616907","21.1951305063","75.7737231336","1.4812846692"
"1975000000","","1975年","120","","女","290","","80～84歳","","500,940","6,816","54,334","432,974","6,576","1.3612941881","10.8516077491","86.4737367685","1.3133612941"
"1975000000","","1975年","120","","女","310","","85歳以上","","268,153","3,115","13,131","248,587","3,244","1.1619795804","4.8982195414","92.7297007949","1.2101000831"
"1975000000","","1975年","120","","女","400","","（再掲）65歳以上","","5,027,563","81,453","1,675,309","3,178,520","89,627","1.620984579","33.3400863577","63.2552748716","1.7836541915"
"1980000000","","1980年","110","","男","100","","総数","","43,441,646","12,383,277","29,386,831","1,060,598","532,064","28.5573938196","67.769727349","2.4458723462","1.227006485"
"1980000000","","1980年","110","","男","150","","15～19歳","","4,223,685","4,205,739","13,819","15","122","99.6692651957","0.3274881241","0.0003554759","0.0028912042"
"1980000000","","1980年","110","","男","160","","20～24歳","","3,960,116","3,622,010","320,888","492","3,908","91.7592236512","8.1293076935","0.0124642223","0.0990044329"
"1980000000","","1980年","110","","男","170","","25～29歳","","4,545,468","2,504,307","2,003,097","2,018","24,734","55.2320431851","44.1779462374","0.0445066292","0.5455039482"
"1980000000","","1980年","110","","男","180","","30～34歳","","5,421,545","1,165,316","4,174,171","6,188","65,420","21.5356780836","77.1409668468","0.11435763","1.2089974395"
"1980000000","","1980年","110","","男","190","","35～39歳","","4,594,716","391,805","4,106,643","11,797","77,170","8.5408666972","89.519762219","0.2571600781","1.6822110055"
"1980000000","","1980年","110","","男","200","","40～44歳","","4,158,990","197,092","3,854,930","20,864","80,000","4.7459044144","92.8253267727","0.5023976097","1.926371203"
"1980000000","","1980年","110","","男","210","","45～49歳","","4,033,146","124,854","3,784,219","36,867","81,774","3.0998725331","93.9545111693","0.9153331145","2.0302831829"
"1980000000","","1980年","110","","男","220","","50～54歳","","3,546,963","74,497","3,343,680","58,153","66,401","2.1028127735","94.3814249515","1.6414737669","1.8742885079"
"1980000000","","1980年","110","","男","230","","55～59歳","","2,511,379","38,890","2,356,314","69,718","43,315","1.5504914408","93.9430364833","2.7795618994","1.7269101763"
"1980000000","","1980年","110","","男","240","","60～64歳","","1,945,930","22,862","1,800,512","89,530","30,591","1.1763343872","92.6429962515","4.606649361","1.57402"
"1980000000","","1980年","110","","男","250","","65～69歳","","1,743,659","15,763","1,559,872","140,106","25,240","0.9054090768","89.5973017511","8.0475318225","1.4497573494"
"1980000000","","1980年","110","","男","260","","70～74歳","","1,317,661","9,975","1,102,537","184,837","17,242","0.7587911373","83.8692034252","14.0604187918","1.3115866455"
"1980000000","","1980年","110","","男","280","","75～79歳","","848,714","6,023","631,140","198,857","9,887","0.7120168056","74.6110388021","23.5081397836","1.1688046085"
"1980000000","","1980年","110","","男","290","","80～84歳","","417,715","2,881","258,968","149,384","4,463","0.6930545398","62.2974481351","35.9358762172","1.0736211077"
"1980000000","","1980年","110","","男","310","","85歳以上","","171,959","1,263","76,041","91,772","1,797","0.7391454472","44.5014718533","53.7077244503","1.0516582491"
"1980000000","","1980年","110","","男","400","","（再掲）65歳以上","","4,499,708","35,905","3,628,558","764,956","58,629","0.8000137253","80.8493581173","17.0442918614","1.3063362958"
"1980000000","","1980年","120","","女","100","","総数","","46,040,309","9,617,234","29,472,446","5,716,939","1,129,136","20.9362706675","64.1601427907","12.4455100389","2.4580765027"
"1980000000","","1980年","120","","女","150","","15～19歳","","4,048,560","4,008,078","38,381","40","370","99.0414564938","0.9484122169","0.0009884184","0.0091428706"
"1980000000","","1980年","120","","女","160","","20～24歳","","3,880,910","3,014,896","848,796","1,133","11,087","77.7854605574","21.8992588067","0.0292318298","0.286048806"
"1980000000","","1980年","120","","女","170","","25～29歳","","4,495,887","1,076,874","3,348,413","6,980","60,236","23.9704681332","74.5333503394","0.1553699574","1.3408115698"
"1980000000","","1980年","120","","女","180","","30～34歳","","5,350,186","486,040","4,709,754","24,968","126,071","9.0902408958","88.0849280312","0.4669680163","2.3578630565"
"1980000000","","1980年","120","","女","190","","35～39歳","","4,606,865","253,773","4,155,679","56,262","138,166","5.5121549649","90.2647115042","1.2220561787","3.0010773521"
"1980000000","","1980年","120","","女","200","","40～44歳","","4,178,510","185,781","3,738,371","110,217","140,792","4.4496727192","89.5383675024","2.6398263444","3.3721334338"
"1980000000","","1980年","120","","女","210","","45～49歳","","4,057,241","180,415","3,523,372","200,942","147,966","4.4517290346","86.9389875132","4.9582314978","3.6510519543"
"1980000000","","1980年","120","","女","220","","50～54歳","","3,653,059","162,076","3,007,949","327,754","149,438","4.4438266217","82.472444058","8.9864134763","4.0973158438"
"1980000000","","1980年","120","","女","230","","55～59歳","","3,102,126","109,344","2,324,015","531,242","129,151","3.5343492303","75.1196282054","17.1714474851","4.174575079"
"1980000000","","1980年","120","","女","240","","60～64歳","","2,519,317","60,070","1,599,365","761,594","87,480","2.3946495707","63.7575946508","30.3604252565","3.4873305218"
"1980000000","","1980年","120","","女","250","","65～69歳","","2,221,022","37,629","1,140,049","967,701","61,331","1.7052082058","51.6628374367","43.8526584825","2.7792958748"
"1980000000","","1980年","120","","女","260","","70～74歳","","1,705,316","22,113","649,889","980,016","37,937","1.30849638","38.4559943903","57.9906565559","2.2448526735"
"1980000000","","1980年","120","","女","280","","75～79歳","","1,187,971","11,812","284,564","856,426","22,368","1.0051311725","24.2147093611","72.876775275","1.9033841912"
"1980000000","","1980年","120","","女","290","","80～84歳","","675,928","5,695","86,161","564,740","11,164","0.8528513238","12.9029890978","84.5723014256","1.6718581526"
"1980000000","","1980年","120","","女","310","","85歳以上","","357,411","2,638","17,688","326,924","5,579","0.747670968","5.0131933599","92.6579164411","1.5812192308"
"1980000000","","1980年","120","","女","400","","（再掲）65歳以上","","6,147,648","79,887","2,178,351","3,695,807","138,379","1.3112514821","35.7550787666","60.6623406381","2.271329113"
"1985000000","","1985年","110","","男","100","","総数","","46,131,184","13,651,696","30,524,653","1,124,255","748,971","29.645650367","66.286503187","2.4414014678","1.626444978"
"1985000000","","1985年","110","","男","150","","15～19歳","","4,600,427","4,574,494","11,570","20","139","99.7442557852","0.2522773096","0.0004360886","0.0030308164"
"1985000000","","1985年","110","","男","160","","20～24歳","","4,165,995","3,837,905","307,892","417","5,009","92.4523929454","7.4168985862","0.0100452324","0.1206632358"
"1985000000","","1985年","110","","男","170","","25～29歳","","3,948,330","2,384,373","1,528,626","1,212","22,339","60.5701185047","38.831616517","0.0307883806","0.5674765975"
"1985000000","","1985年","110","","男","180","","30～34歳","","4,558,265","1,282,072","3,198,089","4,388","63,872","28.187188477","70.3120709362","0.0964730397","1.4042675469"
"1985000000","","1985年","110","","男","190","","35～39歳","","5,398,230","765,397","4,493,057","11,724","120,197","14.199327505","83.35332885","0.2174987825","2.2298448623"
"1985000000","","1985年","110","","男","200","","40～44歳","","4,551,877","338,265","4,061,613","21,336","124,656","7.4411498789","89.3473196549","0.4693491014","2.7421813646"
"1985000000","","1985年","110","","男","210","","45～49歳","","4,092,121","190,792","3,744,890","35,579","116,390","4.6675217624","91.614719554","0.8704020964","2.8473565869"
"1985000000","","1985年","110","","男","220","","50～54歳","","3,926,414","122,048","3,634,250","60,773","105,463","3.1114580523","92.6505672098","1.5493301014","2.6886446363"
"1985000000","","1985年","110","","男","230","","55～59歳","","3,409,374","72,201","3,170,097","89,382","75,128","2.1193152064","93.0518244644","2.6236289218","2.2052314072"
"1985000000","","1985年","110","","男","240","","60～64歳","","2,379,902","36,940","2,194,436","101,957","44,841","1.5532925681","92.2739883624","4.2871968157","1.8855222536"
"1985000000","","1985年","110","","男","250","","65～69歳","","1,781,008","20,613","1,608,421","121,965","28,744","1.1582009312","90.373778686","6.8529557357","1.6150646469"
"1985000000","","1985年","110","","男","260","","70～74歳","","1,503,595","13,286","1,293,058","174,642","21,508","0.8842630985","86.0607762826","11.6234740371","1.4314865816"
"1985000000","","1985年","110","","男","280","","75～79歳","","1,017,428","7,796","796,511","199,604","12,531","0.7669891641","78.3626611257","19.6375198978","1.2328298122"
"1985000000","","1985年","110","","男","290","","80～84歳","","542,243","3,818","359,753","172,192","5,775","0.7050290099","66.4317185497","31.7968452814","1.0664071588"
"1985000000","","1985年","110","","男","310","","85歳以上","","255,975","1,696","122,390","129,064","2,379","0.6637211431","47.8967162239","50.5085528452","0.9310097875"
"1985000000","","1985年","110","","男","400","","（再掲）65歳以上","","5,100,249","47,209","4,180,133","797,467","70,937","0.9264394261","82.0318163424","15.6496615019","1.3920827293"
"1985000000","","1985年","120","","女","100","","総数","","48,843,175","10,585,589","30,546,902","6,182,254","1,466,440","21.7001473006","62.6202541","12.6734395648","3.0061590344"
"1985000000","","1985年","120","","女","150","","15～19歳","","4,379,520","4,329,592","37,465","67","693","99.1248488661","0.8577511374","0.001533947","0.0158660493"
"1985000000","","1985年","120","","女","160","","20～24歳","","4,034,559","3,284,041","723,672","1,156","16,387","81.5858916799","17.9782851078","0.0287186703","0.4071045419"
"1985000000","","1985年","120","","女","170","","25～29歳","","3,875,072","1,185,628","2,621,907","4,599","58,085","30.6346488402","67.7457012122","0.1188304847","1.5008194626"
"1985000000","","1985年","120","","女","180","","30～34歳","","4,495,959","468,647","3,871,475","17,386","135,351","10.4309305054","86.1695192304","0.3869696333","3.0125806307"
"1985000000","","1985年","120","","女","190","","35～39歳","","5,339,814","354,259","4,713,636","48,613","220,493","6.6377915237","88.3199384823","0.9108673579","4.131402636"
"1985000000","","1985年","120","","女","200","","40～44歳","","4,583,077","224,398","4,049,157","97,636","209,650","4.8986201442","88.3933103113","2.131399016","4.5766705284"
"1985000000","","1985年","120","","女","210","","45～49歳","","4,144,493","177,178","3,601,744","177,863","185,485","4.2773165438","86.9509713273","4.2938533702","4.4778587586"
"1985000000","","1985年","120","","女","220","","50～54歳","","4,006,580","174,304","3,351,423","306,455","171,536","4.3535533721","83.707768629","7.6542603649","4.2844176338"
"1985000000","","1985年","120","","女","230","","55～59歳","","3,590,371","157,120","2,805,043","468,795","156,301","4.3799458026","78.1946048501","13.0683343466","4.3571150006"
"1985000000","","1985年","120","","女","240","","60～64歳","","3,025,636","106,280","2,076,602","713,048","126,264","3.5166504863","68.7117372346","23.5937203237","4.1778919553"
"1985000000","","1985年","120","","女","250","","65～69歳","","2,412,411","57,378","1,322,601","947,139","81,360","2.3823344037","54.9143899176","39.3252087002","3.3780669783"
"1985000000","","1985年","120","","女","260","","70～74歳","","2,059,802","34,440","833,946","1,134,371","52,894","1.6753816674","40.5684622535","55.1830539327","2.5731021462"
"1985000000","","1985年","120","","女","280","","75～79歳","","1,475,915","19,348","387,455","1,035,637","29,709","1.3142691398","26.3190071113","70.3486535669","2.0180701817"
"1985000000","","1985年","120","","女","290","","80～84歳","","890,694","8,646","123,183","741,510","14,676","0.9736322021","13.8717251397","83.5019678721","1.6526747858"
"1985000000","","1985年","120","","女","310","","85歳以上","","529,272","4,330","27,593","487,979","7,556","0.8209184427","5.2313169958","92.5152334403","1.4325311209"
"1985000000","","1985年","120","","女","400","","（再掲）65歳以上","","7,368,094","124,142","2,694,778","4,346,636","186,195","1.6886045242","36.6549139109","59.1238196179","2.5326619467"
"1990000000","","1990年","110","","男","100","","総数","","48,956,149","15,271,129","31,256,440","1,175,337","901,317","31.4193460103","64.3080746296","2.418178766","1.8544005939"
"1990000000","","1990年","110","","男","150","","15～19歳","","5,122,215","5,045,638","13,990","15","157","99.7201075141","0.276493142","0.0002964544","0.0031028894"
"1990000000","","1990年","110","","男","160","","20～24歳","","4,468,199","4,118,695","276,913","558","5,585","93.5694681502","6.2909737511","0.0126767734","0.1268813251"
"1990000000","","1990年","110","","男","170","","25～29歳","","4,078,469","2,624,582","1,381,770","1,155","25,824","65.0723186368","34.2587801497","0.0286363802","0.6402648332"
"1990000000","","1990年","110","","男","180","","30～34歳","","3,925,353","1,280,043","2,560,955","3,040","54,531","32.8336628132","65.6896158564","0.0779773296","1.3987440006"
"1990000000","","1990年","110","","男","190","","35～39歳","","4,524,829","859,188","3,532,014","8,935","100,387","19.0908436439","78.4800614328","0.1985324375","2.2305624856"
"1990000000","","1990年","110","","男","200","","40～44歳","","5,349,985","626,864","4,509,120","21,876","162,280","11.7828478197","84.7556643246","0.4111921866","3.0502956689"
"1990000000","","1990年","110","","男","210","","45～49歳","","4,482,298","301,995","3,965,819","36,776","153,560","6.7739981831","88.9566075614","0.8249161647","3.4444780906"
"1990000000","","1990年","110","","男","220","","50～54歳","","3,997,248","173,255","3,613,682","57,977","132,168","4.3563346192","90.862647539","1.4577773352","3.3232405064"
"1990000000","","1990年","110","","男","230","","55～59歳","","3,783,367","111,338","3,454,774","92,291","107,709","2.9563114426","91.7331720352","2.4505644016","2.8599521203"
"1990000000","","1990年","110","","男","240","","60～64歳","","3,236,549","65,166","2,959,039","129,538","71,130","2.0207307388","91.7567606538","4.016840353","2.2056682542"
"1990000000","","1990年","110","","男","250","","65～69歳","","2,194,783","30,712","1,979,671","138,976","39,296","1.4032362341","90.4514873289","6.349835858","1.7954405788"
"1990000000","","1990年","110","","男","260","","70～74歳","","1,559,972","16,225","1,363,650","152,520","22,607","1.0434070181","87.6944209718","9.8083475133","1.4538244966"
"1990000000","","1990年","110","","男","280","","75～79歳","","1,197,457","9,878","975,314","192,024","15,127","0.8284528864","81.7981067528","16.1047618009","1.2686785597"
"1990000000","","1990年","110","","男","290","","80～84歳","","678,385","5,008","483,077","178,630","7,439","0.7428569733","71.6567727848","26.4969131682","1.1034570736"
"1990000000","","1990年","110","","男","310","","85歳以上","","357,040","2,542","186,652","161,026","3,517","0.7186129808","52.7657553493","45.5213901853","0.9942414844"
"1990000000","","1990年","110","","男","400","","（再掲）65歳以上","","5,987,637","64,365","4,988,364","823,176","87,986","1.0792450767","83.6427761674","13.8026667489","1.4753120068"
"1990000000","","1990年","120","","女","100","","総数","","51,842,422","12,149,579","31,289,895","6,395,705","1,677,442","23.5856354503","60.7421917048","12.4158019449","3.2563708998"
"1990000000","","1990年","120","","女","150","","15～19歳","","4,884,872","4,795,705","35,493","55","635","99.2511622785","0.734557589","0.0011382714","0.0131418609"
"1990000000","","1990年","120","","女","160","","20～24歳","","4,331,922","3,682,263","583,349","1,364","17,207","85.9501799993","13.6163417855","0.0318380423","0.4016401727"
"1990000000","","1990年","120","","女","170","","25～29歳","","3,992,244","1,604,279","2,295,605","4,234","64,318","40.4259763796","57.8465924611","0.1066919058","1.6207392534"
"1990000000","","1990年","120","","女","180","","30～34歳","","3,862,332","535,038","3,193,773","11,654","111,013","13.8917579173","82.9233089219","0.3025851374","2.8823480232"
"1990000000","","1990年","120","","女","190","","35～39歳","","4,478,951","336,200","3,910,560","33,340","188,412","7.5237573492","87.5136958343","0.7461096669","4.2164371495"
"1990000000","","1990年","120","","女","200","","40～44歳","","5,308,305","305,934","4,625,552","83,548","277,966","5.7799735499","87.3899867749","1.5784621197","5.2515775552"
"1990000000","","1990年","120","","女","210","","45～49歳","","4,535,714","207,203","3,918,562","152,577","241,289","4.5845114346","86.7009275757","3.3758729418","5.3386880477"
"1990000000","","1990年","120","","女","220","","50～54歳","","4,091,138","166,048","3,446,517","264,114","197,351","4.0757677287","84.5972415519","6.4828683146","4.8441224045"
"1990000000","","1990年","120","","女","230","","55～59歳","","3,941,521","164,585","3,151,070","436,744","169,466","4.1966003419","80.3462128349","11.1361303869","4.3210564361"
"1990000000","","1990年","120","","女","240","","60～64歳","","3,508,465","148,235","2,559,520","634,749","146,166","4.2490404652","73.3666411555","18.1945841825","4.1897341966"
"1990000000","","1990年","120","","女","250","","65～69歳","","2,908,793","98,806","1,775,261","900,757","113,871","3.4204372562","61.4554669149","31.1821428015","3.9419530272"
"1990000000","","1990年","120","","女","260","","70～74歳","","2,257,562","52,025","1,017,249","1,096,208","70,258","2.3269700412","45.4994319554","49.0311037956","3.1424942077"
"1990000000","","1990年","120","","女","280","","75～79歳","","1,820,756","30,306","541,907","1,181,846","43,898","1.6855797997","30.1401535186","65.7327177457","2.4415489358"
"1990000000","","1990年","120","","女","290","","80～84歳","","1,154,473","15,158","188,934","910,038","22,819","1.3332172331","16.6176319254","80.0421127069","2.0070381345"
"1990000000","","1990年","120","","女","310","","85歳以上","","765,374","7,794","46,543","684,477","12,773","1.0370056959","6.1926297288","91.0708939883","1.6994705869"
"1990000000","","1990年","120","","女","400","","（再掲）65歳以上","","8,906,958","204,089","3,569,894","4,773,326","263,619","2.3163167375","40.516662944","54.1750653279","2.9919549904"
"1995000000","","1995年","110","","男","100","","総数","","51,239,082","16,433,722","32,050,563","1,286,116","1,127,938","32.2873443866","62.969762137","2.5268329483","2.216060528"
"1995000000","","1995年","110","","男","150","","15～19歳","","4,385,775","4,350,614","11,386","72","290","99.7306963521","0.2610053911","0.001650482","0.0066477747"
"1995000000","","1995年","110","","男","160","","20～24歳","","5,041,228","4,669,603","326,801","455","8,348","93.2949026883","6.5292204698","0.0090905331","0.1667863087"
"1995000000","","1995年","110","","男","170","","25～29歳","","4,452,125","2,976,695","1,407,624","1,077","33,706","67.3597260257","31.8531683586","0.0243714673","0.7627341482"
"1995000000","","1995年","110","","男","180","","30～34歳","","4,113,849","1,532,671","2,483,181","2,769","67,711","37.5072558959","60.7679699055","0.0677624823","1.6570117161"
"1995000000","","1995年","110","","男","190","","35～39歳","","3,945,809","892,062","2,930,957","6,298","93,934","22.7378263588","74.7073536717","0.1605301317","2.3942898376"
"1995000000","","1995年","110","","男","200","","40～44歳","","4,527,352","743,129","3,593,754","17,018","145,489","16.5162166427","79.872027097","0.3782290488","3.2335272114"
"1995000000","","1995年","110","","男","210","","45～49歳","","5,328,335","596,158","4,444,116","38,610","211,544","11.2686156961","84.0029577947","0.7298086279","3.9986178811"
"1995000000","","1995年","110","","男","220","","50～54歳","","4,421,787","294,395","3,847,664","60,443","183,762","6.7117483124","87.7207573461","1.3780064309","4.1894879104"
"1995000000","","1995年","110","","男","230","","55～59歳","","3,906,621","169,640","3,468,516","90,062","145,757","4.3789647584","89.5337734497","2.324795591","3.7624662007"
"1995000000","","1995年","110","","男","240","","60～64歳","","3,611,948","102,951","3,232,671","137,235","108,471","2.8746599026","90.2645890016","3.8319584243","3.0287926713"
"1995000000","","1995年","110","","男","250","","65～69歳","","2,998,706","56,571","2,672,067","181,382","66,032","1.9008740438","89.7856287457","6.094718775","2.2187784353"
"1995000000","","1995年","110","","男","260","","70～74歳","","1,941,558","26,275","1,695,495","183,306","32,847","1.3558330232","87.4903182427","9.4588897494","1.6949589844"
"1995000000","","1995年","110","","男","280","","75～79歳","","1,260,411","12,690","1,048,895","179,590","16,476","1.0090239661","83.4011184342","14.2797962232","1.3100613763"
"1995000000","","1995年","110","","男","290","","80～84歳","","824,492","6,530","617,075","189,494","9,050","0.7942599212","75.056346234","23.0486201406","1.100773704"
"1995000000","","1995年","110","","男","310","","85歳以上","","479,086","3,738","270,361","198,305","4,521","0.7837710331","56.688368192","41.5799129842","0.9479477905"
"1995000000","","1995年","110","","男","400","","（再掲）65歳以上","","7,504,253","105,804","6,303,893","932,077","128,926","1.4162528277","84.3815572837","12.4764346045","1.7257552839"
"1995000000","","1995年","120","","女","100","","総数","","54,186,461","13,028,024","32,038,790","6,900,957","1,987,488","24.1459762059","59.3802913632","12.7901471105","3.6835853202"
"1995000000","","1995年","120","","女","150","","15～19歳","","4,172,183","4,124,285","27,105","82","879","99.3240937483","0.652762736","0.0019747848","0.0211687306"
"1995000000","","1995年","120","","女","160","","20～24歳","","4,853,773","4,192,092","610,511","991","24,586","86.8255118906","12.6447439822","0.0205253325","0.5092187946"
"1995000000","","1995年","120","","女","170","","25～29歳","","4,336,016","2,082,439","2,151,902","3,776","79,645","48.2295920896","49.8383653383","0.0874527127","1.8445898592"
"1995000000","","1995年","120","","女","180","","30～34歳","","4,012,606","789,679","3,063,708","10,410","136,900","19.7385355601","76.5793560472","0.2602046593","3.4219037332"
"1995000000","","1995年","120","","女","190","","35～39歳","","3,876,412","389,150","3,283,532","23,600","170,788","10.0631744447","84.9100740353","0.6102811689","4.4164703509"
"1995000000","","1995年","120","","女","200","","40～44歳","","4,478,720","302,055","3,854,628","60,330","250,313","6.7614273057","86.2849051087","1.3504722959","5.6031952895"
"1995000000","","1995年","120","","女","210","","45～49歳","","5,290,031","297,368","4,499,156","139,355","337,387","5.6391617642","85.3201033287","2.6426696472","6.3980652597"
"1995000000","","1995年","120","","女","220","","50～54歳","","4,500,131","204,359","3,769,475","240,249","269,090","4.5583563248","84.0805161879","5.3589054002","6.0022220869"
"1995000000","","1995年","120","","女","230","","55～59歳","","4,046,859","165,572","3,260,008","397,379","206,281","4.1092612998","80.9087569864","9.8623809949","5.1196007187"
"1995000000","","1995年","120","","女","240","","60～64歳","","3,863,161","159,584","2,884,301","633,025","166,980","4.151627648","75.035992185","16.4683432668","4.3440369001"
"1995000000","","1995年","120","","女","250","","65～69歳","","3,397,372","142,066","2,227,109","873,624","137,530","4.2027270126","65.8843858097","25.8443482868","4.0685388907"
"1995000000","","1995年","120","","女","260","","70～74歳","","2,753,609","92,919","1,396,411","1,151,301","100,810","3.3894218405","50.9371166477","41.9961983497","3.6772631619"
"1995000000","","1995年","120","","女","280","","75～79歳","","2,028,656","46,792","669,266","1,242,957","56,970","2.3210490157","33.1979652626","61.6550718383","2.8259138832"
"1995000000","","1995年","120","","女","290","","80～84歳","","1,476,273","24,802","270,517","1,137,858","31,333","1.6935357218","18.4715024137","77.695474937","2.1394869273"
"1995000000","","1995年","120","","女","310","","85歳以上","","1,100,659","14,862","71,161","986,020","17,996","1.3634374549","6.5282985287","90.4573139126","1.6509501036"
"1995000000","","1995年","120","","女","400","","（再掲）65歳以上","","10,756,569","321,441","4,634,464","5,391,760","344,639","3.0062837719","43.3439228813","50.4265497875","3.2232435591"
"2000000000","","2000年","110","","男","100","","総数","","52,503,471","16,679,779","32,448,465","1,397,357","1,417,508","32.1116300527","62.4692391824","2.6901681992","2.7289625655"
"2000000000","","2000年","110","","男","150","","15～19歳","","3,833,984","3,816,047","16,920","154","551","99.5402580085","0.4413523118","0.0040170364","0.0143726432"
"2000000000","","2000年","110","","男","160","","20～24歳","","4,307,242","4,000,637","294,484","791","10,322","92.9033814697","6.8385508079","0.0183687184","0.2396990038"
"2000000000","","2000年","110","","男","170","","25～29歳","","4,965,277","3,443,015","1,470,696","1,613","48,522","69.3618416042","29.628155265","0.0324949645","0.977508166"
"2000000000","","2000年","110","","男","180","","30～34歳","","4,436,818","1,903,068","2,437,978","3,099","90,669","42.9120138973","54.9736245984","0.0698789171","2.044482587"
"2000000000","","2000年","110","","男","190","","35～39歳","","4,096,286","1,052,260","2,833,109","6,282","121,394","26.2209868067","70.5974889391","0.1565394856","3.0249847684"
"2000000000","","2000年","110","","男","200","","40～44歳","","3,924,171","721,530","2,984,913","12,517","141,610","18.6897271646","77.3179349163","0.3242267333","3.6681111856"
"2000000000","","2000年","110","","男","210","","45～49歳","","4,467,772","653,002","3,522,309","30,336","193,593","14.8435184259","80.0663069075","0.6895736536","4.4006010129"
"2000000000","","2000年","110","","男","220","","50～54歳","","5,210,038","528,318","4,282,313","63,101","255,282","10.3005762901","83.4919343172","1.2302754486","4.977213944"
"2000000000","","2000年","110","","男","230","","55～59歳","","4,290,239","257,034","3,673,315","92,405","202,080","6.0838840058","86.9457829585","2.1871865261","4.7831465094"
"2000000000","","2000年","110","","男","240","","60～64歳","","3,749,528","143,840","3,270,877","131,390","151,410","3.8901781925","88.4614458838","3.5534657447","4.0949101789"
"2000000000","","2000年","110","","男","250","","65～69歳","","3,357,281","84,793","2,935,426","188,041","103,523","2.5603428727","88.6358194362","5.6779384398","3.1258992512"
"2000000000","","2000年","110","","男","260","","70～74歳","","2,670,270","44,191","2,300,197","233,097","56,781","1.6775450922","87.3183270026","8.8486508196","2.1554770854"
"2000000000","","2000年","110","","男","280","","75～79歳","","1,625,822","18,814","1,338,925","216,047","24,923","1.1768245503","83.7503885947","13.5138414808","1.558945374"
"2000000000","","2000年","110","","男","290","","80～84歳","","915,268","8,004","697,993","180,982","10,609","0.8917231513","77.7631831085","20.1631483486","1.1819453914"
"2000000000","","2000年","110","","男","310","","85歳以上","","653,475","5,226","389,010","237,502","6,239","0.8191517876","60.9755524101","37.2273608609","0.9779349412"
"2000000000","","2000年","110","","男","400","","（再掲）65歳以上","","9,222,116","161,028","7,661,551","1,055,669","202,075","1.7733730397","84.3753135213","11.6258970082","2.2254164306"
"2000000000","","2000年","120","","女","100","","総数","","55,721,312","13,200,879","32,435,405","7,232,559","2,427,759","23.8728575039","58.6571395472","13.0795722312","4.3904307176"
"2000000000","","2000年","120","","女","150","","15～19歳","","3,654,181","3,620,894","31,216","125","1,566","99.0993762386","0.8543431894","0.0034210949","0.042859477"
"2000000000","","2000年","120","","女","160","","20～24歳","","4,114,218","3,618,109","466,018","1,069","27,518","87.9737565023","11.3311550474","0.0259925684","0.6690958816"
"2000000000","","2000年","120","","女","170","","25～29歳","","4,825,032","2,603,571","2,099,428","3,935","114,527","53.9996279136","43.5433989821","0.0816142658","2.3753588383"
"2000000000","","2000年","120","","女","180","","30～34歳","","4,339,792","1,152,328","2,989,254","9,961","183,265","26.5831381689","68.9593172292","0.2297910311","4.2277535706"
"2000000000","","2000年","120","","女","190","","35～39歳","","4,018,579","555,176","3,180,969","21,953","224,628","13.9395981546","79.8691398805","0.5512053804","5.6400565843"
"2000000000","","2000年","120","","女","200","","40～44歳","","3,876,048","332,655","3,227,728","44,707","243,002","8.6446737759","83.8786598657","1.1617965474","6.3148698108"
"2000000000","","2000年","120","","女","210","","45～49歳","","4,448,236","278,868","3,723,995","102,392","311,019","6.3145538524","84.3243648378","2.3185155631","7.0425657465"
"2000000000","","2000年","120","","女","220","","50～54歳","","5,231,952","276,883","4,309,231","220,934","383,260","5.3346159804","83.0245719521","4.256664537","7.3841475303"
"2000000000","","2000年","120","","女","230","","55～59歳","","4,443,933","190,348","3,570,579","359,817","284,249","4.3211873435","81.0575408405","8.1683898249","6.4528819909"
"2000000000","","2000年","120","","女","240","","60～64歳","","3,986,305","152,497","3,018,610","570,005","207,806","3.8617413681","76.4414454794","14.4344602749","5.2623528774"
"2000000000","","2000年","120","","女","250","","65～69歳","","3,748,658","146,921","2,540,546","861,025","160,369","3.9613509376","68.4993586979","23.2153483239","4.3239420404"
"2000000000","","2000年","120","","女","260","","70～74歳","","3,230,306","127,998","1,812,462","1,125,820","125,471","4.0102752376","56.7858206984","35.272801669","3.9311023948"
"2000000000","","2000年","120","","女","280","","75～79歳","","2,524,778","81,393","978,129","1,337,988","86,949","3.2760854576","39.3698990403","53.8542998697","3.4997156322"
"2000000000","","2000年","120","","女","290","","80～84歳","","1,699,421","37,948","365,560","1,214,695","44,696","2.2820387768","21.9832954376","73.0468296631","2.6878361223"
"2000000000","","2000年","120","","女","310","","85歳以上","","1,579,873","25,290","121,680","1,358,133","29,434","1.6480541036","7.9294275732","88.5044153383","1.9181029848"
"2000000000","","2000年","120","","女","400","","（再掲）65歳以上","","12,783,036","419,550","5,818,377","5,897,661","446,919","3.3343911511","46.2417942624","46.8719071644","3.5519074219"
"2005000000","","2005年","110","","男","100","","総数","","53,085,562","16,685,861","32,260,481","1,515,271","1,744,045","31.961786594","61.7949897308","2.9025034029","3.3407202721"
"2005000000","","2005年","110","","男","150","","15～19歳","","3,373,430","3,360,961","11,599","170","567","99.6343043615","0.343847577","0.0050395799","0.0168084814"
"2005000000","","2005年","110","","男","160","","20～24歳","","3,754,822","3,508,621","233,821","666","11,054","93.4594990839","6.2283140684","0.0177403106","0.2944465369"
"2005000000","","2005年","110","","男","170","","25～29歳","","4,198,551","2,998,565","1,151,706","1,164","45,927","71.4392754306","27.4388056117","0.0277317038","1.0941872538"
"2005000000","","2005年","110","","男","180","","30～34歳","","4,933,265","2,322,140","2,494,678","2,933","110,631","47.0985818137","50.5980672491","0.0594882911","2.2438626459"
"2005000000","","2005年","110","","男","190","","35～39歳","","4,402,787","1,320,943","2,760,286","5,851","153,470","31.150275318","65.0926412847","0.137977385","3.6191060121"
"2005000000","","2005年","110","","男","200","","40～44歳","","4,065,470","895,788","2,857,606","10,922","181,966","22.6995435196","72.412615216","0.2767668402","4.6110744239"
"2005000000","","2005年","110","","男","210","","45～49歳","","3,867,500","662,971","2,897,697","20,675","194,861","17.5565462035","76.7357113122","0.5475074969","5.1602349873"
"2005000000","","2005年","110","","男","220","","50～54歳","","4,383,240","615,173","3,382,617","47,034","240,383","14.3557359072","78.9370735182","1.097589918","5.6096006563"
"2005000000","","2005年","110","","男","230","","55～59歳","","5,077,369","499,406","4,086,911","93,966","287,185","10.0535323025","82.2735244595","1.8916276863","5.7813155515"
"2005000000","","2005年","110","","男","240","","60～64歳","","4,154,529","241,618","3,486,684","132,493","211,580","5.9330980079","85.6179502133","3.2534577488","5.1954940298"
"2005000000","","2005年","110","","男","250","","65～69歳","","3,545,006","131,834","3,022,549","177,943","147,361","3.7886740962","86.8626689699","5.1137645426","4.2348923911"
"2005000000","","2005年","110","","男","260","","70～74歳","","3,039,743","72,734","2,582,480","239,345","90,510","2.4365935929","86.5132430774","8.018072614","3.0320907154"
"2005000000","","2005年","110","","男","280","","75～79歳","","2,256,317","35,043","1,857,719","277,127","43,609","1.5831502897","83.9268433944","12.5198667448","1.9701395709"
"2005000000","","2005年","110","","男","290","","80～84歳","","1,222,635","13,288","934,514","230,423","16,704","1.1120325977","78.206654956","19.2834051228","1.3979073233"
"2005000000","","2005年","110","","男","310","","85歳以上","","810,898","6,776","499,614","274,559","8,237","0.8586062094","63.3075092563","34.7901508643","1.0437336698"
"2005000000","","2005年","110","","男","400","","（再掲）65歳以上","","10,874,599","259,675","8,896,876","1,199,397","306,421","2.4354343767","83.4418317355","11.2488791187","2.873854769"
"2005000000","","2005年","120","","女","100","","総数","","56,678,857","13,146,676","32,322,674","7,660,400","2,957,400","23.4397290645","57.6293749994","13.6580304044","5.2728655315"
"2005000000","","2005年","120","","女","150","","15～19歳","","3,194,950","3,167,568","25,296","143","1,693","99.1507183773","0.7918114376","0.0044761636","0.0529940213"
"2005000000","","2005年","120","","女","160","","20～24歳","","3,595,776","3,189,283","373,193","859","30,685","88.7385991174","10.3837207361","0.023900813","0.8537793334"
"2005000000","","2005年","120","","女","170","","25～29歳","","4,081,498","2,408,810","1,559,535","2,810","106,578","59.0722835457","38.2451474875","0.0689108384","2.6136581281"
"2005000000","","2005年","120","","女","180","","30～34歳","","4,821,592","1,541,338","3,025,065","9,174","238,537","32.0170648223","62.8374193049","0.1905646604","4.9549512122"
"2005000000","","2005年","120","","女","190","","35～39歳","","4,332,994","796,531","3,135,144","19,888","297,560","18.7457741279","73.7833195226","0.4680495245","7.0028568248"
"2005000000","","2005年","120","","女","200","","40～44歳","","4,015,126","484,119","3,110,749","39,699","320,315","12.2410478997","78.6559245004","1.003797332","8.0992302678"
"2005000000","","2005年","120","","女","210","","45～49歳","","3,858,361","316,596","3,107,818","75,483","312,315","8.3047847286","81.5226960095","1.9800315407","8.192487721"
"2005000000","","2005年","120","","女","220","","50～54歳","","4,413,259","270,777","3,572,487","161,597","360,110","6.2034089115","81.8444612804","3.7021322707","8.2499975372"
"2005000000","","2005年","120","","女","230","","55～59歳","","5,177,795","269,439","4,102,845","334,036","413,674","5.2624866357","80.133785313","6.5241482704","8.0795797807"
"2005000000","","2005年","120","","女","240","","60～64歳","","4,390,100","185,392","3,340,909","520,731","293,915","4.2707731746","76.9626765772","11.9957926231","6.770757625"
"2005000000","","2005年","120","","女","250","","65～69歳","","3,887,604","147,348","2,706,828","780,515","205,351","3.8371455312","70.4895415206","20.3256891461","5.347623802"
"2005000000","","2005年","120","","女","260","","70～74歳","","3,597,754","138,908","2,133,266","1,127,505","150,004","3.9132508452","60.0973664408","31.7635405753","4.2258421385"
"2005000000","","2005年","120","","女","280","","75～79歳","","3,006,484","117,661","1,351,519","1,381,373","111,167","3.9727253082","45.6329092554","46.6409046094","3.7534608268"
"2005000000","","2005年","120","","女","290","","80～84歳","","2,189,758","69,847","584,148","1,425,281","70,348","3.2492659181","27.1744267834","66.3037349787","3.2725723196"
"2005000000","","2005年","120","","女","310","","85歳以上","","2,115,806","43,059","193,872","1,781,306","45,148","2.0868136581","9.3958228832","86.3293083937","2.1880550648"
"2005000000","","2005年","120","","女","400","","（再掲）65歳以上","","14,797,406","516,823","6,969,633","6,495,980","582,018","3.5485229999","47.853719748","44.6016033282","3.9961539237"
"2010000000","","2010年","110","","男","100","","総数","","53,154,614","16,639,477","31,859,086","1,607,831","1,999,374","31.9340403926","61.1431079952","3.0857063655","3.8371452465"
"2010000000","","2010年","110","","男","150","","15～19歳","","3,109,229","3,079,593","9,775","183","579","99.6590111095","0.3163297337","0.0059220809","0.0187370757"
"2010000000","","2010年","110","","男","160","","20～24歳","","3,266,240","2,986,237","180,627","797","8,442","94.0220452548","5.6870636752","0.0250936446","0.2657974253"
"2010000000","","2010年","110","","男","170","","25～29歳","","3,691,723","2,553,724","965,873","1,019","38,250","71.7566775484","27.1399091733","0.0286327161","1.0747805621"
"2010000000","","2010年","110","","男","180","","30～34歳","","4,221,011","1,941,000","2,069,073","2,278","89,791","47.3167433014","50.4388439015","0.0555319635","2.1888808334"
"2010000000","","2010年","110","","男","190","","35～39歳","","4,950,122","1,721,222","2,940,178","5,755","165,569","35.6159797248","60.8389388676","0.1190839783","3.4259974291"
"2010000000","","2010年","110","","男","200","","40～44歳","","4,400,375","1,230,946","2,855,463","10,264","206,118","28.6080825213","66.3630420348","0.2385428434","4.7903326003"
"2010000000","","2010年","110","","男","210","","45～49歳","","4,027,969","887,283","2,816,301","18,099","228,786","22.4601939668","71.2902948991","0.4581481338","5.7913630001"
"2010000000","","2010年","110","","男","220","","50～54歳","","3,809,576","667,268","2,811,756","32,723","234,749","17.8104554228","75.0502869881","0.8734294658","6.2658281231"
"2010000000","","2010年","110","","男","230","","55～59歳","","4,287,489","619,273","3,258,897","69,975","269,163","14.6840828319","77.2743418313","1.659233805","6.3823415316"
"2010000000","","2010年","110","","男","240","","60～64歳","","4,920,468","500,374","3,902,181","135,940","306,732","10.3271528867","80.536598182","2.8056477023","6.3306012287"
"2010000000","","2010年","110","","男","250","","65～69歳","","3,921,774","235,184","3,240,554","180,384","207,284","6.087478251","83.878163465","4.6690407376","5.3653175462"
"2010000000","","2010年","110","","男","260","","70～74歳","","3,225,503","120,087","2,697,240","229,984","132,496","3.7765499604","84.8240160487","7.2326402199","4.1667937708"
"2010000000","","2010年","110","","男","280","","75～79歳","","2,582,940","60,841","2,127,983","286,851","71,521","2.3885480347","83.5421773589","11.2614419934","2.8078326128"
"2010000000","","2010年","110","","男","290","","80～84歳","","1,692,584","26,462","1,314,262","298,543","28,643","1.5865364438","78.7969374846","17.8992271765","1.717298895"
"2010000000","","2010年","110","","男","310","","85歳以上","","1,047,611","9,983","668,923","335,036","11,251","0.9737678661","65.2484946736","32.6802855657","1.0974518944"
"2010000000","","2010年","110","","男","400","","（再掲）65歳以上","","12,470,412","452,557","10,048,962","1,330,798","451,195","3.684263914","81.8085414008","10.834018805","3.6731758799"
"2010000000","","2010年","120","","女","100","","総数","","57,122,871","13,090,455","31,926,676","7,800,701","3,283,209","23.3337114011","56.9092398838","13.9047348515","5.8523138634"
"2010000000","","2010年","120","","女","150","","15～19歳","","2,954,128","2,921,464","17,234","269","1,386","99.3575941392","0.5861201019","0.0091485614","0.0471371974"
"2010000000","","2010年","120","","女","160","","20～24歳","","3,160,193","2,776,114","294,389","1,535","24,780","89.6440798264","9.5061769855","0.0495670071","0.8001761808"
"2010000000","","2010年","120","","女","170","","25～29歳","","3,601,978","2,121,465","1,303,214","2,673","89,171","60.3284835617","37.0597320136","0.076012584","2.5357718405"
"2010000000","","2010年","120","","女","180","","30～34歳","","4,120,486","1,396,332","2,460,055","6,558","181,535","34.5243887965","60.825000989","0.1621469261","4.4884632882"
"2010000000","","2010年","120","","女","190","","35～39歳","","4,836,227","1,097,468","3,317,927","17,238","322,483","23.0797313882","69.7759423744","0.3625148156","6.7818114216"
"2010000000","","2010年","120","","女","200","","40～44歳","","4,341,490","741,256","3,124,351","33,873","368,420","17.3681670142","73.2058155064","0.7936690175","8.6323484617"
"2010000000","","2010年","120","","女","210","","45～49歳","","4,005,147","495,123","3,011,616","64,380","372,758","12.554220124","76.3618135149","1.6324038503","9.4515625106"
"2010000000","","2010年","120","","女","220","","50～54歳","","3,834,923","328,540","2,993,131","117,368","348,024","8.6753243872","79.0356801563","3.0991826647","9.1898127916"
"2010000000","","2010年","120","","女","230","","55～59歳","","4,376,245","281,533","3,419,369","242,217","381,432","6.5101093732","79.0687634392","5.6009745289","8.8201526586"
"2010000000","","2010年","120","","女","240","","60～64歳","","5,116,781","278,741","3,868,281","483,457","422,608","5.5162517486","76.5528280039","9.5675574158","8.3633628314"
"2010000000","","2010年","120","","女","250","","65～69歳","","4,288,399","190,385","3,031,887","716,673","286,393","4.5057933826","71.7548986613","16.9613176508","6.7779903051"
"2010000000","","2010年","120","","女","260","","70～74歳","","3,737,799","147,580","2,307,623","1,025,903","191,394","4.0185159972","62.8352076242","27.9347311095","5.2115452688"
"2010000000","","2010年","120","","女","280","","75～79歳","","3,358,073","132,950","1,624,296","1,396,994","131,938","4.0457333717","49.4281198401","42.5112090702","4.0149377179"
"2010000000","","2010年","120","","女","290","","80～84歳","","2,643,680","104,833","842,483","1,532,194","90,169","4.0796146133","32.7855346912","59.6258910159","3.5089596793"
"2010000000","","2010年","120","","女","310","","85歳以上","","2,747,322","76,671","310,820","2,159,369","70,718","2.9290817694","11.8743357409","82.4949246975","2.701657792"
"2010000000","","2010年","120","","女","400","","（再掲）65歳以上","","16,775,273","652,419","8,117,109","6,831,133","770,612","3.9851451991","49.5814161794","41.7263397904","4.7070988309"
"2015000000","","2015年","110","","男","100","","総数","","52,879,791","16,323,713","31,235,973","1,655,848","2,108,908","31.8049497742","60.8598394504","3.2262367314","4.108974044"
"2015000000","","2015年","110","","男","150","","15～19歳","","3,085,416","3,042,192","9,552","204","653","99.6590121015","0.3129134794","0.0066828256","0.0213915936"
"2015000000","","2015年","110","","男","160","","20～24歳","","3,046,392","2,755,989","137,890","585","6,436","95.0046192561","4.7533524079","0.0201661553","0.2218621807"
"2015000000","","2015年","110","","男","170","","25～29歳","","3,255,717","2,222,616","804,558","792","28,221","72.7251310211","26.3255487966","0.0259146446","0.9234055377"
"2015000000","","2015年","110","","男","180","","30～34歳","","3,684,747","1,648,679","1,779,339","1,689","71,643","47.0869521756","50.8186556614","0.0482385366","2.0461536265"
"2015000000","","2015年","110","","男","190","","35～39歳","","4,204,202","1,416,172","2,496,236","4,163","126,664","35.0257157944","61.73858309","0.1029621083","3.1327390073"
"2015000000","","2015年","110","","男","200","","40～44歳","","4,914,018","1,423,716","3,109,270","9,655","208,673","29.9646792445","65.44021296","0.2032069444","4.391900851"
"2015000000","","2015年","110","","男","210","","45～49歳","","4,354,877","1,092,022","2,867,235","16,643","243,280","25.8823278457","67.9571622922","0.394460535","5.7660493271"
"2015000000","","2015年","110","","男","220","","50～54歳","","3,968,311","806,163","2,769,165","28,814","260,642","20.8591993757","71.6512229403","0.7455526622","6.7440250218"
"2015000000","","2015年","110","","男","230","","55～59歳","","3,729,523","607,248","2,735,458","49,941","254,140","16.6515894677","75.0100842193","1.3694520684","6.9688742446"
"2015000000","","2015年","110","","男","240","","60～64歳","","4,151,119","552,221","3,131,147","101,706","278,413","13.5898306061","77.0556667217","2.5029242126","6.8515784596"
"2015000000","","2015年","110","","男","250","","65～69歳","","4,659,662","425,752","3,666,938","184,505","290,412","9.3211171627","80.2813814761","4.039423707","6.3580776542"
"2015000000","","2015年","110","","男","260","","70～74歳","","3,582,440","185,974","2,927,300","227,574","176,234","5.2877356854","83.2309283662","6.4705343805","5.0108015679"
"2015000000","","2015年","110","","男","280","","75～79歳","","2,787,417","87,546","2,280,631","273,290","99,976","3.1934276948","83.1908961813","9.9688375793","3.6468385445"
"2015000000","","2015年","110","","男","290","","80～84歳","","1,994,326","39,750","1,566,621","310,895","45,208","2.0255045417","79.8288792616","15.8419933207","2.303622876"
"2015000000","","2015年","110","","男","310","","85歳以上","","1,461,624","17,673","954,633","445,392","18,313","1.230700879","66.4781119365","31.0159184017","1.2752687828"
"2015000000","","2015年","110","","男","400","","（再掲）65歳以上","","14,485,469","756,695","11,396,123","1,441,656","630,143","5.3196159868","80.1154997706","10.1349372008","4.4299470418"
"2015000000","","2015年","120","","女","100","","総数","","56,874,386","12,917,818","31,389,002","7,922,828","3,487,208","23.1847575893","56.3366353622","14.2198045058","6.2588025426"
"2015000000","","2015年","120","","女","150","","15～19歳","","2,922,972","2,881,593","14,859","247","1,186","99.437796876","0.5127532666","0.0085234576","0.0409263998"
"2015000000","","2015年","120","","女","160","","20～24歳","","2,921,735","2,572,112","224,043","1,022","18,034","91.3648035618","7.9583022374","0.0363027851","0.6405914157"
"2015000000","","2015年","120","","女","170","","25～29歳","","3,153,895","1,852,959","1,096,784","1,650","69,247","61.3432583823","36.3096562318","0.0546241856","2.2924612003"
"2015000000","","2015年","120","","女","180","","30～34歳","","3,606,131","1,211,351","2,134,029","4,535","148,684","34.6238880192","60.9966732398","0.1296233149","4.2498154261"
"2015000000","","2015年","120","","女","190","","35～39歳","","4,111,955","959,761","2,806,343","11,473","244,466","23.8625245926","69.7740675572","0.2852530418","6.0781548084"
"2015000000","","2015年","120","","女","200","","40～44歳","","4,818,200","913,188","3,395,079","28,605","394,662","19.3000409592","71.7542978662","0.6045608042","8.3411003704"
"2015000000","","2015年","120","","女","210","","45～49歳","","4,307,927","683,887","3,078,307","53,333","421,279","16.1415698524","72.6563123258","1.2588020315","9.9433157902"
"2015000000","","2015年","120","","女","220","","50～54歳","","3,961,985","467,837","2,934,057","97,949","406,761","11.9755419285","75.1050528797","2.5072671814","10.4121380104"
"2015000000","","2015年","120","","女","230","","55～59歳","","3,785,723","312,233","2,890,742","174,754","361,763","8.349610054","77.3030668337","4.6732016006","9.6741215117"
"2015000000","","2015年","120","","女","240","","60～64歳","","4,303,891","264,934","3,251,085","352,866","382,328","6.2319625011","76.4742909847","8.3003603913","8.993386123"
"2015000000","","2015年","120","","女","250","","65～69歳","","4,984,205","259,014","3,569,090","680,404","409,556","5.2665845747","72.5710360825","13.8347935285","8.3275858143"
"2015000000","","2015年","120","","女","260","","70～74歳","","4,113,371","175,233","2,644,187","966,504","264,572","4.3262109134","65.2805730459","23.8613740144","6.5318420263"
"2015000000","","2015年","120","","女","280","","75～79歳","","3,489,439","132,730","1,816,164","1,307,458","166,084","3.8782317624","53.0664123449","38.2025551391","4.8528007536"
"2015000000","","2015年","120","","女","290","","80～84歳","","2,967,094","113,000","1,054,464","1,622,682","104,912","3.903203321","36.4228972269","56.0500687724","3.6238306797"
"2015000000","","2015年","120","","女","310","","85歳以上","","3,425,863","117,986","479,769","2,619,346","93,674","3.5636973216","14.4911387817","79.1157961504","2.8293677462"
"2015000000","","2015年","120","","女","400","","（再掲）65歳以上","","18,979,972","797,963","9,563,674","7,196,394","1,038,798","4.2908551775","51.4263695171","38.6968875178","5.5858877876"
"2020000000","","2020年","110","","男","100","","総数","","52,098,467","15,835,922","30,137,936","1,574,230","2,053,934","31.92596","60.75949","3.17372","4.14083"
"2020000000","","2020年","110","","男","150","","15～19歳","","2,880,029","2,855,096","6,466","159","511","99.75068","0.22591","0.00556","0.01785"
"2020000000","","2020年","110","","男","160","","20～24歳","","3,017,869","2,669,610","127,206","392","5,746","95.24273","4.53828","0.01399","0.205"
"2020000000","","2020年","110","","男","170","","25～29歳","","3,074,087","2,009,359","723,766","527","23,554","72.87664","26.24998","0.01911","0.85427"
"2020000000","","2020年","110","","男","180","","30～34歳","","3,297,031","1,440,358","1,544,254","1,097","56,010","47.35342","50.76912","0.03607","1.84139"
"2020000000","","2020年","110","","男","190","","35～39歳","","3,696,855","1,197,991","2,167,352","2,997","99,709","34.54366","62.49485","0.08642","2.87507"
"2020000000","","2020年","110","","男","200","","40～44歳","","4,189,446","1,154,540","2,654,875","6,926","155,184","29.07045","66.84775","0.17439","3.90742"
"2020000000","","2020年","110","","男","210","","45～49歳","","4,862,990","1,254,286","3,113,037","15,861","236,563","27.15053","67.38544","0.34333","5.12069"
"2020000000","","2020年","110","","男","220","","50～54歳","","4,277,003","984,378","2,792,562","25,082","261,447","24.22506","68.7236","0.61726","6.43408"
"2020000000","","2020年","110","","男","230","","55～59歳","","3,865,303","725,910","2,668,672","41,549","265,573","19.61016","72.09307","1.12243","7.17434"
"2020000000","","2020年","110","","男","240","","60～64歳","","3,592,903","535,989","2,613,155","68,929","248,918","15.45977","75.37242","1.98815","7.17966"
"2020000000","","2020年","110","","男","250","","65～69歳","","3,910,060","465,528","2,937,986","130,356","249,490","12.30462","77.65547","3.44551","6.5944"
"2020000000","","2020年","110","","男","260","","70～74歳","","4,249,286","333,926","3,322,715","224,594","235,793","8.11085","80.70664","5.45525","5.72726"
"2020000000","","2020年","110","","男","280","","75～79歳","","3,092,860","128,977","2,489,953","256,495","125,024","4.29859","82.98601","8.54855","4.16684"
"2020000000","","2020年","110","","男","290","","80～84歳","","2,196,093","53,308","1,726,193","286,265","61,144","2.50636","81.15966","13.4592","2.87478"
"2020000000","","2020年","110","","男","310","","85歳以上","","1,896,652","26,666","1,249,744","513,001","29,268","1.46623","68.71713","28.20734","1.6093"
"2020000000","","2020年","110","","男","400","","（再掲）65歳以上","","15,344,951","1,008,405","11,726,591","1,410,711","700,719","6.79224","78.98595","9.50202","4.71978"
"2020000000","","2020年","120","","女","100","","総数","","56,160,102","12,650,721","30,330,906","7,508,978","3,547,821","23.4106","56.1284","13.89563","6.56537"
"2020000000","","2020年","120","","女","150","","15～19歳","","2,737,411","2,713,902","9,134","220","775","99.62816","0.33531","0.00808","0.02845"
"2020000000","","2020年","120","","女","160","","20～24歳","","2,913,437","2,537,761","195,541","874","14,123","92.33933","7.11498","0.0318","0.51388"
"2020000000","","2020年","120","","女","170","","25～29歳","","2,957,877","1,720,868","978,633","1,335","55,727","62.42803","35.50193","0.04843","2.02161"
"2020000000","","2020年","120","","女","180","","30～34歳","","3,187,563","1,070,318","1,842,521","3,157","120,371","35.24995","60.68176","0.10397","3.96431"
"2020000000","","2020年","120","","女","190","","35～39歳","","3,614,712","822,942","2,447,690","8,218","202,379","23.63941","70.31109","0.23607","5.81344"
"2020000000","","2020年","120","","女","200","","40～44歳","","4,101,631","769,440","2,880,530","19,259","298,483","19.39254","72.59927","0.48539","7.5228"
"2020000000","","2020年","120","","女","210","","45～49歳","","4,787,303","813,608","3,331,082","44,978","441,243","17.56907","71.93146","0.97126","9.52821"
"2020000000","","2020年","120","","女","220","","50～54歳","","4,262,848","626,024","2,976,025","78,587","446,233","15.16947","72.11339","1.90428","10.81287"
"2020000000","","2020年","120","","女","230","","55～59歳","","3,902,179","430,090","2,814,453","140,838","413,663","11.32101","74.08319","3.7072","10.88861"
"2020000000","","2020年","120","","女","240","","60～64歳","","3,704,287","285,484","2,736,233","245,766","356,258","7.87816","75.50851","6.78211","9.83122"
"2020000000","","2020年","120","","女","250","","65～69歳","","4,165,208","238,610","2,996,530","478,912","361,229","5.85506","73.52941","11.75163","8.8639"
"2020000000","","2020年","120","","女","260","","70～74歳","","4,762,509","228,799","3,140,917","894,085","368,419","4.93929","67.80587","19.30144","7.9534"
"2020000000","","2020年","120","","女","280","","75～79歳","","3,838,068","149,577","2,117,338","1,199,867","223,840","4.05289","57.37076","32.51124","6.0651"
"2020000000","","2020年","120","","女","290","","80～84歳","","3,100,635","105,970","1,218,650","1,478,057","130,269","3.61309","41.55037","50.39496","4.44158"
"2020000000","","2020年","120","","女","310","","85歳以上","","4,124,434","137,328","645,629","2,914,825","114,809","3.60196","16.93413","76.4526","3.01131"
"2020000000","","2020年","120","","女","400","","（再掲）65歳以上","","19,990,854","860,284","10,119,064","6,965,746","1,198,566","4.49383","52.85857","36.3867","6.2609"
"2015000010","","2015年_不詳補完値","110","","男","100","","総数","","53,674,635","17,905,034","31,629,360","1,774,279","2,365,962","33.35846","58.92795","3.30562","4.40797"
"2015000010","","2015年_不詳補完値","110","","男","150","","15～19歳","","3,113,384","3,101,344","10,585","417","1,038","99.61328","0.33998","0.01339","0.03334"
"2015000010","","2015年_不詳補完値","110","","男","160","","20～24歳","","3,144,746","2,996,972","140,140","712","6,922","95.30092","4.45632","0.02264","0.22011"
"2015000010","","2015年_不詳補完値","110","","男","170","","25～29歳","","3,344,195","2,495,913","816,584","936","30,762","74.63419","24.41795","0.02799","0.91986"
"2015000010","","2015年_不詳補完値","110","","男","180","","30～34歳","","3,753,997","1,867,824","1,804,161","1,957","80,055","49.75561","48.05973","0.05213","2.13253"
"2015000010","","2015年_不詳補完値","110","","男","190","","35～39歳","","4,267,690","1,592,934","2,527,727","4,604","142,425","37.32544","59.2294","0.10788","3.33729"
"2015000010","","2015年_不詳補完値","110","","男","200","","40～44歳","","4,986,232","1,589,146","3,153,198","10,309","233,579","31.87068","63.23809","0.20675","4.68448"
"2015000010","","2015年_不詳補完値","110","","男","210","","45～49歳","","4,416,303","1,212,253","2,916,273","17,545","270,232","27.4495","66.03426","0.39728","6.11896"
"2015000010","","2015年_不詳補完値","110","","男","220","","50～54歳","","4,023,896","888,536","2,817,628","30,200","287,532","22.08149","70.02239","0.75052","7.14561"
"2015000010","","2015年_不詳補完値","110","","男","230","","55～59歳","","3,776,904","668,289","2,776,200","52,527","279,888","17.6941","73.50465","1.39074","7.41051"
"2015000010","","2015年_不詳補完値","110","","男","240","","60～64歳","","4,208,760","621,264","3,165,611","108,698","313,187","14.76121","75.21481","2.58266","7.44131"
"2015000010","","2015年_不詳補完値","110","","男","250","","65～69歳","","4,718,369","488,059","3,699,164","199,680","331,466","10.34381","78.39921","4.23197","7.02501"
"2015000010","","2015年_不詳補完値","110","","男","260","","70～74歳","","3,619,673","216,931","2,950,325","248,778","203,639","5.99311","81.50805","6.87294","5.62589"
"2015000010","","2015年_不詳補完値","110","","男","280","","75～79歳","","2,814,373","101,760","2,299,348","297,884","115,381","3.61573","81.70019","10.58438","4.09971"
"2015000010","","2015年_不詳補完値","110","","男","290","","80～84歳","","2,012,729","44,959","1,582,958","334,112","50,700","2.23373","78.64735","16.59995","2.51897"
"2015000010","","2015年_不詳補完値","110","","男","310","","85歳以上","","1,473,384","18,850","969,458","465,920","19,156","1.27937","65.79805","31.62244","1.30014"
"2015000010","","2015年_不詳補完値","110","","男","400","","（再掲）65歳以上","","14,638,528","870,559","11,501,253","1,546,374","720,342","5.94704","78.56837","10.56373","4.92086"
"2015000010","","2015年_不詳補完値","120","","女","100","","総数","","57,469,468","13,829,763","31,700,704","8,267,013","3,671,988","24.06454","55.16095","14.38505","6.38946"
"2015000010","","2015年_不詳補完値","120","","女","150","","15～19歳","","2,945,817","2,928,437","15,510","416","1,454","99.41001","0.52651","0.01412","0.04936"
"2015000010","","2015年_不詳補完値","120","","女","160","","20～24歳","","2,988,284","2,742,575","226,333","1,126","18,250","91.77759","7.57401","0.03768","0.61072"
"2015000010","","2015年_不詳補完値","120","","女","170","","25～29歳","","3,211,410","2,029,270","1,109,787","1,760","70,593","63.18938","34.55762","0.0548","2.19819"
"2015000010","","2015年_不詳補完値","120","","女","180","","30～34歳","","3,653,355","1,338,475","2,157,129","4,758","152,993","36.63687","59.04515","0.13024","4.18774"
"2015000010","","2015年_不詳補完値","120","","女","190","","35～39歳","","4,155,316","1,057,953","2,832,499","12,043","252,821","25.46023","68.16567","0.28982","6.08428"
"2015000010","","2015年_不詳補完値","120","","女","200","","40～44歳","","4,864,105","999,373","3,425,625","29,502","409,605","20.54588","70.42663","0.60652","8.42097"
"2015000010","","2015年_不詳補完値","120","","女","210","","45～49歳","","4,346,382","744,051","3,106,999","55,111","440,221","17.11886","71.48472","1.26797","10.12845"
"2015000010","","2015年_不詳補完値","120","","女","220","","50～54歳","","3,996,589","505,755","2,960,845","101,305","428,684","12.65467","74.0843","2.53479","10.72625"
"2015000010","","2015年_不詳補完値","120","","女","230","","55～59歳","","3,815,470","336,012","2,914,997","181,058","383,403","8.80657","76.39942","4.74537","10.04864"
"2015000010","","2015年_不詳補完値","120","","女","240","","60～64歳","","4,341,262","287,112","3,277,239","368,088","408,823","6.61356","75.49047","8.47882","9.41715"
"2015000010","","2015年_不詳補完値","120","","女","250","","65～69歳","","5,028,557","280,669","3,599,621","710,294","437,973","5.5815","71.58358","14.12521","8.70972"
"2015000010","","2015年_不詳補完値","120","","女","260","","70～74歳","","4,151,908","190,048","2,669,830","1,009,318","282,712","4.57737","64.30369","24.30974","6.80921"
"2015000010","","2015年_不詳補完値","120","","女","280","","75～79歳","","3,524,343","143,408","1,839,205","1,364,938","176,792","4.06907","52.18575","38.72886","5.01631"
"2015000010","","2015年_不詳補完値","120","","女","290","","80～84歳","","2,997,231","121,351","1,073,102","1,691,980","110,798","4.04877","35.80311","56.45144","3.69668"
"2015000010","","2015年_不詳補完値","120","","女","310","","85歳以上","","3,449,439","125,274","491,983","2,735,316","96,866","3.63172","14.2627","79.29742","2.80817"
"2015000010","","2015年_不詳補完値","120","","女","400","","（再掲）65歳以上","","19,151,478","860,750","9,673,741","7,511,846","1,105,141","4.49443","50.51172","39.22332","5.77053"
"2020000010","","2020年_不詳補完値","110","","男","100","","総数","","53,649,545","18,544,172","30,798,417","1,794,993","2,511,963","34.56539","57.40667","3.34577","4.68217"
"2020000010","","2020年_不詳補完値","110","","男","150","","15～19歳","","2,927,618","2,918,917","7,438","375","888","99.7028","0.25406","0.01281","0.03033"
"2020000010","","2020年_不詳補完値","110","","男","160","","20～24歳","","3,233,994","3,095,077","131,245","756","6,916","95.70448","4.05829","0.02338","0.21385"
"2020000010","","2020年_不詳補完値","110","","男","170","","25～29歳","","3,279,149","2,505,473","744,487","886","28,303","76.4062","22.70366","0.02702","0.86312"
"2020000010","","2020年_不詳補完値","110","","男","180","","30～34歳","","3,431,250","1,776,898","1,583,104","1,515","69,733","51.78573","46.13782","0.04415","2.03229"
"2020000010","","2020年_不詳補完値","110","","男","190","","35～39歳","","3,805,952","1,463,512","2,213,585","3,726","125,129","38.45324","58.16114","0.0979","3.28772"
"2020000010","","2020年_不詳補完値","110","","男","200","","40～44歳","","4,298,675","1,385,680","2,713,344","8,064","191,587","32.23505","63.12047","0.18759","4.45688"
"2020000010","","2020年_不詳補完値","110","","男","210","","45～49歳","","4,993,896","1,491,312","3,195,408","18,016","289,160","29.8627","63.98627","0.36076","5.79027"
"2020000010","","2020年_不詳補完値","110","","男","220","","50～54歳","","4,394,401","1,170,416","2,878,505","28,377","317,103","26.63426","65.50392","0.64575","7.21607"
"2020000010","","2020年_不詳補完値","110","","男","230","","55～59歳","","3,966,900","858,369","2,743,267","46,720","318,544","21.63828","69.15392","1.17775","8.03005"
"2020000010","","2020年_不詳補完値","110","","男","240","","60～64歳","","3,676,742","636,443","2,664,017","77,638","298,644","17.30997","72.45591","2.1116","8.12252"
"2020000010","","2020年_不詳補完値","110","","男","250","","65～69歳","","3,999,342","565,078","2,980,540","148,553","305,171","14.12927","74.52576","3.71444","7.63053"
"2020000010","","2020年_不詳補完値","110","","男","260","","70～74歳","","4,336,923","415,398","3,367,905","259,903","293,717","9.57817","77.65656","5.9928","6.77247"
"2020000010","","2020年_不詳補完値","110","","男","280","","75～79歳","","3,146,183","163,465","2,527,079","298,425","157,214","5.19566","80.32206","9.4853","4.99698"
"2020000010","","2020年_不詳補完値","110","","男","290","","80～84歳","","2,231,780","66,579","1,759,156","330,047","75,998","2.98322","78.823","14.78851","3.40526"
"2020000010","","2020年_不詳補完値","110","","男","310","","85歳以上","","1,926,740","31,555","1,289,337","571,992","33,856","1.63774","66.91806","29.68704","1.75716"
"2020000010","","2020年_不詳補完値","110","","男","400","","（再掲）65歳以上","","15,640,968","1,242,075","11,924,017","1,608,920","865,956","7.94116","76.2358","10.28658","5.53646"
"2020000010","","2020年_不詳補完値","120","","女","100","","総数","","57,464,952","14,245,904","31,018,047","8,271,878","3,929,123","24.7906","53.97733","14.39465","6.83743"
"2020000010","","2020年_不詳補完値","120","","女","150","","15～19歳","","2,778,688","2,767,345","9,802","439","1,102","99.59179","0.35276","0.0158","0.03966"
"2020000010","","2020年_不詳補完値","120","","女","160","","20～24歳","","3,085,965","2,869,517","200,384","1,153","14,911","92.98605","6.4934","0.03736","0.48319"
"2020000010","","2020年_不詳補完値","120","","女","170","","25～29歳","","3,105,002","2,041,557","1,003,036","1,633","58,776","65.75059","32.30388","0.05259","1.89295"
"2020000010","","2020年_不詳補完値","120","","女","180","","30～34歳","","3,282,523","1,265,092","1,885,313","3,574","128,544","38.54023","57.43488","0.10888","3.91601"
"2020000010","","2020年_不詳補完値","120","","女","190","","35～39歳","","3,692,423","965,954","2,501,549","9,106","215,814","26.16044","67.74817","0.24661","5.84478"
"2020000010","","2020年_不詳補完値","120","","女","200","","40～44歳","","4,177,569","891,023","2,945,101","20,878","320,567","21.32874","70.49796","0.49976","7.67353"
"2020000010","","2020年_不詳補完値","120","","女","210","","45～49歳","","4,874,558","933,894","3,410,178","48,727","481,759","19.15854","69.95871","0.99962","9.88313"
"2020000010","","2020年_不詳補完値","120","","女","220","","50～54歳","","4,343,678","714,717","3,048,273","85,715","494,973","16.45419","70.17723","1.97333","11.39525"
"2020000010","","2020年_不詳補完値","120","","女","230","","55～59歳","","3,973,232","486,147","2,873,109","152,556","461,420","12.23556","72.31163","3.83959","11.61322"
"2020000010","","2020年_不詳補完値","120","","女","240","","60～64歳","","3,765,650","321,325","2,781,435","265,425","397,465","8.53306","73.86334","7.04858","10.55502"
"2020000010","","2020年_不詳補完値","120","","女","250","","65～69歳","","4,236,932","270,297","3,042,885","518,460","405,290","6.37955","71.81812","12.23668","9.56565"
"2020000010","","2020年_不詳補完値","120","","女","260","","70～74歳","","4,851,627","262,094","3,198,652","974,576","416,305","5.40219","65.92947","20.08761","8.58073"
"2020000010","","2020年_不詳補完値","120","","女","280","","75～79歳","","3,918,442","173,434","2,170,775","1,319,063","255,170","4.4261","55.39893","33.66295","6.51203"
"2020000010","","2020年_不詳補完値","120","","女","290","","80～84歳","","3,172,005","123,788","1,263,770","1,635,502","148,945","3.90252","39.84136","51.56051","4.69561"
"2020000010","","2020年_不詳補完値","120","","女","310","","85歳以上","","4,206,658","159,720","683,785","3,235,071","128,082","3.79684","16.25483","76.90359","3.04474"
"2020000010","","2020年_不詳補完値","120","","女","400","","（再掲）65歳以上","","20,385,664","989,333","10,359,867","7,682,672","1,353,792","4.85308","50.81937","37.68664","6.6409"
