"統計名：","人口動態調査 人口動態統計 確定数 婚姻"
"表番号：","7"
"表題：","[中巻] 再婚者数，夫－妻・死別－離別・前婚解消時の年齢（各歳）・前婚解消の年別"
"実施年月：","2024年","-"

"***","調査又は集計していないもの"
"-","計数のない場合"
"…","計数不明の場合"
"・","統計項目のありえない場合"

"","","","","","","","","","","","","","","","/前婚解消の年 コード","00100","00110","00120","00130","00140","00150","00160","00170","00180","00190","00210","00220","00230","00600"
"","","","","","","","","","","","","","","","/前婚解消の年 補助コード","-","-","-","-","-","-","-","-","-","-","-","-","-","-"
"表章項目 コード","表章項目 補助コード","表章項目","夫・妻 コード","夫・妻 補助コード","夫・妻","時間軸(年次) コード","時間軸(年次) 補助コード","時間軸(年次)","死別・離別 コード","死別・離別 補助コード","死別・離別","年齢(1歳階級) コード","年齢(1歳階級) 補助コード","年齢(1歳階級)","/前婚解消の年","総数","調査年","調査年の1年前","調査年の2年前","調査年の3年前","調査年の4年前","調査年の5年前","調査年の6年前","調査年の7年前","調査年の8年前","調査年の9年前","調査年の10年前","調査年の11年以前","不詳"
"10300","","再婚者数【人】","00100","","夫","2024000000","","2024年","00100","","総数","00100","","総数","","86,666","6,299","9,879","9,190","8,115","7,107","6,350","5,287","4,371","3,672","3,210","2,734","20,439","13"
"10300","","再婚者数【人】","00100","","夫","2024000000","","2024年","00100","","総数","00310","","18歳","","42","-","3","-","4","3","3","3","4","7","1","3","11","-"
"10300","","再婚者数【人】","00100","","夫","2024000000","","2024年","00100","","総数","00320","","19歳","","237","7","12","18","18","20","17","16","16","9","16","15","73","-"
"10300","","再婚者数【人】","00100","","夫","2024000000","","2024年","00100","","総数","00330","","20歳","","466","11","22","36","35","44","38","32","37","30","23","20","138","-"
"10300","","再婚者数【人】","00100","","夫","2024000000","","2024年","00100","","総数","00340","","21歳","","855","24","51","70","60","70","73","77","62","52","27","33","256","-"
"10300","","再婚者数【人】","00100","","夫","2024000000","","2024年","00100","","総数","00350","","22歳","","1,180","30","100","103","105","104","110","88","85","64","49","28","314","-"
"10300","","再婚者数【人】","00100","","夫","2024000000","","2024年","00100","","総数","00360","","23歳","","1,570","58","115","135","154","132","143","126","90","91","72","52","402","-"
"10300","","再婚者数【人】","00100","","夫","2024000000","","2024年","00100","","総数","00370","","24歳","","1,871","77","152","204","192","191","153","134","90","89","85","63","441","-"
"10300","","再婚者数【人】","00100","","夫","2024000000","","2024年","00100","","総数","00380","","25歳","","2,303","91","218","261","232","212","204","151","121","101","78","72","562","-"
"10300","","再婚者数【人】","00100","","夫","2024000000","","2024年","00100","","総数","00390","","26歳","","2,704","107","265","294","310","282","218","174","143","132","124","89","566","-"
"10300","","再婚者数【人】","00100","","夫","2024000000","","2024年","00100","","総数","00400","","27歳","","2,966","143","290","342","348","272","241","190","182","126","94","78","660","-"
"10300","","再婚者数【人】","00100","","夫","2024000000","","2024年","00100","","総数","00410","","28歳","","3,256","136","311","374","356","313","271","214","184","161","110","115","711","-"
"10300","","再婚者数【人】","00100","","夫","2024000000","","2024年","00100","","総数","00420","","29歳","","3,452","167","366","433","352","310","268","214","200","133","130","131","748","-"
"10300","","再婚者数【人】","00100","","夫","2024000000","","2024年","00100","","総数","00430","","30歳","","3,586","130","368","421","372","352","314","243","197","158","136","112","783","-"
"10300","","再婚者数【人】","00100","","夫","2024000000","","2024年","00100","","総数","00440","","31歳","","3,615","148","381","383","381","349","300","218","203","154","129","121","848","-"
"10300","","再婚者数【人】","00100","","夫","2024000000","","2024年","00100","","総数","00450","","32歳","","3,577","174","405","407","369","311","311","232","188","145","123","91","821","-"
"10300","","再婚者数【人】","00100","","夫","2024000000","","2024年","00100","","総数","00460","","33歳","","3,587","199","365","410","341","325","264","229","213","149","118","120","854","-"
"10300","","再婚者数【人】","00100","","夫","2024000000","","2024年","00100","","総数","00470","","34歳","","3,453","187","369","376","312","301","285","235","173","133","131","95","856","-"
"10300","","再婚者数【人】","00100","","夫","2024000000","","2024年","00100","","総数","00480","","35歳","","3,291","177","352","383","307","284","241","190","143","132","125","99","858","-"
"10300","","再婚者数【人】","00100","","夫","2024000000","","2024年","00100","","総数","00490","","36歳","","3,101","157","335","347","289","285","224","199","148","127","95","101","794","-"
"10300","","再婚者数【人】","00100","","夫","2024000000","","2024年","00100","","総数","00500","","37歳","","3,096","183","315","349","279","254","217","191","143","110","134","100","821","-"
"10300","","再婚者数【人】","00100","","夫","2024000000","","2024年","00100","","総数","00510","","38歳","","2,877","148","346","300","265","204","201","183","131","126","101","95","777","-"
"10300","","再婚者数【人】","00100","","夫","2024000000","","2024年","00100","","総数","00520","","39歳","","2,540","191","269","245","223","183","185","152","124","100","104","90","674","-"
"10300","","再婚者数【人】","00100","","夫","2024000000","","2024年","00100","","総数","00530","","40歳","","2,651","195","292","227","238","205","153","160","125","115","126","92","723","-"
"10300","","再婚者数【人】","00100","","夫","2024000000","","2024年","00100","","総数","00540","","41歳","","2,366","169","302","240","217","165","167","137","100","99","82","75","613","-"
"10300","","再婚者数【人】","00100","","夫","2024000000","","2024年","00100","","総数","00550","","42歳","","2,169","176","245","211","188","150","129","123","113","96","110","82","546","-"
"10300","","再婚者数【人】","00100","","夫","2024000000","","2024年","00100","","総数","00560","","43歳","","2,082","140","247","193","179","141","144","132","114","103","67","80","542","-"
"10300","","再婚者数【人】","00100","","夫","2024000000","","2024年","00100","","総数","00570","","44歳","","1,957","157","216","172","142","164","149","103","121","75","84","83","491","-"
"10300","","再婚者数【人】","00100","","夫","2024000000","","2024年","00100","","総数","00580","","45歳","","1,856","161","220","163","166","134","108","119","71","88","88","57","481","-"
"10300","","再婚者数【人】","00100","","夫","2024000000","","2024年","00100","","総数","00590","","46歳","","1,692","154","192","177","152","116","114","101","75","79","52","57","423","-"
"10300","","再婚者数【人】","00100","","夫","2024000000","","2024年","00100","","総数","00600","","47歳","","1,605","151","190","171","148","123","99","85","72","80","55","45","386","-"
"10300","","再婚者数【人】","00100","","夫","2024000000","","2024年","00100","","総数","00610","","48歳","","1,508","151","216","157","127","88","81","85","74","54","59","40","376","-"
"10300","","再婚者数【人】","00100","","夫","2024000000","","2024年","00100","","総数","00620","","49歳","","1,306","149","181","132","112","86","72","56","67","52","40","66","293","-"
"10300","","再婚者数【人】","00100","","夫","2024000000","","2024年","00100","","総数","00630","","50歳","","1,340","123","204","144","117","84","79","80","57","51","49","35","317","-"
"10300","","再婚者数【人】","00100","","夫","2024000000","","2024年","00100","","総数","00640","","51歳","","1,210","137","157","111","101","93","82","69","48","51","38","28","295","-"
"10300","","再婚者数【人】","00100","","夫","2024000000","","2024年","00100","","総数","00650","","52歳","","1,081","149","147","122","86","75","62","44","53","42","34","26","241","-"
"10300","","再婚者数【人】","00100","","夫","2024000000","","2024年","00100","","総数","00660","","53歳","","1,009","134","147","111","73","74","52","45","44","40","28","26","235","-"
"10300","","再婚者数【人】","00100","","夫","2024000000","","2024年","00100","","総数","00670","","54歳","","937","135","125","99","69","60","69","50","43","36","40","27","184","-"
"10300","","再婚者数【人】","00100","","夫","2024000000","","2024年","00100","","総数","00690","","55歳","","826","115","144","77","54","58","46","49","28","34","33","24","164","-"
"10300","","再婚者数【人】","00100","","夫","2024000000","","2024年","00100","","総数","00700","","56歳","","778","126","125","85","57","55","49","33","23","33","28","19","145","-"
"10300","","再婚者数【人】","00100","","夫","2024000000","","2024年","00100","","総数","00710","","57歳","","697","103","89","70","60","41","49","40","32","29","11","19","154","-"
"10300","","再婚者数【人】","00100","","夫","2024000000","","2024年","00100","","総数","00720","","58歳","","582","89","102","44","49","29","39","35","28","20","16","14","117","-"
"10300","","再婚者数【人】","00100","","夫","2024000000","","2024年","00100","","総数","00730","","59歳","","559","103","90","62","44","37","29","27","22","17","15","15","98","-"
"10300","","再婚者数【人】","00100","","夫","2024000000","","2024年","00100","","総数","00740","","60歳","","618","113","85","58","45","44","54","26","21","15","19","12","126","-"
"10300","","再婚者数【人】","00100","","夫","2024000000","","2024年","00100","","総数","00750","","61歳","","459","71","70","45","66","32","30","19","16","11","14","8","77","-"
"10300","","再婚者数【人】","00100","","夫","2024000000","","2024年","00100","","総数","00760","","62歳","","406","68","67","58","33","22","20","23","19","15","10","8","63","-"
"10300","","再婚者数【人】","00100","","夫","2024000000","","2024年","00100","","総数","00770","","63歳","","368","48","60","46","25","20","23","11","22","9","10","8","86","-"
"10300","","再婚者数【人】","00100","","夫","2024000000","","2024年","00100","","総数","00780","","64歳","","329","71","52","36","28","15","17","17","15","9","9","12","48","-"
"10300","","再婚者数【人】","00100","","夫","2024000000","","2024年","00100","","総数","00790","","65歳","","315","55","46","32","30","19","24","14","9","9","17","8","52","-"
"10300","","再婚者数【人】","00100","","夫","2024000000","","2024年","00100","","総数","00800","","66歳","","267","52","44","33","17","19","14","9","9","16","11","6","37","-"
"10300","","再婚者数【人】","00100","","夫","2024000000","","2024年","00100","","総数","00810","","67歳","","207","42","32","17","20","9","11","9","10","11","9","5","32","-"
"10300","","再婚者数【人】","00100","","夫","2024000000","","2024年","00100","","総数","00820","","68歳","","260","50","47","17","23","23","15","18","12","13","9","6","27","-"
"10300","","再婚者数【人】","00100","","夫","2024000000","","2024年","00100","","総数","00830","","69歳","","193","34","23","23","12","19","17","17","10","5","6","2","25","-"
"10300","","再婚者数【人】","00100","","夫","2024000000","","2024年","00100","","総数","00840","","70歳","","171","34","32","16","14","12","12","7","5","5","10","7","17","-"
"10300","","再婚者数【人】","00100","","夫","2024000000","","2024年","00100","","総数","00850","","71歳","","159","25","25","21","20","12","12","11","9","4","3","1","16","-"
"10300","","再婚者数【人】","00100","","夫","2024000000","","2024年","00100","","総数","00860","","72歳","","140","31","36","16","11","9","8","3","3","6","2","4","11","-"
"10300","","再婚者数【人】","00100","","夫","2024000000","","2024年","00100","","総数","00870","","73歳","","139","28","32","18","19","8","4","8","4","2","4","2","10","-"
"10300","","再婚者数【人】","00100","","夫","2024000000","","2024年","00100","","総数","00880","","74歳","","109","20","31","15","12","6","3","6","1","7","2","-","6","-"
"10300","","再婚者数【人】","00100","","夫","2024000000","","2024年","00100","","総数","00890","","75歳","","107","20","34","15","4","10","3","3","5","6","1","1","5","-"
"10300","","再婚者数【人】","00100","","夫","2024000000","","2024年","00100","","総数","00900","","76歳","","95","28","21","8","8","9","9","4","-","1","1","4","2","-"
"10300","","再婚者数【人】","00100","","夫","2024000000","","2024年","00100","","総数","00910","","77歳","","70","24","10","9","6","4","4","2","3","2","1","3","2","-"
"10300","","再婚者数【人】","00100","","夫","2024000000","","2024年","00100","","総数","00920","","78歳","","65","13","14","8","6","5","4","3","2","1","6","1","2","-"
"10300","","再婚者数【人】","00100","","夫","2024000000","","2024年","00100","","総数","00930","","79歳","","58","10","12","8","5","8","3","2","4","-","3","2","1","-"
"10300","","再婚者数【人】","00100","","夫","2024000000","","2024年","00100","","総数","00940","","80歳以上","","282","100","65","32","28","23","10","11","5","2","3","1","2","-"
"10300","","再婚者数【人】","00100","","夫","2024000000","","2024年","00100","","総数","01380","","不詳","","13","-","-","-","-","-","-","-","-","-","-","-","-","13"
"10300","","再婚者数【人】","00100","","夫","2024000000","","2024年","00110","","死別","00100","","総数","","2,826","57","211","272","306","226","200","187","152","143","107","99","864","2"
"10300","","再婚者数【人】","00100","","夫","2024000000","","2024年","00110","","死別","00310","","18歳","","-","-","-","-","-","-","-","-","-","-","-","-","-","-"
"10300","","再婚者数【人】","00100","","夫","2024000000","","2024年","00110","","死別","00320","","19歳","","-","-","-","-","-","-","-","-","-","-","-","-","-","-"
"10300","","再婚者数【人】","00100","","夫","2024000000","","2024年","00110","","死別","00330","","20歳","","1","-","-","-","-","-","-","-","-","-","-","-","1","-"
"10300","","再婚者数【人】","00100","","夫","2024000000","","2024年","00110","","死別","00340","","21歳","","3","-","-","1","-","-","-","-","-","1","-","-","1","-"
"10300","","再婚者数【人】","00100","","夫","2024000000","","2024年","00110","","死別","00350","","22歳","","2","-","-","-","1","-","-","-","-","-","-","-","1","-"
"10300","","再婚者数【人】","00100","","夫","2024000000","","2024年","00110","","死別","00360","","23歳","","-","-","-","-","-","-","-","-","-","-","-","-","-","-"
"10300","","再婚者数【人】","00100","","夫","2024000000","","2024年","00110","","死別","00370","","24歳","","3","-","1","-","-","-","-","1","-","-","-","-","1","-"
"10300","","再婚者数【人】","00100","","夫","2024000000","","2024年","00110","","死別","00380","","25歳","","8","-","-","-","2","2","-","1","-","-","2","-","1","-"
"10300","","再婚者数【人】","00100","","夫","2024000000","","2024年","00110","","死別","00390","","26歳","","11","-","1","1","2","1","-","-","1","-","-","1","4","-"
"10300","","再婚者数【人】","00100","","夫","2024000000","","2024年","00110","","死別","00400","","27歳","","12","-","1","-","2","1","2","1","2","-","1","-","2","-"
"10300","","再婚者数【人】","00100","","夫","2024000000","","2024年","00110","","死別","00410","","28歳","","19","1","-","3","4","1","-","1","-","-","-","1","8","-"
"10300","","再婚者数【人】","00100","","夫","2024000000","","2024年","00110","","死別","00420","","29歳","","13","-","1","1","5","-","-","2","1","-","-","1","2","-"
"10300","","再婚者数【人】","00100","","夫","2024000000","","2024年","00110","","死別","00430","","30歳","","27","-","3","1","2","1","1","4","2","1","2","1","9","-"
"10300","","再婚者数【人】","00100","","夫","2024000000","","2024年","00110","","死別","00440","","31歳","","22","-","-","3","1","3","1","1","3","1","-","1","8","-"
"10300","","再婚者数【人】","00100","","夫","2024000000","","2024年","00110","","死別","00450","","32歳","","27","1","1","2","5","2","2","2","1","1","-","-","10","-"
"10300","","再婚者数【人】","00100","","夫","2024000000","","2024年","00110","","死別","00460","","33歳","","33","1","-","2","1","4","1","3","1","2","-","1","17","-"
"10300","","再婚者数【人】","00100","","夫","2024000000","","2024年","00110","","死別","00470","","34歳","","50","-","4","3","2","5","3","3","4","2","-","3","21","-"
"10300","","再婚者数【人】","00100","","夫","2024000000","","2024年","00110","","死別","00480","","35歳","","41","-","1","3","5","2","6","2","-","1","2","-","19","-"
"10300","","再婚者数【人】","00100","","夫","2024000000","","2024年","00110","","死別","00490","","36歳","","40","-","1","7","7","7","2","3","-","-","1","2","10","-"
"10300","","再婚者数【人】","00100","","夫","2024000000","","2024年","00110","","死別","00500","","37歳","","54","1","1","4","5","4","5","4","4","3","1","2","20","-"
"10300","","再婚者数【人】","00100","","夫","2024000000","","2024年","00110","","死別","00510","","38歳","","40","-","-","5","2","3","2","4","3","2","2","2","15","-"
"10300","","再婚者数【人】","00100","","夫","2024000000","","2024年","00110","","死別","00520","","39歳","","54","1","2","8","6","5","3","-","2","-","-","4","23","-"
"10300","","再婚者数【人】","00100","","夫","2024000000","","2024年","00110","","死別","00530","","40歳","","46","-","3","2","7","5","3","2","2","1","1","3","17","-"
"10300","","再婚者数【人】","00100","","夫","2024000000","","2024年","00110","","死別","00540","","41歳","","61","-","1","5","4","6","4","3","3","5","2","-","28","-"
"10300","","再婚者数【人】","00100","","夫","2024000000","","2024年","00110","","死別","00550","","42歳","","56","2","2","6","3","3","2","2","6","4","3","-","23","-"
"10300","","再婚者数【人】","00100","","夫","2024000000","","2024年","00110","","死別","00560","","43歳","","57","1","2","3","9","1","4","4","3","4","1","6","19","-"
"10300","","再婚者数【人】","00100","","夫","2024000000","","2024年","00110","","死別","00570","","44歳","","58","-","3","5","7","2","8","3","6","2","3","1","18","-"
"10300","","再婚者数【人】","00100","","夫","2024000000","","2024年","00110","","死別","00580","","45歳","","71","1","2","6","6","6","6","6","2","3","2","2","29","-"
"10300","","再婚者数【人】","00100","","夫","2024000000","","2024年","00110","","死別","00590","","46歳","","60","-","4","2","4","1","6","2","3","5","2","3","28","-"
"10300","","再婚者数【人】","00100","","夫","2024000000","","2024年","00110","","死別","00600","","47歳","","55","1","-","7","6","3","2","1","4","5","6","1","19","-"
"10300","","再婚者数【人】","00100","","夫","2024000000","","2024年","00110","","死別","00610","","48歳","","80","-","7","6","3","4","9","2","6","4","4","3","32","-"
"10300","","再婚者数【人】","00100","","夫","2024000000","","2024年","00110","","死別","00620","","49歳","","80","3","2","8","9","2","4","5","4","3","2","1","37","-"
"10300","","再婚者数【人】","00100","","夫","2024000000","","2024年","00110","","死別","00630","","50歳","","93","-","5","8","5","9","1","5","5","8","3","2","42","-"
"10300","","再婚者数【人】","00100","","夫","2024000000","","2024年","00110","","死別","00640","","51歳","","66","-","6","9","4","5","2","5","4","9","-","4","18","-"
"10300","","再婚者数【人】","00100","","夫","2024000000","","2024年","00110","","死別","00650","","52歳","","83","1","3","6","7","5","4","4","8","4","5","1","35","-"
"10300","","再婚者数【人】","00100","","夫","2024000000","","2024年","00110","","死別","00660","","53歳","","79","3","5","6","10","4","9","2","5","6","1","1","27","-"
"10300","","再婚者数【人】","00100","","夫","2024000000","","2024年","00110","","死別","00670","","54歳","","84","-","3","10","7","5","8","5","7","3","6","3","27","-"
"10300","","再婚者数【人】","00100","","夫","2024000000","","2024年","00110","","死別","00690","","55歳","","84","3","7","7","8","5","1","7","-","4","8","4","30","-"
"10300","","再婚者数【人】","00100","","夫","2024000000","","2024年","00110","","死別","00700","","56歳","","75","-","6","8","9","6","6","6","3","2","2","5","22","-"
"10300","","再婚者数【人】","00100","","夫","2024000000","","2024年","00110","","死別","00710","","57歳","","82","-","3","3","11","3","10","5","5","6","4","2","30","-"
"10300","","再婚者数【人】","00100","","夫","2024000000","","2024年","00110","","死別","00720","","58歳","","63","-","6","-","6","6","2","8","2","3","3","4","23","-"
"10300","","再婚者数【人】","00100","","夫","2024000000","","2024年","00110","","死別","00730","","59歳","","63","1","3","5","6","4","5","7","3","2","1","3","23","-"
"10300","","再婚者数【人】","00100","","夫","2024000000","","2024年","00110","","死別","00740","","60歳","","52","1","-","8","4","4","8","5","3","1","3","1","14","-"
"10300","","再婚者数【人】","00100","","夫","2024000000","","2024年","00110","","死別","00750","","61歳","","70","-","4","10","14","7","6","3","6","2","3","2","13","-"
"10300","","再婚者数【人】","00100","","夫","2024000000","","2024年","00110","","死別","00760","","62歳","","75","1","9","9","8","6","8","9","7","3","-","3","12","-"
"10300","","再婚者数【人】","00100","","夫","2024000000","","2024年","00110","","死別","00770","","63歳","","63","1","6","6","5","3","2","5","5","-","4","2","24","-"
"10300","","再婚者数【人】","00100","","夫","2024000000","","2024年","00110","","死別","00780","","64歳","","64","3","4","4","13","6","3","3","3","3","1","3","18","-"
"10300","","再婚者数【人】","00100","","夫","2024000000","","2024年","00110","","死別","00790","","65歳","","64","-","6","10","9","5","4","4","1","4","3","3","15","-"
"10300","","再婚者数【人】","00100","","夫","2024000000","","2024年","00110","","死別","00800","","66歳","","47","2","4","3","4","4","4","3","1","5","2","2","13","-"
"10300","","再婚者数【人】","00100","","夫","2024000000","","2024年","00110","","死別","00810","","67歳","","41","2","4","4","8","3","2","2","2","3","2","-","9","-"
"10300","","再婚者数【人】","00100","","夫","2024000000","","2024年","00110","","死別","00820","","68歳","","44","1","5","2","6","8","5","1","4","4","-","-","8","-"
"10300","","再婚者数【人】","00100","","夫","2024000000","","2024年","00110","","死別","00830","","69歳","","52","-","2","5","4","8","4","9","2","2","3","-","13","-"
"10300","","再婚者数【人】","00100","","夫","2024000000","","2024年","00110","","死別","00840","","70歳","","36","-","6","2","4","4","5","2","-","4","2","3","4","-"
"10300","","再婚者数【人】","00100","","夫","2024000000","","2024年","00110","","死別","00850","","71歳","","41","2","4","4","3","3","5","7","4","2","2","1","4","-"
"10300","","再婚者数【人】","00100","","夫","2024000000","","2024年","00110","","死別","00860","","72歳","","34","-","8","7","4","3","2","-","-","4","1","1","4","-"
"10300","","再婚者数【人】","00100","","夫","2024000000","","2024年","00110","","死別","00870","","73歳","","38","1","7","7","5","4","2","2","1","2","2","2","3","-"
"10300","","再婚者数【人】","00100","","夫","2024000000","","2024年","00110","","死別","00880","","74歳","","29","-","3","6","4","4","2","5","-","2","1","-","2","-"
"10300","","再婚者数【人】","00100","","夫","2024000000","","2024年","00110","","死別","00890","","75歳","","28","2","9","3","1","5","2","1","1","1","-","1","2","-"
"10300","","再婚者数【人】","00100","","夫","2024000000","","2024年","00110","","死別","00900","","76歳","","23","1","3","2","3","5","4","-","-","1","1","2","1","-"
"10300","","再婚者数【人】","00100","","夫","2024000000","","2024年","00110","","死別","00910","","77歳","","16","1","4","2","2","1","1","-","1","1","-","2","1","-"
"10300","","再婚者数【人】","00100","","夫","2024000000","","2024年","00110","","死別","00920","","78歳","","23","-","4","5","1","2","2","1","1","-","4","1","2","-"
"10300","","再婚者数【人】","00100","","夫","2024000000","","2024年","00110","","死別","00930","","79歳","","21","-","4","2","3","5","2","-","2","-","1","2","-","-"
"10300","","再婚者数【人】","00100","","夫","2024000000","","2024年","00110","","死別","00940","","80歳以上","","107","18","25","15","18","10","3","9","3","2","2","-","2","-"
"10300","","再婚者数【人】","00100","","夫","2024000000","","2024年","00110","","死別","01380","","不詳","","2","-","-","-","-","-","-","-","-","-","-","-","-","2"
"10300","","再婚者数【人】","00100","","夫","2024000000","","2024年","00120","","離別","00100","","総数","","83,840","6,242","9,668","8,918","7,809","6,881","6,150","5,100","4,219","3,529","3,103","2,635","19,575","11"
"10300","","再婚者数【人】","00100","","夫","2024000000","","2024年","00120","","離別","00310","","18歳","","42","-","3","-","4","3","3","3","4","7","1","3","11","-"
"10300","","再婚者数【人】","00100","","夫","2024000000","","2024年","00120","","離別","00320","","19歳","","237","7","12","18","18","20","17","16","16","9","16","15","73","-"
"10300","","再婚者数【人】","00100","","夫","2024000000","","2024年","00120","","離別","00330","","20歳","","465","11","22","36","35","44","38","32","37","30","23","20","137","-"
"10300","","再婚者数【人】","00100","","夫","2024000000","","2024年","00120","","離別","00340","","21歳","","852","24","51","69","60","70","73","77","62","51","27","33","255","-"
"10300","","再婚者数【人】","00100","","夫","2024000000","","2024年","00120","","離別","00350","","22歳","","1,178","30","100","103","104","104","110","88","85","64","49","28","313","-"
"10300","","再婚者数【人】","00100","","夫","2024000000","","2024年","00120","","離別","00360","","23歳","","1,570","58","115","135","154","132","143","126","90","91","72","52","402","-"
"10300","","再婚者数【人】","00100","","夫","2024000000","","2024年","00120","","離別","00370","","24歳","","1,868","77","151","204","192","191","153","133","90","89","85","63","440","-"
"10300","","再婚者数【人】","00100","","夫","2024000000","","2024年","00120","","離別","00380","","25歳","","2,295","91","218","261","230","210","204","150","121","101","76","72","561","-"
"10300","","再婚者数【人】","00100","","夫","2024000000","","2024年","00120","","離別","00390","","26歳","","2,693","107","264","293","308","281","218","174","142","132","124","88","562","-"
"10300","","再婚者数【人】","00100","","夫","2024000000","","2024年","00120","","離別","00400","","27歳","","2,954","143","289","342","346","271","239","189","180","126","93","78","658","-"
"10300","","再婚者数【人】","00100","","夫","2024000000","","2024年","00120","","離別","00410","","28歳","","3,237","135","311","371","352","312","271","213","184","161","110","114","703","-"
"10300","","再婚者数【人】","00100","","夫","2024000000","","2024年","00120","","離別","00420","","29歳","","3,439","167","365","432","347","310","268","212","199","133","130","130","746","-"
"10300","","再婚者数【人】","00100","","夫","2024000000","","2024年","00120","","離別","00430","","30歳","","3,559","130","365","420","370","351","313","239","195","157","134","111","774","-"
"10300","","再婚者数【人】","00100","","夫","2024000000","","2024年","00120","","離別","00440","","31歳","","3,593","148","381","380","380","346","299","217","200","153","129","120","840","-"
"10300","","再婚者数【人】","00100","","夫","2024000000","","2024年","00120","","離別","00450","","32歳","","3,550","173","404","405","364","309","309","230","187","144","123","91","811","-"
"10300","","再婚者数【人】","00100","","夫","2024000000","","2024年","00120","","離別","00460","","33歳","","3,554","198","365","408","340","321","263","226","212","147","118","119","837","-"
"10300","","再婚者数【人】","00100","","夫","2024000000","","2024年","00120","","離別","00470","","34歳","","3,403","187","365","373","310","296","282","232","169","131","131","92","835","-"
"10300","","再婚者数【人】","00100","","夫","2024000000","","2024年","00120","","離別","00480","","35歳","","3,250","177","351","380","302","282","235","188","143","131","123","99","839","-"
"10300","","再婚者数【人】","00100","","夫","2024000000","","2024年","00120","","離別","00490","","36歳","","3,061","157","334","340","282","278","222","196","148","127","94","99","784","-"
"10300","","再婚者数【人】","00100","","夫","2024000000","","2024年","00120","","離別","00500","","37歳","","3,042","182","314","345","274","250","212","187","139","107","133","98","801","-"
"10300","","再婚者数【人】","00100","","夫","2024000000","","2024年","00120","","離別","00510","","38歳","","2,837","148","346","295","263","201","199","179","128","124","99","93","762","-"
"10300","","再婚者数【人】","00100","","夫","2024000000","","2024年","00120","","離別","00520","","39歳","","2,486","190","267","237","217","178","182","152","122","100","104","86","651","-"
"10300","","再婚者数【人】","00100","","夫","2024000000","","2024年","00120","","離別","00530","","40歳","","2,605","195","289","225","231","200","150","158","123","114","125","89","706","-"
"10300","","再婚者数【人】","00100","","夫","2024000000","","2024年","00120","","離別","00540","","41歳","","2,305","169","301","235","213","159","163","134","97","94","80","75","585","-"
"10300","","再婚者数【人】","00100","","夫","2024000000","","2024年","00120","","離別","00550","","42歳","","2,113","174","243","205","185","147","127","121","107","92","107","82","523","-"
"10300","","再婚者数【人】","00100","","夫","2024000000","","2024年","00120","","離別","00560","","43歳","","2,025","139","245","190","170","140","140","128","111","99","66","74","523","-"
"10300","","再婚者数【人】","00100","","夫","2024000000","","2024年","00120","","離別","00570","","44歳","","1,899","157","213","167","135","162","141","100","115","73","81","82","473","-"
"10300","","再婚者数【人】","00100","","夫","2024000000","","2024年","00120","","離別","00580","","45歳","","1,785","160","218","157","160","128","102","113","69","85","86","55","452","-"
"10300","","再婚者数【人】","00100","","夫","2024000000","","2024年","00120","","離別","00590","","46歳","","1,632","154","188","175","148","115","108","99","72","74","50","54","395","-"
"10300","","再婚者数【人】","00100","","夫","2024000000","","2024年","00120","","離別","00600","","47歳","","1,550","150","190","164","142","120","97","84","68","75","49","44","367","-"
"10300","","再婚者数【人】","00100","","夫","2024000000","","2024年","00120","","離別","00610","","48歳","","1,428","151","209","151","124","84","72","83","68","50","55","37","344","-"
"10300","","再婚者数【人】","00100","","夫","2024000000","","2024年","00120","","離別","00620","","49歳","","1,226","146","179","124","103","84","68","51","63","49","38","65","256","-"
"10300","","再婚者数【人】","00100","","夫","2024000000","","2024年","00120","","離別","00630","","50歳","","1,247","123","199","136","112","75","78","75","52","43","46","33","275","-"
"10300","","再婚者数【人】","00100","","夫","2024000000","","2024年","00120","","離別","00640","","51歳","","1,144","137","151","102","97","88","80","64","44","42","38","24","277","-"
"10300","","再婚者数【人】","00100","","夫","2024000000","","2024年","00120","","離別","00650","","52歳","","998","148","144","116","79","70","58","40","45","38","29","25","206","-"
"10300","","再婚者数【人】","00100","","夫","2024000000","","2024年","00120","","離別","00660","","53歳","","930","131","142","105","63","70","43","43","39","34","27","25","208","-"
"10300","","再婚者数【人】","00100","","夫","2024000000","","2024年","00120","","離別","00670","","54歳","","853","135","122","89","62","55","61","45","36","33","34","24","157","-"
"10300","","再婚者数【人】","00100","","夫","2024000000","","2024年","00120","","離別","00690","","55歳","","742","112","137","70","46","53","45","42","28","30","25","20","134","-"
"10300","","再婚者数【人】","00100","","夫","2024000000","","2024年","00120","","離別","00700","","56歳","","703","126","119","77","48","49","43","27","20","31","26","14","123","-"
"10300","","再婚者数【人】","00100","","夫","2024000000","","2024年","00120","","離別","00710","","57歳","","615","103","86","67","49","38","39","35","27","23","7","17","124","-"
"10300","","再婚者数【人】","00100","","夫","2024000000","","2024年","00120","","離別","00720","","58歳","","519","89","96","44","43","23","37","27","26","17","13","10","94","-"
"10300","","再婚者数【人】","00100","","夫","2024000000","","2024年","00120","","離別","00730","","59歳","","496","102","87","57","38","33","24","20","19","15","14","12","75","-"
"10300","","再婚者数【人】","00100","","夫","2024000000","","2024年","00120","","離別","00740","","60歳","","566","112","85","50","41","40","46","21","18","14","16","11","112","-"
"10300","","再婚者数【人】","00100","","夫","2024000000","","2024年","00120","","離別","00750","","61歳","","389","71","66","35","52","25","24","16","10","9","11","6","64","-"
"10300","","再婚者数【人】","00100","","夫","2024000000","","2024年","00120","","離別","00760","","62歳","","331","67","58","49","25","16","12","14","12","12","10","5","51","-"
"10300","","再婚者数【人】","00100","","夫","2024000000","","2024年","00120","","離別","00770","","63歳","","305","47","54","40","20","17","21","6","17","9","6","6","62","-"
"10300","","再婚者数【人】","00100","","夫","2024000000","","2024年","00120","","離別","00780","","64歳","","265","68","48","32","15","9","14","14","12","6","8","9","30","-"
"10300","","再婚者数【人】","00100","","夫","2024000000","","2024年","00120","","離別","00790","","65歳","","251","55","40","22","21","14","20","10","8","5","14","5","37","-"
"10300","","再婚者数【人】","00100","","夫","2024000000","","2024年","00120","","離別","00800","","66歳","","220","50","40","30","13","15","10","6","8","11","9","4","24","-"
"10300","","再婚者数【人】","00100","","夫","2024000000","","2024年","00120","","離別","00810","","67歳","","166","40","28","13","12","6","9","7","8","8","7","5","23","-"
"10300","","再婚者数【人】","00100","","夫","2024000000","","2024年","00120","","離別","00820","","68歳","","216","49","42","15","17","15","10","17","8","9","9","6","19","-"
"10300","","再婚者数【人】","00100","","夫","2024000000","","2024年","00120","","離別","00830","","69歳","","141","34","21","18","8","11","13","8","8","3","3","2","12","-"
"10300","","再婚者数【人】","00100","","夫","2024000000","","2024年","00120","","離別","00840","","70歳","","135","34","26","14","10","8","7","5","5","1","8","4","13","-"
"10300","","再婚者数【人】","00100","","夫","2024000000","","2024年","00120","","離別","00850","","71歳","","118","23","21","17","17","9","7","4","5","2","1","-","12","-"
"10300","","再婚者数【人】","00100","","夫","2024000000","","2024年","00120","","離別","00860","","72歳","","106","31","28","9","7","6","6","3","3","2","1","3","7","-"
"10300","","再婚者数【人】","00100","","夫","2024000000","","2024年","00120","","離別","00870","","73歳","","101","27","25","11","14","4","2","6","3","-","2","-","7","-"
"10300","","再婚者数【人】","00100","","夫","2024000000","","2024年","00120","","離別","00880","","74歳","","80","20","28","9","8","2","1","1","1","5","1","-","4","-"
"10300","","再婚者数【人】","00100","","夫","2024000000","","2024年","00120","","離別","00890","","75歳","","79","18","25","12","3","5","1","2","4","5","1","-","3","-"
"10300","","再婚者数【人】","00100","","夫","2024000000","","2024年","00120","","離別","00900","","76歳","","72","27","18","6","5","4","5","4","-","-","-","2","1","-"
"10300","","再婚者数【人】","00100","","夫","2024000000","","2024年","00120","","離別","00910","","77歳","","54","23","6","7","4","3","3","2","2","1","1","1","1","-"
"10300","","再婚者数【人】","00100","","夫","2024000000","","2024年","00120","","離別","00920","","78歳","","42","13","10","3","5","3","2","2","1","1","2","-","-","-"
"10300","","再婚者数【人】","00100","","夫","2024000000","","2024年","00120","","離別","00930","","79歳","","37","10","8","6","2","3","1","2","2","-","2","-","1","-"
"10300","","再婚者数【人】","00100","","夫","2024000000","","2024年","00120","","離別","00940","","80歳以上","","175","82","40","17","10","13","7","2","2","-","1","1","-","-"
"10300","","再婚者数【人】","00100","","夫","2024000000","","2024年","00120","","離別","01380","","不詳","","11","-","-","-","-","-","-","-","-","-","-","-","-","11"
"10300","","再婚者数【人】","00100","","夫","2023000000","","2023年","00100","","総数","00100","","総数","","87,878","6,098","9,974","9,287","8,615","7,588","6,203","5,215","4,459","3,800","3,144","2,810","20,673","12"
"10300","","再婚者数【人】","00100","","夫","2023000000","","2023年","00100","","総数","00310","","18歳","","80","3","1","7","9","8","7","6","6","3","4","3","23","-"
"10300","","再婚者数【人】","00100","","夫","2023000000","","2023年","00100","","総数","00320","","19歳","","250","5","13","20","20","17","23","21","18","9","15","14","75","-"
"10300","","再婚者数【人】","00100","","夫","2023000000","","2023年","00100","","総数","00330","","20歳","","507","13","33","36","45","35","45","43","47","36","17","20","137","-"
"10300","","再婚者数【人】","00100","","夫","2023000000","","2023年","00100","","総数","00340","","21歳","","891","31","70","67","67","94","82","67","61","45","40","33","234","-"
"10300","","再婚者数【人】","00100","","夫","2023000000","","2023年","00100","","総数","00350","","22歳","","1,138","30","101","95","105","108","111","82","56","62","47","43","298","-"
"10300","","再婚者数【人】","00100","","夫","2023000000","","2023年","00100","","総数","00360","","23歳","","1,560","44","113","178","164","149","116","118","89","86","63","59","381","-"
"10300","","再婚者数【人】","00100","","夫","2023000000","","2023年","00100","","総数","00370","","24歳","","1,912","65","185","182","185","201","162","123","92","91","78","78","470","-"
"10300","","再婚者数【人】","00100","","夫","2023000000","","2023年","00100","","総数","00380","","25歳","","2,239","79","202","228","248","230","185","161","124","95","93","67","527","-"
"10300","","再婚者数【人】","00100","","夫","2023000000","","2023年","00100","","総数","00390","","26歳","","2,593","107","223","285","313","252","207","161","140","119","111","85","590","-"
"10300","","再婚者数【人】","00100","","夫","2023000000","","2023年","00100","","総数","00400","","27歳","","3,010","101","257","345","336","301","252","181","176","139","116","95","711","-"
"10300","","再婚者数【人】","00100","","夫","2023000000","","2023年","00100","","総数","00410","","28歳","","3,215","132","335","351","378","307","243","212","170","144","133","81","729","-"
"10300","","再婚者数【人】","00100","","夫","2023000000","","2023年","00100","","総数","00420","","29歳","","3,465","141","323","387","371","350","292","217","171","167","114","108","824","-"
"10300","","再婚者数【人】","00100","","夫","2023000000","","2023年","00100","","総数","00430","","30歳","","3,721","162","362","403","421","386","286","239","191","170","123","110","868","-"
"10300","","再婚者数【人】","00100","","夫","2023000000","","2023年","00100","","総数","00440","","31歳","","3,726","141","404","401","405","363","323","228","213","169","138","115","826","-"
"10300","","再婚者数【人】","00100","","夫","2023000000","","2023年","00100","","総数","00450","","32歳","","3,636","149","344","400","408","332","304","246","180","187","116","117","853","-"
"10300","","再婚者数【人】","00100","","夫","2023000000","","2023年","00100","","総数","00460","","33歳","","3,582","157","382","443","364","333","270","240","178","165","108","107","835","-"
"10300","","再婚者数【人】","00100","","夫","2023000000","","2023年","00100","","総数","00470","","34歳","","3,649","204","352","385","362","311","290","226","215","157","116","91","940","-"
"10300","","再婚者数【人】","00100","","夫","2023000000","","2023年","00100","","総数","00480","","35歳","","3,447","188","372","380","364","340","252","177","185","140","124","111","814","-"
"10300","","再婚者数【人】","00100","","夫","2023000000","","2023年","00100","","総数","00490","","36歳","","3,251","151","361","354","342","294","224","182","171","142","109","98","823","-"
"10300","","再婚者数【人】","00100","","夫","2023000000","","2023年","00100","","総数","00500","","37歳","","3,091","156","358","352","319","270","174","167","165","128","96","99","807","-"
"10300","","再婚者数【人】","00100","","夫","2023000000","","2023年","00100","","総数","00510","","38歳","","2,935","182","334","312","285","233","194","166","138","128","103","91","769","-"
"10300","","再婚者数【人】","00100","","夫","2023000000","","2023年","00100","","総数","00520","","39歳","","2,758","182","287","257","252","223","190","189","138","103","117","96","724","-"
"10300","","再婚者数【人】","00100","","夫","2023000000","","2023年","00100","","総数","00530","","40歳","","2,644","180","312","257","231","208","181","149","129","108","90","110","689","-"
"10300","","再婚者数【人】","00100","","夫","2023000000","","2023年","00100","","総数","00540","","41歳","","2,359","167","305","232","210","182","141","137","113","98","87","80","607","-"
"10300","","再婚者数【人】","00100","","夫","2023000000","","2023年","00100","","総数","00550","","42歳","","2,317","166","259","241","206","210","132","145","126","105","77","90","560","-"
"10300","","再婚者数【人】","00100","","夫","2023000000","","2023年","00100","","総数","00560","","43歳","","2,188","152","244","215","186","172","144","123","106","92","90","80","584","-"
"10300","","再婚者数【人】","00100","","夫","2023000000","","2023年","00100","","総数","00570","","44歳","","1,951","129","219","193","175","153","138","113","82","89","88","66","506","-"
"10300","","再婚者数【人】","00100","","夫","2023000000","","2023年","00100","","総数","00580","","45歳","","1,879","162","235","190","167","140","109","112","89","82","67","74","452","-"
"10300","","再婚者数【人】","00100","","夫","2023000000","","2023年","00100","","総数","00590","","46歳","","1,798","139","221","189","167","145","118","98","86","77","71","54","433","-"
"10300","","再婚者数【人】","00100","","夫","2023000000","","2023年","00100","","総数","00600","","47歳","","1,595","144","198","176","142","114","89","88","84","75","60","48","377","-"
"10300","","再婚者数【人】","00100","","夫","2023000000","","2023年","00100","","総数","00610","","48歳","","1,519","152","215","176","122","99","91","78","66","59","49","46","366","-"
"10300","","再婚者数【人】","00100","","夫","2023000000","","2023年","00100","","総数","00620","","49歳","","1,433","167","195","158","113","84","84","79","77","44","50","46","336","-"
"10300","","再婚者数【人】","00100","","夫","2023000000","","2023年","00100","","総数","00630","","50歳","","1,330","149","180","129","113","101","79","59","44","51","67","42","316","-"
"10300","","再婚者数【人】","00100","","夫","2023000000","","2023年","00100","","総数","00640","","51歳","","1,175","123","168","117","113","81","71","63","64","31","33","37","274","-"
"10300","","再婚者数【人】","00100","","夫","2023000000","","2023年","00100","","総数","00650","","52歳","","1,062","135","156","102","79","79","63","51","61","34","41","24","237","-"
"10300","","再婚者数【人】","00100","","夫","2023000000","","2023年","00100","","総数","00660","","53歳","","995","123","142","106","76","65","67","50","47","42","28","24","225","-"
"10300","","再婚者数【人】","00100","","夫","2023000000","","2023年","00100","","総数","00670","","54歳","","913","138","134","93","66","62","55","45","43","34","27","30","186","-"
"10300","","再婚者数【人】","00100","","夫","2023000000","","2023年","00100","","総数","00690","","55歳","","824","113","131","75","62","54","45","39","43","29","27","32","174","-"
"10300","","再婚者数【人】","00100","","夫","2023000000","","2023年","00100","","総数","00700","","56歳","","722","85","98","87","61","54","50","29","27","36","21","18","156","-"
"10300","","再婚者数【人】","00100","","夫","2023000000","","2023年","00100","","総数","00710","","57歳","","650","99","115","65","57","36","33","25","30","15","21","22","132","-"
"10300","","再婚者数【人】","00100","","夫","2023000000","","2023年","00100","","総数","00720","","58歳","","650","119","100","70","51","48","29","38","34","20","19","16","106","-"
"10300","","再婚者数【人】","00100","","夫","2023000000","","2023年","00100","","総数","00730","","59歳","","539","91","85","45","40","35","32","38","14","18","21","18","102","-"
"10300","","再婚者数【人】","00100","","夫","2023000000","","2023年","00100","","総数","00740","","60歳","","618","98","97","70","53","64","19","22","22","17","17","22","117","-"
"10300","","再婚者数【人】","00100","","夫","2023000000","","2023年","00100","","総数","00750","","61歳","","447","69","65","45","45","27","25","23","15","20","12","17","84","-"
"10300","","再婚者数【人】","00100","","夫","2023000000","","2023年","00100","","総数","00760","","62歳","","374","58","65","35","33","30","17","14","14","13","6","13","76","-"
"10300","","再婚者数【人】","00100","","夫","2023000000","","2023年","00100","","総数","00770","","63歳","","352","59","66","36","29","20","18","14","12","10","13","12","63","-"
"10300","","再婚者数【人】","00100","","夫","2023000000","","2023年","00100","","総数","00780","","64歳","","324","79","47","34","22","17","15","17","11","20","13","5","44","-"
"10300","","再婚者数【人】","00100","","夫","2023000000","","2023年","00100","","総数","00790","","65歳","","287","56","51","24","27","22","16","12","16","11","9","12","31","-"
"10300","","再婚者数【人】","00100","","夫","2023000000","","2023年","00100","","総数","00800","","66歳","","243","38","38","25","32","12","6","17","14","14","8","6","33","-"
"10300","","再婚者数【人】","00100","","夫","2023000000","","2023年","00100","","総数","00810","","67歳","","233","42","44","24","23","17","7","7","9","17","5","6","32","-"
"10300","","再婚者数【人】","00100","","夫","2023000000","","2023年","00100","","総数","00820","","68歳","","222","35","51","19","14","14","7","15","6","14","9","8","30","-"
"10300","","再婚者数【人】","00100","","夫","2023000000","","2023年","00100","","総数","00830","","69歳","","185","36","23","15","17","15","17","15","10","2","8","9","18","-"
"10300","","再婚者数【人】","00100","","夫","2023000000","","2023年","00100","","総数","00840","","70歳","","174","37","31","16","22","19","10","7","3","5","6","6","12","-"
"10300","","再婚者数【人】","00100","","夫","2023000000","","2023年","00100","","総数","00850","","71歳","","162","36","30","20","13","9","7","6","8","8","3","4","18","-"
"10300","","再婚者数【人】","00100","","夫","2023000000","","2023年","00100","","総数","00860","","72歳","","145","25","39","19","20","5","7","4","4","6","4","2","10","-"
"10300","","再婚者数【人】","00100","","夫","2023000000","","2023年","00100","","総数","00870","","73歳","","144","38","22","27","15","7","10","5","7","2","3","1","7","-"
"10300","","再婚者数【人】","00100","","夫","2023000000","","2023年","00100","","総数","00880","","74歳","","121","41","29","17","3","10","6","-","3","3","3","1","5","-"
"10300","","再婚者数【人】","00100","","夫","2023000000","","2023年","00100","","総数","00890","","75歳","","104","37","23","8","5","7","4","6","3","5","1","1","4","-"
"10300","","再婚者数【人】","00100","","夫","2023000000","","2023年","00100","","総数","00900","","76歳","","83","26","18","4","4","8","7","5","2","2","2","1","4","-"
"10300","","再婚者数【人】","00100","","夫","2023000000","","2023年","00100","","総数","00910","","77歳","","79","18","14","11","8","6","7","6","1","2","1","-","5","-"
"10300","","再婚者数【人】","00100","","夫","2023000000","","2023年","00100","","総数","00920","","78歳","","77","19","18","7","10","5","3","4","4","-","1","2","4","-"
"10300","","再婚者数【人】","00100","","夫","2023000000","","2023年","00100","","総数","00930","","79歳","","44","14","13","7","3","-","2","1","-","1","1","2","-","-"
"10300","","再婚者数【人】","00100","","夫","2023000000","","2023年","00100","","総数","00940","","80歳以上","","249","81","66","40","17","15","10","4","6","4","4","2","-","-"
"10300","","再婚者数【人】","00100","","夫","2023000000","","2023年","00100","","総数","01380","","不詳","","12","-","-","-","-","-","-","-","-","-","-","-","-","12"
"10300","","再婚者数【人】","00100","","夫","2023000000","","2023年","00110","","死別","00100","","総数","","2,860","53","192","269","297","251","206","169","189","115","125","119","875","-"
"10300","","再婚者数【人】","00100","","夫","2023000000","","2023年","00110","","死別","00310","","18歳","","-","-","-","-","-","-","-","-","-","-","-","-","-","-"
"10300","","再婚者数【人】","00100","","夫","2023000000","","2023年","00110","","死別","00320","","19歳","","-","-","-","-","-","-","-","-","-","-","-","-","-","-"
"10300","","再婚者数【人】","00100","","夫","2023000000","","2023年","00110","","死別","00330","","20歳","","4","-","-","-","-","-","-","-","-","-","1","1","2","-"
"10300","","再婚者数【人】","00100","","夫","2023000000","","2023年","00110","","死別","00340","","21歳","","1","-","-","-","1","-","-","-","-","-","-","-","-","-"
"10300","","再婚者数【人】","00100","","夫","2023000000","","2023年","00110","","死別","00350","","22歳","","3","-","1","-","1","-","-","1","-","-","-","-","-","-"
"10300","","再婚者数【人】","00100","","夫","2023000000","","2023年","00110","","死別","00360","","23歳","","1","-","-","-","-","-","-","-","-","-","-","-","1","-"
"10300","","再婚者数【人】","00100","","夫","2023000000","","2023年","00110","","死別","00370","","24歳","","5","-","-","-","2","1","1","-","-","-","-","-","1","-"
"10300","","再婚者数【人】","00100","","夫","2023000000","","2023年","00110","","死別","00380","","25歳","","8","-","2","1","-","1","2","1","-","-","-","-","1","-"
"10300","","再婚者数【人】","00100","","夫","2023000000","","2023年","00110","","死別","00390","","26歳","","9","-","-","1","5","2","-","-","-","1","-","-","-","-"
"10300","","再婚者数【人】","00100","","夫","2023000000","","2023年","00110","","死別","00400","","27歳","","13","-","-","-","2","1","1","1","2","-","-","-","6","-"
"10300","","再婚者数【人】","00100","","夫","2023000000","","2023年","00110","","死別","00410","","28歳","","14","-","-","1","-","3","-","-","1","-","1","2","6","-"
"10300","","再婚者数【人】","00100","","夫","2023000000","","2023年","00110","","死別","00420","","29歳","","25","-","4","2","3","3","-","1","1","1","-","-","10","-"
"10300","","再婚者数【人】","00100","","夫","2023000000","","2023年","00110","","死別","00430","","30歳","","29","-","-","2","2","2","1","-","1","-","-","2","19","-"
"10300","","再婚者数【人】","00100","","夫","2023000000","","2023年","00110","","死別","00440","","31歳","","36","1","1","2","5","1","5","1","4","3","1","1","11","-"
"10300","","再婚者数【人】","00100","","夫","2023000000","","2023年","00110","","死別","00450","","32歳","","26","-","1","3","3","2","3","-","1","2","1","2","8","-"
"10300","","再婚者数【人】","00100","","夫","2023000000","","2023年","00110","","死別","00460","","33歳","","35","-","4","3","2","3","4","3","2","1","-","1","12","-"
"10300","","再婚者数【人】","00100","","夫","2023000000","","2023年","00110","","死別","00470","","34歳","","36","-","-","5","3","3","3","1","6","-","3","2","10","-"
"10300","","再婚者数【人】","00100","","夫","2023000000","","2023年","00110","","死別","00480","","35歳","","44","2","2","1","6","1","2","2","2","1","3","2","20","-"
"10300","","再婚者数【人】","00100","","夫","2023000000","","2023年","00110","","死別","00490","","36歳","","53","-","4","2","4","6","6","1","5","2","2","1","20","-"
"10300","","再婚者数【人】","00100","","夫","2023000000","","2023年","00110","","死別","00500","","37歳","","52","1","1","7","1","6","3","6","3","2","-","3","19","-"
"10300","","再婚者数【人】","00100","","夫","2023000000","","2023年","00110","","死別","00510","","38歳","","57","-","2","6","7","7","3","1","1","2","2","-","26","-"
"10300","","再婚者数【人】","00100","","夫","2023000000","","2023年","00110","","死別","00520","","39歳","","61","-","1","3","9","6","4","4","4","-","1","3","26","-"
"10300","","再婚者数【人】","00100","","夫","2023000000","","2023年","00110","","死別","00530","","40歳","","46","1","2","6","7","4","3","3","-","2","-","2","16","-"
"10300","","再婚者数【人】","00100","","夫","2023000000","","2023年","00110","","死別","00540","","41歳","","58","1","2","5","5","3","5","2","4","3","4","3","21","-"
"10300","","再婚者数【人】","00100","","夫","2023000000","","2023年","00110","","死別","00550","","42歳","","66","2","3","4","9","5","2","4","6","1","3","8","19","-"
"10300","","再婚者数【人】","00100","","夫","2023000000","","2023年","00110","","死別","00560","","43歳","","77","2","1","5","9","8","6","5","10","2","4","4","21","-"
"10300","","再婚者数【人】","00100","","夫","2023000000","","2023年","00110","","死別","00570","","44歳","","54","1","2","2","2","7","4","4","2","3","1","2","24","-"
"10300","","再婚者数【人】","00100","","夫","2023000000","","2023年","00110","","死別","00580","","45歳","","61","1","1","5","5","4","6","2","6","4","3","2","22","-"
"10300","","再婚者数【人】","00100","","夫","2023000000","","2023年","00110","","死別","00590","","46歳","","75","3","-","3","4","7","8","6","2","3","4","1","34","-"
"10300","","再婚者数【人】","00100","","夫","2023000000","","2023年","00110","","死別","00600","","47歳","","65","-","7","5","5","3","5","4","5","1","4","5","21","-"
"10300","","再婚者数【人】","00100","","夫","2023000000","","2023年","00110","","死別","00610","","48歳","","69","-","2","8","4","3","5","7","4","2","5","3","26","-"
"10300","","再婚者数【人】","00100","","夫","2023000000","","2023年","00110","","死別","00620","","49歳","","77","-","2","4","8","8","6","4","8","2","1","2","32","-"
"10300","","再婚者数【人】","00100","","夫","2023000000","","2023年","00110","","死別","00630","","50歳","","70","-","3","5","7","4","6","3","7","1","5","1","28","-"
"10300","","再婚者数【人】","00100","","夫","2023000000","","2023年","00110","","死別","00640","","51歳","","78","1","3","8","9","1","10","7","7","3","2","2","25","-"
"10300","","再婚者数【人】","00100","","夫","2023000000","","2023年","00110","","死別","00650","","52歳","","71","1","2","1","4","5","11","4","7","2","5","2","27","-"
"10300","","再婚者数【人】","00100","","夫","2023000000","","2023年","00110","","死別","00660","","53歳","","82","-","3","4","9","10","9","5","7","1","1","2","31","-"
"10300","","再婚者数【人】","00100","","夫","2023000000","","2023年","00110","","死別","00670","","54歳","","89","1","5","7","4","4","4","6","5","8","4","1","40","-"
"10300","","再婚者数【人】","00100","","夫","2023000000","","2023年","00110","","死別","00690","","55歳","","73","1","6","7","3","7","3","5","4","-","4","5","28","-"
"10300","","再婚者数【人】","00100","","夫","2023000000","","2023年","00110","","死別","00700","","56歳","","76","1","1","5","12","6","3","2","3","4","5","4","30","-"
"10300","","再婚者数【人】","00100","","夫","2023000000","","2023年","00110","","死別","00710","","57歳","","63","-","4","9","7","2","4","2","5","1","4","7","18","-"
"10300","","再婚者数【人】","00100","","夫","2023000000","","2023年","00110","","死別","00720","","58歳","","78","1","4","5","6","7","7","6","5","2","5","5","25","-"
"10300","","再婚者数【人】","00100","","夫","2023000000","","2023年","00110","","死別","00730","","59歳","","78","-","6","6","9","5","4","13","5","2","-","5","23","-"
"10300","","再婚者数【人】","00100","","夫","2023000000","","2023年","00110","","死別","00740","","60歳","","90","-","1","13","3","11","4","6","9","3","4","7","29","-"
"10300","","再婚者数【人】","00100","","夫","2023000000","","2023年","00110","","死別","00750","","61歳","","66","1","3","6","6","8","2","6","3","5","4","3","19","-"
"10300","","再婚者数【人】","00100","","夫","2023000000","","2023年","00110","","死別","00760","","62歳","","62","1","3","4","12","10","3","1","3","2","4","4","15","-"
"10300","","再婚者数【人】","00100","","夫","2023000000","","2023年","00110","","死別","00770","","63歳","","50","-","5","7","4","5","3","1","2","2","4","3","14","-"
"10300","","再婚者数【人】","00100","","夫","2023000000","","2023年","00110","","死別","00780","","64歳","","54","-","3","5","4","4","5","5","1","7","6","-","14","-"
"10300","","再婚者数【人】","00100","","夫","2023000000","","2023年","00110","","死別","00790","","65歳","","56","2","7","7","8","3","4","2","7","3","4","2","7","-"
"10300","","再婚者数【人】","00100","","夫","2023000000","","2023年","00110","","死別","00800","","66歳","","48","1","5","6","8","3","1","3","2","6","3","1","9","-"
"10300","","再婚者数【人】","00100","","夫","2023000000","","2023年","00110","","死別","00810","","67歳","","59","2","8","9","10","6","4","2","-","4","3","2","9","-"
"10300","","再婚者数【人】","00100","","夫","2023000000","","2023年","00110","","死別","00820","","68歳","","48","-","11","4","4","3","3","6","4","4","-","2","7","-"
"10300","","再婚者数【人】","00100","","夫","2023000000","","2023年","00110","","死別","00830","","69歳","","44","1","1","3","9","4","6","5","3","1","2","2","7","-"
"10300","","再婚者数【人】","00100","","夫","2023000000","","2023年","00110","","死別","00840","","70歳","","42","1","2","4","6","9","1","2","2","4","2","2","7","-"
"10300","","再婚者数【人】","00100","","夫","2023000000","","2023年","00110","","死別","00850","","71歳","","41","-","3","7","4","4","3","3","3","3","-","2","9","-"
"10300","","再婚者数【人】","00100","","夫","2023000000","","2023年","00110","","死別","00860","","72歳","","36","2","9","3","7","3","-","2","2","1","2","-","5","-"
"10300","","再婚者数【人】","00100","","夫","2023000000","","2023年","00110","","死別","00870","","73歳","","36","1","4","10","6","2","1","1","4","1","2","1","3","-"
"10300","","再婚者数【人】","00100","","夫","2023000000","","2023年","00110","","死別","00880","","74歳","","18","1","5","4","-","3","2","-","1","-","-","-","2","-"
"10300","","再婚者数【人】","00100","","夫","2023000000","","2023年","00110","","死別","00890","","75歳","","24","3","3","4","2","4","1","-","2","3","-","-","2","-"
"10300","","再婚者数【人】","00100","","夫","2023000000","","2023年","00110","","死別","00900","","76歳","","17","1","2","2","1","4","3","1","-","-","1","-","2","-"
"10300","","再婚者数【人】","00100","","夫","2023000000","","2023年","00110","","死別","00910","","77歳","","20","2","1","3","2","2","4","1","-","1","-","-","4","-"
"10300","","再婚者数【人】","00100","","夫","2023000000","","2023年","00110","","死別","00920","","78歳","","22","-","5","3","6","1","2","-","2","-","1","-","2","-"
"10300","","再婚者数【人】","00100","","夫","2023000000","","2023年","00110","","死別","00930","","79歳","","9","1","2","-","2","-","-","1","-","1","1","1","-","-"
"10300","","再婚者数【人】","00100","","夫","2023000000","","2023年","00110","","死別","00940","","80歳以上","","100","12","27","22","9","11","5","4","4","2","3","1","-","-"
"10300","","再婚者数【人】","00100","","夫","2023000000","","2023年","00110","","死別","01380","","不詳","","-","-","-","-","-","-","-","-","-","-","-","-","-","-"
"10300","","再婚者数【人】","00100","","夫","2023000000","","2023年","00120","","離別","00100","","総数","","85,018","6,045","9,782","9,018","8,318","7,337","5,997","5,046","4,270","3,685","3,019","2,691","19,798","12"
"10300","","再婚者数【人】","00100","","夫","2023000000","","2023年","00120","","離別","00310","","18歳","","80","3","1","7","9","8","7","6","6","3","4","3","23","-"
"10300","","再婚者数【人】","00100","","夫","2023000000","","2023年","00120","","離別","00320","","19歳","","250","5","13","20","20","17","23","21","18","9","15","14","75","-"
"10300","","再婚者数【人】","00100","","夫","2023000000","","2023年","00120","","離別","00330","","20歳","","503","13","33","36","45","35","45","43","47","36","16","19","135","-"
"10300","","再婚者数【人】","00100","","夫","2023000000","","2023年","00120","","離別","00340","","21歳","","890","31","70","67","66","94","82","67","61","45","40","33","234","-"
"10300","","再婚者数【人】","00100","","夫","2023000000","","2023年","00120","","離別","00350","","22歳","","1,135","30","100","95","104","108","111","81","56","62","47","43","298","-"
"10300","","再婚者数【人】","00100","","夫","2023000000","","2023年","00120","","離別","00360","","23歳","","1,559","44","113","178","164","149","116","118","89","86","63","59","380","-"
"10300","","再婚者数【人】","00100","","夫","2023000000","","2023年","00120","","離別","00370","","24歳","","1,907","65","185","182","183","200","161","123","92","91","78","78","469","-"
"10300","","再婚者数【人】","00100","","夫","2023000000","","2023年","00120","","離別","00380","","25歳","","2,231","79","200","227","248","229","183","160","124","95","93","67","526","-"
"10300","","再婚者数【人】","00100","","夫","2023000000","","2023年","00120","","離別","00390","","26歳","","2,584","107","223","284","308","250","207","161","140","118","111","85","590","-"
"10300","","再婚者数【人】","00100","","夫","2023000000","","2023年","00120","","離別","00400","","27歳","","2,997","101","257","345","334","300","251","180","174","139","116","95","705","-"
"10300","","再婚者数【人】","00100","","夫","2023000000","","2023年","00120","","離別","00410","","28歳","","3,201","132","335","350","378","304","243","212","169","144","132","79","723","-"
"10300","","再婚者数【人】","00100","","夫","2023000000","","2023年","00120","","離別","00420","","29歳","","3,440","141","319","385","368","347","292","216","170","166","114","108","814","-"
"10300","","再婚者数【人】","00100","","夫","2023000000","","2023年","00120","","離別","00430","","30歳","","3,692","162","362","401","419","384","285","239","190","170","123","108","849","-"
"10300","","再婚者数【人】","00100","","夫","2023000000","","2023年","00120","","離別","00440","","31歳","","3,690","140","403","399","400","362","318","227","209","166","137","114","815","-"
"10300","","再婚者数【人】","00100","","夫","2023000000","","2023年","00120","","離別","00450","","32歳","","3,610","149","343","397","405","330","301","246","179","185","115","115","845","-"
"10300","","再婚者数【人】","00100","","夫","2023000000","","2023年","00120","","離別","00460","","33歳","","3,547","157","378","440","362","330","266","237","176","164","108","106","823","-"
"10300","","再婚者数【人】","00100","","夫","2023000000","","2023年","00120","","離別","00470","","34歳","","3,613","204","352","380","359","308","287","225","209","157","113","89","930","-"
"10300","","再婚者数【人】","00100","","夫","2023000000","","2023年","00120","","離別","00480","","35歳","","3,403","186","370","379","358","339","250","175","183","139","121","109","794","-"
"10300","","再婚者数【人】","00100","","夫","2023000000","","2023年","00120","","離別","00490","","36歳","","3,198","151","357","352","338","288","218","181","166","140","107","97","803","-"
"10300","","再婚者数【人】","00100","","夫","2023000000","","2023年","00120","","離別","00500","","37歳","","3,039","155","357","345","318","264","171","161","162","126","96","96","788","-"
"10300","","再婚者数【人】","00100","","夫","2023000000","","2023年","00120","","離別","00510","","38歳","","2,878","182","332","306","278","226","191","165","137","126","101","91","743","-"
"10300","","再婚者数【人】","00100","","夫","2023000000","","2023年","00120","","離別","00520","","39歳","","2,697","182","286","254","243","217","186","185","134","103","116","93","698","-"
"10300","","再婚者数【人】","00100","","夫","2023000000","","2023年","00120","","離別","00530","","40歳","","2,598","179","310","251","224","204","178","146","129","106","90","108","673","-"
"10300","","再婚者数【人】","00100","","夫","2023000000","","2023年","00120","","離別","00540","","41歳","","2,301","166","303","227","205","179","136","135","109","95","83","77","586","-"
"10300","","再婚者数【人】","00100","","夫","2023000000","","2023年","00120","","離別","00550","","42歳","","2,251","164","256","237","197","205","130","141","120","104","74","82","541","-"
"10300","","再婚者数【人】","00100","","夫","2023000000","","2023年","00120","","離別","00560","","43歳","","2,111","150","243","210","177","164","138","118","96","90","86","76","563","-"
"10300","","再婚者数【人】","00100","","夫","2023000000","","2023年","00120","","離別","00570","","44歳","","1,897","128","217","191","173","146","134","109","80","86","87","64","482","-"
"10300","","再婚者数【人】","00100","","夫","2023000000","","2023年","00120","","離別","00580","","45歳","","1,818","161","234","185","162","136","103","110","83","78","64","72","430","-"
"10300","","再婚者数【人】","00100","","夫","2023000000","","2023年","00120","","離別","00590","","46歳","","1,723","136","221","186","163","138","110","92","84","74","67","53","399","-"
"10300","","再婚者数【人】","00100","","夫","2023000000","","2023年","00120","","離別","00600","","47歳","","1,530","144","191","171","137","111","84","84","79","74","56","43","356","-"
"10300","","再婚者数【人】","00100","","夫","2023000000","","2023年","00120","","離別","00610","","48歳","","1,450","152","213","168","118","96","86","71","62","57","44","43","340","-"
"10300","","再婚者数【人】","00100","","夫","2023000000","","2023年","00120","","離別","00620","","49歳","","1,356","167","193","154","105","76","78","75","69","42","49","44","304","-"
"10300","","再婚者数【人】","00100","","夫","2023000000","","2023年","00120","","離別","00630","","50歳","","1,260","149","177","124","106","97","73","56","37","50","62","41","288","-"
"10300","","再婚者数【人】","00100","","夫","2023000000","","2023年","00120","","離別","00640","","51歳","","1,097","122","165","109","104","80","61","56","57","28","31","35","249","-"
"10300","","再婚者数【人】","00100","","夫","2023000000","","2023年","00120","","離別","00650","","52歳","","991","134","154","101","75","74","52","47","54","32","36","22","210","-"
"10300","","再婚者数【人】","00100","","夫","2023000000","","2023年","00120","","離別","00660","","53歳","","913","123","139","102","67","55","58","45","40","41","27","22","194","-"
"10300","","再婚者数【人】","00100","","夫","2023000000","","2023年","00120","","離別","00670","","54歳","","824","137","129","86","62","58","51","39","38","26","23","29","146","-"
"10300","","再婚者数【人】","00100","","夫","2023000000","","2023年","00120","","離別","00690","","55歳","","751","112","125","68","59","47","42","34","39","29","23","27","146","-"
"10300","","再婚者数【人】","00100","","夫","2023000000","","2023年","00120","","離別","00700","","56歳","","646","84","97","82","49","48","47","27","24","32","16","14","126","-"
"10300","","再婚者数【人】","00100","","夫","2023000000","","2023年","00120","","離別","00710","","57歳","","587","99","111","56","50","34","29","23","25","14","17","15","114","-"
"10300","","再婚者数【人】","00100","","夫","2023000000","","2023年","00120","","離別","00720","","58歳","","572","118","96","65","45","41","22","32","29","18","14","11","81","-"
"10300","","再婚者数【人】","00100","","夫","2023000000","","2023年","00120","","離別","00730","","59歳","","461","91","79","39","31","30","28","25","9","16","21","13","79","-"
"10300","","再婚者数【人】","00100","","夫","2023000000","","2023年","00120","","離別","00740","","60歳","","528","98","96","57","50","53","15","16","13","14","13","15","88","-"
"10300","","再婚者数【人】","00100","","夫","2023000000","","2023年","00120","","離別","00750","","61歳","","381","68","62","39","39","19","23","17","12","15","8","14","65","-"
"10300","","再婚者数【人】","00100","","夫","2023000000","","2023年","00120","","離別","00760","","62歳","","312","57","62","31","21","20","14","13","11","11","2","9","61","-"
"10300","","再婚者数【人】","00100","","夫","2023000000","","2023年","00120","","離別","00770","","63歳","","302","59","61","29","25","15","15","13","10","8","9","9","49","-"
"10300","","再婚者数【人】","00100","","夫","2023000000","","2023年","00120","","離別","00780","","64歳","","270","79","44","29","18","13","10","12","10","13","7","5","30","-"
"10300","","再婚者数【人】","00100","","夫","2023000000","","2023年","00120","","離別","00790","","65歳","","231","54","44","17","19","19","12","10","9","8","5","10","24","-"
"10300","","再婚者数【人】","00100","","夫","2023000000","","2023年","00120","","離別","00800","","66歳","","195","37","33","19","24","9","5","14","12","8","5","5","24","-"
"10300","","再婚者数【人】","00100","","夫","2023000000","","2023年","00120","","離別","00810","","67歳","","174","40","36","15","13","11","3","5","9","13","2","4","23","-"
"10300","","再婚者数【人】","00100","","夫","2023000000","","2023年","00120","","離別","00820","","68歳","","174","35","40","15","10","11","4","9","2","10","9","6","23","-"
"10300","","再婚者数【人】","00100","","夫","2023000000","","2023年","00120","","離別","00830","","69歳","","141","35","22","12","8","11","11","10","7","1","6","7","11","-"
"10300","","再婚者数【人】","00100","","夫","2023000000","","2023年","00120","","離別","00840","","70歳","","132","36","29","12","16","10","9","5","1","1","4","4","5","-"
"10300","","再婚者数【人】","00100","","夫","2023000000","","2023年","00120","","離別","00850","","71歳","","121","36","27","13","9","5","4","3","5","5","3","2","9","-"
"10300","","再婚者数【人】","00100","","夫","2023000000","","2023年","00120","","離別","00860","","72歳","","109","23","30","16","13","2","7","2","2","5","2","2","5","-"
"10300","","再婚者数【人】","00100","","夫","2023000000","","2023年","00120","","離別","00870","","73歳","","108","37","18","17","9","5","9","4","3","1","1","-","4","-"
"10300","","再婚者数【人】","00100","","夫","2023000000","","2023年","00120","","離別","00880","","74歳","","103","40","24","13","3","7","4","-","2","3","3","1","3","-"
"10300","","再婚者数【人】","00100","","夫","2023000000","","2023年","00120","","離別","00890","","75歳","","80","34","20","4","3","3","3","6","1","2","1","1","2","-"
"10300","","再婚者数【人】","00100","","夫","2023000000","","2023年","00120","","離別","00900","","76歳","","66","25","16","2","3","4","4","4","2","2","1","1","2","-"
"10300","","再婚者数【人】","00100","","夫","2023000000","","2023年","00120","","離別","00910","","77歳","","59","16","13","8","6","4","3","5","1","1","1","-","1","-"
"10300","","再婚者数【人】","00100","","夫","2023000000","","2023年","00120","","離別","00920","","78歳","","55","19","13","4","4","4","1","4","2","-","-","2","2","-"
"10300","","再婚者数【人】","00100","","夫","2023000000","","2023年","00120","","離別","00930","","79歳","","35","13","11","7","1","-","2","-","-","-","-","1","-","-"
"10300","","再婚者数【人】","00100","","夫","2023000000","","2023年","00120","","離別","00940","","80歳以上","","149","69","39","18","8","4","5","-","2","2","1","1","-","-"
"10300","","再婚者数【人】","00100","","夫","2023000000","","2023年","00120","","離別","01380","","不詳","","12","-","-","-","-","-","-","-","-","-","-","-","-","12"
"10300","","再婚者数【人】","00100","","夫","2022000000","","2022年","00100","","総数","00100","","総数","","94,001","6,267","10,522","10,540","9,811","8,086","6,643","5,704","4,919","3,901","3,470","2,994","21,124","20"
"10300","","再婚者数【人】","00100","","夫","2022000000","","2022年","00100","","総数","00310","","18歳","","56","1","4","3","2","5","5","2","3","5","5","1","20","-"
"10300","","再婚者数【人】","00100","","夫","2022000000","","2022年","00100","","総数","00320","","19歳","","246","7","18","10","18","23","21","21","11","15","12","15","75","-"
"10300","","再婚者数【人】","00100","","夫","2022000000","","2022年","00100","","総数","00330","","20歳","","568","10","36","52","47","66","43","43","42","29","33","24","143","-"
"10300","","再婚者数【人】","00100","","夫","2022000000","","2022年","00100","","総数","00340","","21歳","","919","23","59","88","96","74","56","57","54","56","36","47","273","-"
"10300","","再婚者数【人】","00100","","夫","2022000000","","2022年","00100","","総数","00350","","22歳","","1,297","35","85","120","142","122","119","75","76","59","45","48","371","-"
"10300","","再婚者数【人】","00100","","夫","2022000000","","2022年","00100","","総数","00360","","23歳","","1,783","45","155","145","181","181","145","124","116","82","83","73","453","-"
"10300","","再婚者数【人】","00100","","夫","2022000000","","2022年","00100","","総数","00370","","24歳","","1,978","72","168","219","209","172","141","135","139","83","84","65","491","-"
"10300","","再婚者数【人】","00100","","夫","2022000000","","2022年","00100","","総数","00380","","25歳","","2,369","79","218","251","253","235","180","151","147","105","84","85","581","-"
"10300","","再婚者数【人】","00100","","夫","2022000000","","2022年","00100","","総数","00390","","26歳","","2,839","105","237","317","316","289","214","208","163","130","97","93","670","-"
"10300","","再婚者数【人】","00100","","夫","2022000000","","2022年","00100","","総数","00400","","27歳","","3,233","117","272","384","382","300","241","224","186","155","127","113","732","-"
"10300","","再婚者数【人】","00100","","夫","2022000000","","2022年","00100","","総数","00410","","28歳","","3,558","113","364","430","414","336","276","243","223","130","156","110","763","-"
"10300","","再婚者数【人】","00100","","夫","2022000000","","2022年","00100","","総数","00420","","29歳","","3,953","145","377","433","451","398","322","275","232","184","142","114","880","-"
"10300","","再婚者数【人】","00100","","夫","2022000000","","2022年","00100","","総数","00430","","30歳","","4,130","147","418","467","489","413","337","270","257","177","190","120","845","-"
"10300","","再婚者数【人】","00100","","夫","2022000000","","2022年","00100","","総数","00440","","31歳","","4,038","153","381","518","459","365","305","267","238","177","150","120","905","-"
"10300","","再婚者数【人】","00100","","夫","2022000000","","2022年","00100","","総数","00450","","32歳","","4,147","178","396","531","484","380","301","268","223","203","146","133","904","-"
"10300","","再婚者数【人】","00100","","夫","2022000000","","2022年","00100","","総数","00460","","33歳","","4,059","172","403","482","466","361","307","241","243","171","141","133","939","-"
"10300","","再婚者数【人】","00100","","夫","2022000000","","2022年","00100","","総数","00470","","34歳","","3,832","180","356","447","443","377","333","227","182","168","143","123","853","-"
"10300","","再婚者数【人】","00100","","夫","2022000000","","2022年","00100","","総数","00480","","35歳","","3,723","176","413","421","410","344","273","216","161","152","143","126","888","-"
"10300","","再婚者数【人】","00100","","夫","2022000000","","2022年","00100","","総数","00490","","36歳","","3,601","167","384","462","398","314","235","234","175","129","122","128","853","-"
"10300","","再婚者数【人】","00100","","夫","2022000000","","2022年","00100","","総数","00500","","37歳","","3,469","199","386","419","354","257","255","216","187","143","136","113","804","-"
"10300","","再婚者数【人】","00100","","夫","2022000000","","2022年","00100","","総数","00510","","38歳","","3,272","176","371","341","342","283","221","218","157","127","133","110","793","-"
"10300","","再婚者数【人】","00100","","夫","2022000000","","2022年","00100","","総数","00520","","39歳","","3,012","179","369","328","315","228","220","188","136","140","105","88","716","-"
"10300","","再婚者数【人】","00100","","夫","2022000000","","2022年","00100","","総数","00530","","40歳","","2,742","210","317","309","267","219","187","155","128","117","105","78","650","-"
"10300","","再婚者数【人】","00100","","夫","2022000000","","2022年","00100","","総数","00540","","41歳","","2,703","168","320","307","276","207","175","154","149","136","101","86","624","-"
"10300","","再婚者数【人】","00100","","夫","2022000000","","2022年","00100","","総数","00550","","42歳","","2,411","178","266","265","227","190","160","147","141","97","91","90","559","-"
"10300","","再婚者数【人】","00100","","夫","2022000000","","2022年","00100","","総数","00560","","43歳","","2,331","171","280","217","226","197","155","161","128","98","74","83","541","-"
"10300","","再婚者数【人】","00100","","夫","2022000000","","2022年","00100","","総数","00570","","44歳","","2,107","169","233","228","169","173","158","133","90","84","82","78","510","-"
"10300","","再婚者数【人】","00100","","夫","2022000000","","2022年","00100","","総数","00580","","45歳","","1,971","171","274","224","199","160","132","88","85","79","72","61","426","-"
"10300","","再婚者数【人】","00100","","夫","2022000000","","2022年","00100","","総数","00590","","46歳","","1,834","177","242","200","193","135","118","107","64","58","69","52","419","-"
"10300","","再婚者数【人】","00100","","夫","2022000000","","2022年","00100","","総数","00600","","47歳","","1,582","150","230","150","148","110","102","61","91","58","51","51","380","-"
"10300","","再婚者数【人】","00100","","夫","2022000000","","2022年","00100","","総数","00610","","48歳","","1,559","165","219","169","145","113","94","70","74","44","64","46","356","-"
"10300","","再婚者数【人】","00100","","夫","2022000000","","2022年","00100","","総数","00620","","49歳","","1,377","169","181","155","107","119","95","61","62","51","41","27","309","-"
"10300","","再婚者数【人】","00100","","夫","2022000000","","2022年","00100","","総数","00630","","50歳","","1,240","140","177","134","120","91","78","52","55","36","35","43","279","-"
"10300","","再婚者数【人】","00100","","夫","2022000000","","2022年","00100","","総数","00640","","51歳","","1,229","148","187","144","111","71","51","75","52","53","46","39","252","-"
"10300","","再婚者数【人】","00100","","夫","2022000000","","2022年","00100","","総数","00650","","52歳","","1,075","130","176","102","110","71","66","52","50","30","32","22","234","-"
"10300","","再婚者数【人】","00100","","夫","2022000000","","2022年","00100","","総数","00660","","53歳","","998","122","160","104","80","67","49","54","46","35","31","29","221","-"
"10300","","再婚者数【人】","00100","","夫","2022000000","","2022年","00100","","総数","00670","","54歳","","866","115","124","76","71","73","47","47","31","26","36","27","193","-"
"10300","","再婚者数【人】","00100","","夫","2022000000","","2022年","00100","","総数","00690","","55歳","","834","122","120","82","78","51","50","45","29","43","28","26","160","-"
"10300","","再婚者数【人】","00100","","夫","2022000000","","2022年","00100","","総数","00700","","56歳","","722","103","102","86","65","45","39","35","34","24","20","25","144","-"
"10300","","再婚者数【人】","00100","","夫","2022000000","","2022年","00100","","総数","00710","","57歳","","667","113","99","71","55","48","30","33","35","26","18","9","130","-"
"10300","","再婚者数【人】","00100","","夫","2022000000","","2022年","00100","","総数","00720","","58歳","","582","94","94","55","45","39","40","33","25","20","11","13","113","-"
"10300","","再婚者数【人】","00100","","夫","2022000000","","2022年","00100","","総数","00730","","59歳","","531","81","83","49","48","47","31","28","15","13","11","19","106","-"
"10300","","再婚者数【人】","00100","","夫","2022000000","","2022年","00100","","総数","00740","","60歳","","527","67","85","51","44","55","26","21","19","24","13","14","108","-"
"10300","","再婚者数【人】","00100","","夫","2022000000","","2022年","00100","","総数","00750","","61歳","","455","76","68","54","49","31","22","22","17","14","12","11","79","-"
"10300","","再婚者数【人】","00100","","夫","2022000000","","2022年","00100","","総数","00760","","62歳","","372","56","54","57","37","18","21","13","13","16","13","7","67","-"
"10300","","再婚者数【人】","00100","","夫","2022000000","","2022年","00100","","総数","00770","","63歳","","373","66","63","34","27","23","14","14","18","9","19","22","64","-"
"10300","","再婚者数【人】","00100","","夫","2022000000","","2022年","00100","","総数","00780","","64歳","","303","65","51","23","20","21","21","14","10","13","15","10","40","-"
"10300","","再婚者数【人】","00100","","夫","2022000000","","2022年","00100","","総数","00790","","65歳","","266","48","38","33","22","23","16","15","8","10","12","7","34","-"
"10300","","再婚者数【人】","00100","","夫","2022000000","","2022年","00100","","総数","00800","","66歳","","261","46","46","33","20","18","15","16","15","10","8","1","33","-"
"10300","","再婚者数【人】","00100","","夫","2022000000","","2022年","00100","","総数","00810","","67歳","","227","51","27","33","23","16","14","12","16","9","3","6","17","-"
"10300","","再婚者数【人】","00100","","夫","2022000000","","2022年","00100","","総数","00820","","68歳","","192","37","29","21","16","13","12","12","11","5","3","6","27","-"
"10300","","再婚者数【人】","00100","","夫","2022000000","","2022年","00100","","総数","00830","","69歳","","217","36","40","23","24","20","13","18","6","8","7","5","17","-"
"10300","","再婚者数【人】","00100","","夫","2022000000","","2022年","00100","","総数","00840","","70歳","","196","37","37","23","22","16","7","5","9","6","6","3","25","-"
"10300","","再婚者数【人】","00100","","夫","2022000000","","2022年","00100","","総数","00850","","71歳","","157","36","25","19","19","15","5","4","8","2","8","3","13","-"
"10300","","再婚者数【人】","00100","","夫","2022000000","","2022年","00100","","総数","00860","","72歳","","136","29","22","27","13","8","6","4","3","8","3","2","11","-"
"10300","","再婚者数【人】","00100","","夫","2022000000","","2022年","00100","","総数","00870","","73歳","","141","43","27","21","4","13","6","5","5","4","5","1","7","-"
"10300","","再婚者数【人】","00100","","夫","2022000000","","2022年","00100","","総数","00880","","74歳","","102","27","21","5","5","8","3","2","10","3","3","4","11","-"
"10300","","再婚者数【人】","00100","","夫","2022000000","","2022年","00100","","総数","00890","","75歳","","88","27","10","10","8","3","9","8","2","5","2","2","2","-"
"10300","","再婚者数【人】","00100","","夫","2022000000","","2022年","00100","","総数","00900","","76歳","","102","20","13","14","13","13","7","8","4","1","2","1","6","-"
"10300","","再婚者数【人】","00100","","夫","2022000000","","2022年","00100","","総数","00910","","77歳","","64","14","18","10","7","6","3","3","-","2","1","-","-","-"
"10300","","再婚者数【人】","00100","","夫","2022000000","","2022年","00100","","総数","00920","","78歳","","73","20","17","10","5","5","4","5","3","2","1","1","-","-"
"10300","","再婚者数【人】","00100","","夫","2022000000","","2022年","00100","","総数","00930","","79歳","","60","13","20","8","6","-","2","2","3","1","1","1","3","-"
"10300","","再婚者数【人】","00100","","夫","2022000000","","2022年","00100","","総数","00940","","80歳以上","","225","78","57","36","16","11","10","7","4","1","2","1","2","-"
"10300","","再婚者数【人】","00100","","夫","2022000000","","2022年","00100","","総数","01380","","不詳","","21","-","-","-","-","1","-","-","-","-","-","-","-","20"
"10300","","再婚者数【人】","00100","","夫","2022000000","","2022年","00110","","死別","00100","","総数","","3,009","65","214","300","266","251","230","188","202","141","151","98","901","2"
"10300","","再婚者数【人】","00100","","夫","2022000000","","2022年","00110","","死別","00310","","18歳","","-","-","-","-","-","-","-","-","-","-","-","-","-","-"
"10300","","再婚者数【人】","00100","","夫","2022000000","","2022年","00110","","死別","00320","","19歳","","-","-","-","-","-","-","-","-","-","-","-","-","-","-"
"10300","","再婚者数【人】","00100","","夫","2022000000","","2022年","00110","","死別","00330","","20歳","","1","-","-","-","-","-","-","-","1","-","-","-","-","-"
"10300","","再婚者数【人】","00100","","夫","2022000000","","2022年","00110","","死別","00340","","21歳","","2","-","-","-","-","-","-","-","-","-","-","1","1","-"
"10300","","再婚者数【人】","00100","","夫","2022000000","","2022年","00110","","死別","00350","","22歳","","3","-","-","-","-","-","-","1","1","-","-","-","1","-"
"10300","","再婚者数【人】","00100","","夫","2022000000","","2022年","00110","","死別","00360","","23歳","","5","-","-","-","-","1","-","-","1","-","-","-","3","-"
"10300","","再婚者数【人】","00100","","夫","2022000000","","2022年","00110","","死別","00370","","24歳","","6","-","-","-","1","1","-","-","-","1","-","-","3","-"
"10300","","再婚者数【人】","00100","","夫","2022000000","","2022年","00110","","死別","00380","","25歳","","7","-","1","2","-","2","-","-","-","1","-","-","1","-"
"10300","","再婚者数【人】","00100","","夫","2022000000","","2022年","00110","","死別","00390","","26歳","","9","-","-","-","-","2","-","1","1","-","-","-","5","-"
"10300","","再婚者数【人】","00100","","夫","2022000000","","2022年","00110","","死別","00400","","27歳","","17","-","1","1","2","2","-","-","-","3","2","-","6","-"
"10300","","再婚者数【人】","00100","","夫","2022000000","","2022年","00110","","死別","00410","","28歳","","26","-","2","2","3","-","-","2","3","1","4","1","8","-"
"10300","","再婚者数【人】","00100","","夫","2022000000","","2022年","00110","","死別","00420","","29歳","","24","-","3","3","2","2","1","1","4","-","1","1","6","-"
"10300","","再婚者数【人】","00100","","夫","2022000000","","2022年","00110","","死別","00430","","30歳","","27","-","-","1","2","3","4","3","2","2","1","2","7","-"
"10300","","再婚者数【人】","00100","","夫","2022000000","","2022年","00110","","死別","00440","","31歳","","23","-","-","4","2","2","3","2","1","1","1","1","6","-"
"10300","","再婚者数【人】","00100","","夫","2022000000","","2022年","00110","","死別","00450","","32歳","","40","-","-","5","4","8","4","1","1","4","-","-","13","-"
"10300","","再婚者数【人】","00100","","夫","2022000000","","2022年","00110","","死別","00460","","33歳","","41","-","2","3","4","8","4","1","2","-","1","2","14","-"
"10300","","再婚者数【人】","00100","","夫","2022000000","","2022年","00110","","死別","00470","","34歳","","43","-","3","-","1","5","6","2","2","1","3","-","20","-"
"10300","","再婚者数【人】","00100","","夫","2022000000","","2022年","00110","","死別","00480","","35歳","","56","1","2","4","9","2","5","1","3","3","1","4","21","-"
"10300","","再婚者数【人】","00100","","夫","2022000000","","2022年","00110","","死別","00490","","36歳","","58","-","4","5","5","6","5","1","12","1","-","-","19","-"
"10300","","再婚者数【人】","00100","","夫","2022000000","","2022年","00110","","死別","00500","","37歳","","51","2","2","1","7","2","4","3","3","2","3","2","20","-"
"10300","","再婚者数【人】","00100","","夫","2022000000","","2022年","00110","","死別","00510","","38歳","","50","-","3","2","6","1","6","3","2","-","2","-","25","-"
"10300","","再婚者数【人】","00100","","夫","2022000000","","2022年","00110","","死別","00520","","39歳","","45","-","3","4","7","3","4","1","1","2","1","4","15","-"
"10300","","再婚者数【人】","00100","","夫","2022000000","","2022年","00110","","死別","00530","","40歳","","66","1","1","6","6","4","7","6","5","2","3","-","25","-"
"10300","","再婚者数【人】","00100","","夫","2022000000","","2022年","00110","","死別","00540","","41歳","","65","3","3","7","3","5","4","3","5","6","6","2","18","-"
"10300","","再婚者数【人】","00100","","夫","2022000000","","2022年","00110","","死別","00550","","42歳","","71","-","6","5","7","4","3","3","8","1","3","3","28","-"
"10300","","再婚者数【人】","00100","","夫","2022000000","","2022年","00110","","死別","00560","","43歳","","78","1","3","7","4","3","4","7","4","3","7","2","33","-"
"10300","","再婚者数【人】","00100","","夫","2022000000","","2022年","00110","","死別","00570","","44歳","","73","2","2","3","4","6","6","5","5","3","4","6","27","-"
"10300","","再婚者数【人】","00100","","夫","2022000000","","2022年","00110","","死別","00580","","45歳","","82","1","4","8","8","6","5","7","4","4","2","2","31","-"
"10300","","再婚者数【人】","00100","","夫","2022000000","","2022年","00110","","死別","00590","","46歳","","78","1","1","3","9","3","5","4","7","3","5","2","35","-"
"10300","","再婚者数【人】","00100","","夫","2022000000","","2022年","00110","","死別","00600","","47歳","","75","-","2","6","4","7","10","3","6","3","3","1","30","-"
"10300","","再婚者数【人】","00100","","夫","2022000000","","2022年","00110","","死別","00610","","48歳","","71","1","3","9","8","4","4","3","4","1","7","5","22","-"
"10300","","再婚者数【人】","00100","","夫","2022000000","","2022年","00110","","死別","00620","","49歳","","76","-","4","7","5","6","9","7","5","4","2","1","26","-"
"10300","","再婚者数【人】","00100","","夫","2022000000","","2022年","00110","","死別","00630","","50歳","","82","3","4","7","7","10","4","3","8","3","1","5","27","-"
"10300","","再婚者数【人】","00100","","夫","2022000000","","2022年","00110","","死別","00640","","51歳","","74","1","1","6","9","5","3","9","4","3","7","2","24","-"
"10300","","再婚者数【人】","00100","","夫","2022000000","","2022年","00110","","死別","00650","","52歳","","93","1","7","7","6","6","9","4","6","5","7","1","34","-"
"10300","","再婚者数【人】","00100","","夫","2022000000","","2022年","00110","","死別","00660","","53歳","","79","-","1","7","4","4","3","5","9","4","5","3","34","-"
"10300","","再婚者数【人】","00100","","夫","2022000000","","2022年","00110","","死別","00670","","54歳","","81","2","3","8","7","5","11","6","3","2","5","-","29","-"
"10300","","再婚者数【人】","00100","","夫","2022000000","","2022年","00110","","死別","00690","","55歳","","60","1","4","3","9","3","3","5","2","6","2","3","19","-"
"10300","","再婚者数【人】","00100","","夫","2022000000","","2022年","00110","","死別","00700","","56歳","","72","-","2","10","5","4","1","4","7","4","3","2","30","-"
"10300","","再婚者数【人】","00100","","夫","2022000000","","2022年","00110","","死別","00710","","57歳","","64","1","3","4","9","6","5","5","3","4","3","-","21","-"
"10300","","再婚者数【人】","00100","","夫","2022000000","","2022年","00110","","死別","00720","","58歳","","67","-","4","8","9","6","7","8","2","4","-","2","17","-"
"10300","","再婚者数【人】","00100","","夫","2022000000","","2022年","00110","","死別","00730","","59歳","","68","1","5","6","4","13","6","5","3","2","1","2","20","-"
"10300","","再婚者数【人】","00100","","夫","2022000000","","2022年","00110","","死別","00740","","60歳","","76","2","1","4","3","6","5","4","3","8","2","6","32","-"
"10300","","再婚者数【人】","00100","","夫","2022000000","","2022年","00110","","死別","00750","","61歳","","58","1","6","5","4","7","4","4","2","4","3","1","17","-"
"10300","","再婚者数【人】","00100","","夫","2022000000","","2022年","00110","","死別","00760","","62歳","","54","1","2","8","5","6","4","2","4","2","4","3","13","-"
"10300","","再婚者数【人】","00100","","夫","2022000000","","2022年","00110","","死別","00770","","63歳","","74","1","1","9","3","8","8","5","3","7","5","6","18","-"
"10300","","再婚者数【人】","00100","","夫","2022000000","","2022年","00110","","死別","00780","","64歳","","59","-","6","6","3","3","5","5","3","6","7","2","13","-"
"10300","","再婚者数【人】","00100","","夫","2022000000","","2022年","00110","","死別","00790","","65歳","","56","1","9","6","7","9","2","1","3","1","5","2","10","-"
"10300","","再婚者数【人】","00100","","夫","2022000000","","2022年","00110","","死別","00800","","66歳","","54","2","3","6","4","5","6","6","4","3","3","1","11","-"
"10300","","再婚者数【人】","00100","","夫","2022000000","","2022年","00110","","死別","00810","","67歳","","48","2","5","7","4","3","5","5","5","1","3","1","7","-"
"10300","","再婚者数【人】","00100","","夫","2022000000","","2022年","00110","","死別","00820","","68歳","","54","3","8","4","2","4","5","3","7","2","1","2","13","-"
"10300","","再婚者数【人】","00100","","夫","2022000000","","2022年","00110","","死別","00830","","69歳","","50","-","7","7","6","1","7","3","4","2","5","1","7","-"
"10300","","再婚者数【人】","00100","","夫","2022000000","","2022年","00110","","死別","00840","","70歳","","44","1","5","7","8","3","4","2","1","3","2","1","7","-"
"10300","","再婚者数【人】","00100","","夫","2022000000","","2022年","00110","","死別","00850","","71歳","","45","2","6","4","5","6","3","2","4","1","3","2","7","-"
"10300","","再婚者数【人】","00100","","夫","2022000000","","2022年","00110","","死別","00860","","72歳","","34","3","6","7","3","2","-","2","2","4","1","1","3","-"
"10300","","再婚者数【人】","00100","","夫","2022000000","","2022年","00110","","死別","00870","","73歳","","35","1","5","8","-","4","3","3","4","1","2","-","4","-"
"10300","","再婚者数【人】","00100","","夫","2022000000","","2022年","00110","","死別","00880","","74歳","","30","1","2","-","-","4","1","1","7","2","2","2","8","-"
"10300","","再婚者数【人】","00100","","夫","2022000000","","2022年","00110","","死別","00890","","75歳","","25","2","3","7","1","1","2","3","-","2","1","2","1","-"
"10300","","再婚者数【人】","00100","","夫","2022000000","","2022年","00110","","死別","00900","","76歳","","33","-","6","5","7","6","4","2","1","-","1","-","1","-"
"10300","","再婚者数【人】","00100","","夫","2022000000","","2022年","00110","","死別","00910","","77歳","","25","-","7","5","5","4","2","1","-","-","1","-","-","-"
"10300","","再婚者数【人】","00100","","夫","2022000000","","2022年","00110","","死別","00920","","78歳","","23","2","7","3","2","1","1","3","1","1","1","1","-","-"
"10300","","再婚者数【人】","00100","","夫","2022000000","","2022年","00110","","死別","00930","","79歳","","22","2","4","4","3","-","-","1","2","1","1","1","3","-"
"10300","","再婚者数【人】","00100","","夫","2022000000","","2022年","00110","","死別","00940","","80歳以上","","98","15","26","24","9","7","4","5","2","1","2","1","2","-"
"10300","","再婚者数【人】","00100","","夫","2022000000","","2022年","00110","","死別","01380","","不詳","","3","-","-","-","-","1","-","-","-","-","-","-","-","2"
"10300","","再婚者数【人】","00100","","夫","2022000000","","2022年","00120","","離別","00100","","総数","","90,992","6,202","10,308","10,240","9,545","7,835","6,413","5,516","4,717","3,760","3,319","2,896","20,223","18"
"10300","","再婚者数【人】","00100","","夫","2022000000","","2022年","00120","","離別","00310","","18歳","","56","1","4","3","2","5","5","2","3","5","5","1","20","-"
"10300","","再婚者数【人】","00100","","夫","2022000000","","2022年","00120","","離別","00320","","19歳","","246","7","18","10","18","23","21","21","11","15","12","15","75","-"
"10300","","再婚者数【人】","00100","","夫","2022000000","","2022年","00120","","離別","00330","","20歳","","567","10","36","52","47","66","43","43","41","29","33","24","143","-"
"10300","","再婚者数【人】","00100","","夫","2022000000","","2022年","00120","","離別","00340","","21歳","","917","23","59","88","96","74","56","57","54","56","36","46","272","-"
"10300","","再婚者数【人】","00100","","夫","2022000000","","2022年","00120","","離別","00350","","22歳","","1,294","35","85","120","142","122","119","74","75","59","45","48","370","-"
"10300","","再婚者数【人】","00100","","夫","2022000000","","2022年","00120","","離別","00360","","23歳","","1,778","45","155","145","181","180","145","124","115","82","83","73","450","-"
"10300","","再婚者数【人】","00100","","夫","2022000000","","2022年","00120","","離別","00370","","24歳","","1,972","72","168","219","208","171","141","135","139","82","84","65","488","-"
"10300","","再婚者数【人】","00100","","夫","2022000000","","2022年","00120","","離別","00380","","25歳","","2,362","79","217","249","253","233","180","151","147","104","84","85","580","-"
"10300","","再婚者数【人】","00100","","夫","2022000000","","2022年","00120","","離別","00390","","26歳","","2,830","105","237","317","316","287","214","207","162","130","97","93","665","-"
"10300","","再婚者数【人】","00100","","夫","2022000000","","2022年","00120","","離別","00400","","27歳","","3,216","117","271","383","380","298","241","224","186","152","125","113","726","-"
"10300","","再婚者数【人】","00100","","夫","2022000000","","2022年","00120","","離別","00410","","28歳","","3,532","113","362","428","411","336","276","241","220","129","152","109","755","-"
"10300","","再婚者数【人】","00100","","夫","2022000000","","2022年","00120","","離別","00420","","29歳","","3,929","145","374","430","449","396","321","274","228","184","141","113","874","-"
"10300","","再婚者数【人】","00100","","夫","2022000000","","2022年","00120","","離別","00430","","30歳","","4,103","147","418","466","487","410","333","267","255","175","189","118","838","-"
"10300","","再婚者数【人】","00100","","夫","2022000000","","2022年","00120","","離別","00440","","31歳","","4,015","153","381","514","457","363","302","265","237","176","149","119","899","-"
"10300","","再婚者数【人】","00100","","夫","2022000000","","2022年","00120","","離別","00450","","32歳","","4,107","178","396","526","480","372","297","267","222","199","146","133","891","-"
"10300","","再婚者数【人】","00100","","夫","2022000000","","2022年","00120","","離別","00460","","33歳","","4,018","172","401","479","462","353","303","240","241","171","140","131","925","-"
"10300","","再婚者数【人】","00100","","夫","2022000000","","2022年","00120","","離別","00470","","34歳","","3,789","180","353","447","442","372","327","225","180","167","140","123","833","-"
"10300","","再婚者数【人】","00100","","夫","2022000000","","2022年","00120","","離別","00480","","35歳","","3,667","175","411","417","401","342","268","215","158","149","142","122","867","-"
"10300","","再婚者数【人】","00100","","夫","2022000000","","2022年","00120","","離別","00490","","36歳","","3,543","167","380","457","393","308","230","233","163","128","122","128","834","-"
"10300","","再婚者数【人】","00100","","夫","2022000000","","2022年","00120","","離別","00500","","37歳","","3,418","197","384","418","347","255","251","213","184","141","133","111","784","-"
"10300","","再婚者数【人】","00100","","夫","2022000000","","2022年","00120","","離別","00510","","38歳","","3,222","176","368","339","336","282","215","215","155","127","131","110","768","-"
"10300","","再婚者数【人】","00100","","夫","2022000000","","2022年","00120","","離別","00520","","39歳","","2,967","179","366","324","308","225","216","187","135","138","104","84","701","-"
"10300","","再婚者数【人】","00100","","夫","2022000000","","2022年","00120","","離別","00530","","40歳","","2,676","209","316","303","261","215","180","149","123","115","102","78","625","-"
"10300","","再婚者数【人】","00100","","夫","2022000000","","2022年","00120","","離別","00540","","41歳","","2,638","165","317","300","273","202","171","151","144","130","95","84","606","-"
"10300","","再婚者数【人】","00100","","夫","2022000000","","2022年","00120","","離別","00550","","42歳","","2,340","178","260","260","220","186","157","144","133","96","88","87","531","-"
"10300","","再婚者数【人】","00100","","夫","2022000000","","2022年","00120","","離別","00560","","43歳","","2,253","170","277","210","222","194","151","154","124","95","67","81","508","-"
"10300","","再婚者数【人】","00100","","夫","2022000000","","2022年","00120","","離別","00570","","44歳","","2,034","167","231","225","165","167","152","128","85","81","78","72","483","-"
"10300","","再婚者数【人】","00100","","夫","2022000000","","2022年","00120","","離別","00580","","45歳","","1,889","170","270","216","191","154","127","81","81","75","70","59","395","-"
"10300","","再婚者数【人】","00100","","夫","2022000000","","2022年","00120","","離別","00590","","46歳","","1,756","176","241","197","184","132","113","103","57","55","64","50","384","-"
"10300","","再婚者数【人】","00100","","夫","2022000000","","2022年","00120","","離別","00600","","47歳","","1,507","150","228","144","144","103","92","58","85","55","48","50","350","-"
"10300","","再婚者数【人】","00100","","夫","2022000000","","2022年","00120","","離別","00610","","48歳","","1,488","164","216","160","137","109","90","67","70","43","57","41","334","-"
"10300","","再婚者数【人】","00100","","夫","2022000000","","2022年","00120","","離別","00620","","49歳","","1,301","169","177","148","102","113","86","54","57","47","39","26","283","-"
"10300","","再婚者数【人】","00100","","夫","2022000000","","2022年","00120","","離別","00630","","50歳","","1,158","137","173","127","113","81","74","49","47","33","34","38","252","-"
"10300","","再婚者数【人】","00100","","夫","2022000000","","2022年","00120","","離別","00640","","51歳","","1,155","147","186","138","102","66","48","66","48","50","39","37","228","-"
"10300","","再婚者数【人】","00100","","夫","2022000000","","2022年","00120","","離別","00650","","52歳","","982","129","169","95","104","65","57","48","44","25","25","21","200","-"
"10300","","再婚者数【人】","00100","","夫","2022000000","","2022年","00120","","離別","00660","","53歳","","919","122","159","97","76","63","46","49","37","31","26","26","187","-"
"10300","","再婚者数【人】","00100","","夫","2022000000","","2022年","00120","","離別","00670","","54歳","","785","113","121","68","64","68","36","41","28","24","31","27","164","-"
"10300","","再婚者数【人】","00100","","夫","2022000000","","2022年","00120","","離別","00690","","55歳","","774","121","116","79","69","48","47","40","27","37","26","23","141","-"
"10300","","再婚者数【人】","00100","","夫","2022000000","","2022年","00120","","離別","00700","","56歳","","650","103","100","76","60","41","38","31","27","20","17","23","114","-"
"10300","","再婚者数【人】","00100","","夫","2022000000","","2022年","00120","","離別","00710","","57歳","","603","112","96","67","46","42","25","28","32","22","15","9","109","-"
"10300","","再婚者数【人】","00100","","夫","2022000000","","2022年","00120","","離別","00720","","58歳","","515","94","90","47","36","33","33","25","23","16","11","11","96","-"
"10300","","再婚者数【人】","00100","","夫","2022000000","","2022年","00120","","離別","00730","","59歳","","463","80","78","43","44","34","25","23","12","11","10","17","86","-"
"10300","","再婚者数【人】","00100","","夫","2022000000","","2022年","00120","","離別","00740","","60歳","","451","65","84","47","41","49","21","17","16","16","11","8","76","-"
"10300","","再婚者数【人】","00100","","夫","2022000000","","2022年","00120","","離別","00750","","61歳","","397","75","62","49","45","24","18","18","15","10","9","10","62","-"
"10300","","再婚者数【人】","00100","","夫","2022000000","","2022年","00120","","離別","00760","","62歳","","318","55","52","49","32","12","17","11","9","14","9","4","54","-"
"10300","","再婚者数【人】","00100","","夫","2022000000","","2022年","00120","","離別","00770","","63歳","","299","65","62","25","24","15","6","9","15","2","14","16","46","-"
"10300","","再婚者数【人】","00100","","夫","2022000000","","2022年","00120","","離別","00780","","64歳","","244","65","45","17","17","18","16","9","7","7","8","8","27","-"
"10300","","再婚者数【人】","00100","","夫","2022000000","","2022年","00120","","離別","00790","","65歳","","210","47","29","27","15","14","14","14","5","9","7","5","24","-"
"10300","","再婚者数【人】","00100","","夫","2022000000","","2022年","00120","","離別","00800","","66歳","","207","44","43","27","16","13","9","10","11","7","5","-","22","-"
"10300","","再婚者数【人】","00100","","夫","2022000000","","2022年","00120","","離別","00810","","67歳","","179","49","22","26","19","13","9","7","11","8","-","5","10","-"
"10300","","再婚者数【人】","00100","","夫","2022000000","","2022年","00120","","離別","00820","","68歳","","138","34","21","17","14","9","7","9","4","3","2","4","14","-"
"10300","","再婚者数【人】","00100","","夫","2022000000","","2022年","00120","","離別","00830","","69歳","","167","36","33","16","18","19","6","15","2","6","2","4","10","-"
"10300","","再婚者数【人】","00100","","夫","2022000000","","2022年","00120","","離別","00840","","70歳","","152","36","32","16","14","13","3","3","8","3","4","2","18","-"
"10300","","再婚者数【人】","00100","","夫","2022000000","","2022年","00120","","離別","00850","","71歳","","112","34","19","15","14","9","2","2","4","1","5","1","6","-"
"10300","","再婚者数【人】","00100","","夫","2022000000","","2022年","00120","","離別","00860","","72歳","","102","26","16","20","10","6","6","2","1","4","2","1","8","-"
"10300","","再婚者数【人】","00100","","夫","2022000000","","2022年","00120","","離別","00870","","73歳","","106","42","22","13","4","9","3","2","1","3","3","1","3","-"
"10300","","再婚者数【人】","00100","","夫","2022000000","","2022年","00120","","離別","00880","","74歳","","72","26","19","5","5","4","2","1","3","1","1","2","3","-"
"10300","","再婚者数【人】","00100","","夫","2022000000","","2022年","00120","","離別","00890","","75歳","","63","25","7","3","7","2","7","5","2","3","1","-","1","-"
"10300","","再婚者数【人】","00100","","夫","2022000000","","2022年","00120","","離別","00900","","76歳","","69","20","7","9","6","7","3","6","3","1","1","1","5","-"
"10300","","再婚者数【人】","00100","","夫","2022000000","","2022年","00120","","離別","00910","","77歳","","39","14","11","5","2","2","1","2","-","2","-","-","-","-"
"10300","","再婚者数【人】","00100","","夫","2022000000","","2022年","00120","","離別","00920","","78歳","","50","18","10","7","3","4","3","2","2","1","-","-","-","-"
"10300","","再婚者数【人】","00100","","夫","2022000000","","2022年","00120","","離別","00930","","79歳","","38","11","16","4","3","-","2","1","1","-","-","-","-","-"
"10300","","再婚者数【人】","00100","","夫","2022000000","","2022年","00120","","離別","00940","","80歳以上","","127","63","31","12","7","4","6","2","2","-","-","-","-","-"
"10300","","再婚者数【人】","00100","","夫","2022000000","","2022年","00120","","離別","01380","","不詳","","18","-","-","-","-","-","-","-","-","-","-","-","-","18"
"10300","","再婚者数【人】","00100","","夫","2021000000","","2021年","00100","","総数","00100","","総数","","95,924","6,775","11,410","11,181","9,702","8,058","6,830","5,740","4,689","4,171","3,474","2,894","20,984","16"
"10300","","再婚者数【人】","00100","","夫","2021000000","","2021年","00100","","総数","00310","","18歳","","70","1","2","8","7","8","4","5","6","5","3","1","20","-"
"10300","","再婚者数【人】","00100","","夫","2021000000","","2021年","00100","","総数","00320","","19歳","","253","9","18","25","20","25","21","24","16","15","8","8","64","-"
"10300","","再婚者数【人】","00100","","夫","2021000000","","2021年","00100","","総数","00330","","20歳","","593","11","50","56","55","66","43","38","36","31","28","24","155","-"
"10300","","再婚者数【人】","00100","","夫","2021000000","","2021年","00100","","総数","00340","","21歳","","1,041","34","77","92","93","102","81","71","57","66","46","42","280","-"
"10300","","再婚者数【人】","00100","","夫","2021000000","","2021年","00100","","総数","00350","","22歳","","1,337","43","133","132","139","126","109","74","70","69","57","51","334","-"
"10300","","再婚者数【人】","00100","","夫","2021000000","","2021年","00100","","総数","00360","","23歳","","1,753","49","157","192","192","155","138","123","91","89","68","59","440","-"
"10300","","再婚者数【人】","00100","","夫","2021000000","","2021年","00100","","総数","00370","","24歳","","2,105","56","207","248","221","184","167","147","105","91","68","70","541","-"
"10300","","再婚者数【人】","00100","","夫","2021000000","","2021年","00100","","総数","00380","","25歳","","2,408","85","237","257","254","237","163","174","131","119","93","98","560","-"
"10300","","再婚者数【人】","00100","","夫","2021000000","","2021年","00100","","総数","00390","","26歳","","2,916","109","276","310","330","276","242","199","154","144","133","95","648","-"
"10300","","再婚者数【人】","00100","","夫","2021000000","","2021年","00100","","総数","00400","","27歳","","3,406","152","340","432","392","291","249","220","191","176","122","107","734","-"
"10300","","再婚者数【人】","00100","","夫","2021000000","","2021年","00100","","総数","00410","","28歳","","3,656","141","400","453","397","364","289","247","179","175","141","127","743","-"
"10300","","再婚者数【人】","00100","","夫","2021000000","","2021年","00100","","総数","00420","","29歳","","4,011","171","381","490","456","391","317","275","217","215","134","139","825","-"
"10300","","再婚者数【人】","00100","","夫","2021000000","","2021年","00100","","総数","00430","","30歳","","4,195","156","393","545","458","365","347","293","244","216","165","122","891","-"
"10300","","再婚者数【人】","00100","","夫","2021000000","","2021年","00100","","総数","00440","","31歳","","4,392","190","473","521","483","426","352","282","240","184","166","125","950","-"
"10300","","再婚者数【人】","00100","","夫","2021000000","","2021年","00100","","総数","00450","","32歳","","4,245","163","416","518","458","444","359","266","248","184","159","135","895","-"
"10300","","再婚者数【人】","00100","","夫","2021000000","","2021年","00100","","総数","00460","","33歳","","4,201","212","443","506","520","388","328","263","184","157","174","104","922","-"
"10300","","再婚者数【人】","00100","","夫","2021000000","","2021年","00100","","総数","00470","","34歳","","4,008","193","448","501","441","350","292","254","181","178","138","112","920","-"
"10300","","再婚者数【人】","00100","","夫","2021000000","","2021年","00100","","総数","00480","","35歳","","3,862","218","444","500","445","306","279","250","185","182","121","102","830","-"
"10300","","再婚者数【人】","00100","","夫","2021000000","","2021年","00100","","総数","00490","","36歳","","3,655","235","434","419","380","329","250","219","188","139","127","116","819","-"
"10300","","再婚者数【人】","00100","","夫","2021000000","","2021年","00100","","総数","00500","","37歳","","3,547","201","462","408","325","287","247","223","184","163","130","108","809","-"
"10300","","再婚者数【人】","00100","","夫","2021000000","","2021年","00100","","総数","00510","","38歳","","3,344","192","395","416","335","282","217","195","154","134","127","95","802","-"
"10300","","再婚者数【人】","00100","","夫","2021000000","","2021年","00100","","総数","00520","","39歳","","3,123","241","363","349","316","225","210","192","159","147","134","90","697","-"
"10300","","再婚者数【人】","00100","","夫","2021000000","","2021年","00100","","総数","00530","","40歳","","2,910","196","359","318","286","248","195","170","150","135","112","85","656","-"
"10300","","再婚者数【人】","00100","","夫","2021000000","","2021年","00100","","総数","00540","","41歳","","2,641","190","327","311","245","205","161","146","150","119","107","91","589","-"
"10300","","再婚者数【人】","00100","","夫","2021000000","","2021年","00100","","総数","00550","","42歳","","2,505","187","322","279","236","206","175","158","122","99","90","64","567","-"
"10300","","再婚者数【人】","00100","","夫","2021000000","","2021年","00100","","総数","00560","","43歳","","2,274","182","312","240","209","197","153","131","103","98","76","74","499","-"
"10300","","再婚者数【人】","00100","","夫","2021000000","","2021年","00100","","総数","00570","","44歳","","2,068","193","281","250","189","158","130","89","84","92","76","59","467","-"
"10300","","再婚者数【人】","00100","","夫","2021000000","","2021年","00100","","総数","00580","","45歳","","1,940","182","292","247","182","125","106","96","77","78","56","52","447","-"
"10300","","再婚者数【人】","00100","","夫","2021000000","","2021年","00100","","総数","00590","","46歳","","1,829","181","271","215","168","116","111","103","80","69","44","60","411","-"
"10300","","再婚者数【人】","00100","","夫","2021000000","","2021年","00100","","総数","00600","","47歳","","1,607","176","252","174","133","100","108","80","67","68","58","52","339","-"
"10300","","再婚者数【人】","00100","","夫","2021000000","","2021年","00100","","総数","00610","","48歳","","1,486","167","227","167","127","105","89","89","59","58","53","36","309","-"
"10300","","再婚者数【人】","00100","","夫","2021000000","","2021年","00100","","総数","00620","","49歳","","1,395","161","185","162","120","103","82","59","59","57","35","35","337","-"
"10300","","再婚者数【人】","00100","","夫","2021000000","","2021年","00100","","総数","00630","","50歳","","1,243","152","178","138","94","89","91","65","48","41","39","37","271","-"
"10300","","再婚者数【人】","00100","","夫","2021000000","","2021年","00100","","総数","00640","","51歳","","1,123","141","184","126","90","73","66","46","53","24","31","26","263","-"
"10300","","再婚者数【人】","00100","","夫","2021000000","","2021年","00100","","総数","00650","","52歳","","1,104","150","169","121","76","79","75","40","44","28","32","37","253","-"
"10300","","再婚者数【人】","00100","","夫","2021000000","","2021年","00100","","総数","00660","","53歳","","979","120","155","90","83","67","63","40","33","45","44","30","209","-"
"10300","","再婚者数【人】","00100","","夫","2021000000","","2021年","00100","","総数","00670","","54歳","","911","134","127","97","86","53","57","32","36","29","27","35","198","-"
"10300","","再婚者数【人】","00100","","夫","2021000000","","2021年","00100","","総数","00690","","55歳","","837","112","126","83","61","63","58","40","37","36","29","28","164","-"
"10300","","再婚者数【人】","00100","","夫","2021000000","","2021年","00100","","総数","00700","","56歳","","716","95","115","77","57","38","45","26","19","30","23","19","172","-"
"10300","","再婚者数【人】","00100","","夫","2021000000","","2021年","00100","","総数","00710","","57歳","","670","104","95","71","52","51","44","27","30","20","20","12","144","-"
"10300","","再婚者数【人】","00100","","夫","2021000000","","2021年","00100","","総数","00720","","58歳","","551","75","84","59","46","35","38","22","22","12","20","11","127","-"
"10300","","再婚者数【人】","00100","","夫","2021000000","","2021年","00100","","総数","00730","","59歳","","558","78","74","53","56","34","40","26","27","16","13","20","121","-"
"10300","","再婚者数【人】","00100","","夫","2021000000","","2021年","00100","","総数","00740","","60歳","","528","95","83","53","44","37","34","19","20","17","30","10","86","-"
"10300","","再婚者数【人】","00100","","夫","2021000000","","2021年","00100","","総数","00750","","61歳","","411","58","59","49","31","27","26","17","18","17","22","11","76","-"
"10300","","再婚者数【人】","00100","","夫","2021000000","","2021年","00100","","総数","00760","","62歳","","405","72","53","43","42","23","25","17","12","14","17","17","70","-"
"10300","","再婚者数【人】","00100","","夫","2021000000","","2021年","00100","","総数","00770","","63歳","","356","69","55","39","23","24","10","24","14","15","16","9","58","-"
"10300","","再婚者数【人】","00100","","夫","2021000000","","2021年","00100","","総数","00780","","64歳","","315","65","40","26","30","20","15","19","17","11","13","12","47","-"
"10300","","再婚者数【人】","00100","","夫","2021000000","","2021年","00100","","総数","00790","","65歳","","306","60","43","35","20","27","11","13","12","15","7","8","55","-"
"10300","","再婚者数【人】","00100","","夫","2021000000","","2021年","00100","","総数","00800","","66歳","","221","43","34","25","16","19","12","16","11","4","5","6","30","-"
"10300","","再婚者数【人】","00100","","夫","2021000000","","2021年","00100","","総数","00810","","67歳","","214","43","28","25","16","12","21","13","11","5","8","4","28","-"
"10300","","再婚者数【人】","00100","","夫","2021000000","","2021年","00100","","総数","00820","","68歳","","204","42","33","22","17","16","15","11","5","6","10","3","24","-"
"10300","","再婚者数【人】","00100","","夫","2021000000","","2021年","00100","","総数","00830","","69歳","","185","42","44","21","17","18","10","2","11","6","1","1","12","-"
"10300","","再婚者数【人】","00100","","夫","2021000000","","2021年","00100","","総数","00840","","70歳","","198","43","38","28","23","8","12","11","5","4","4","5","17","-"
"10300","","再婚者数【人】","00100","","夫","2021000000","","2021年","00100","","総数","00850","","71歳","","156","33","26","25","20","6","3","12","8","2","3","2","16","-"
"10300","","再婚者数【人】","00100","","夫","2021000000","","2021年","00100","","総数","00860","","72歳","","136","37","26","17","13","9","7","7","5","3","2","1","9","-"
"10300","","再婚者数【人】","00100","","夫","2021000000","","2021年","00100","","総数","00870","","73歳","","121","45","25","7","9","1","6","11","4","2","2","2","7","-"
"10300","","再婚者数【人】","00100","","夫","2021000000","","2021年","00100","","総数","00880","","74歳","","97","22","18","11","10","4","8","8","3","3","3","2","5","-"
"10300","","再婚者数【人】","00100","","夫","2021000000","","2021年","00100","","総数","00890","","75歳","","103","26","14","25","14","5","2","1","4","1","1","2","8","-"
"10300","","再婚者数【人】","00100","","夫","2021000000","","2021年","00100","","総数","00900","","76歳","","92","25","17","16","8","8","4","4","3","3","1","-","3","-"
"10300","","再婚者数【人】","00100","","夫","2021000000","","2021年","00100","","総数","00910","","77歳","","54","15","10","12","5","1","1","3","-","3","-","1","3","-"
"10300","","再婚者数【人】","00100","","夫","2021000000","","2021年","00100","","総数","00920","","78歳","","73","20","18","11","8","2","4","1","2","2","-","3","2","-"
"10300","","再婚者数【人】","00100","","夫","2021000000","","2021年","00100","","総数","00930","","79歳","","57","20","11","3","4","3","5","3","3","1","2","-","2","-"
"10300","","再婚者数【人】","00100","","夫","2021000000","","2021年","00100","","総数","00940","","80歳以上","","208","62","51","32","19","16","8","9","1","4","-","2","4","-"
"10300","","再婚者数【人】","00100","","夫","2021000000","","2021年","00100","","総数","01380","","不詳","","16","-","-","-","-","-","-","-","-","-","-","-","-","16"
"10300","","再婚者数【人】","00100","","夫","2021000000","","2021年","00110","","死別","00100","","総数","","3,056","54","204","342","284","264","233","171","187","137","138","136","903","3"
"10300","","再婚者数【人】","00100","","夫","2021000000","","2021年","00110","","死別","00310","","18歳","","-","-","-","-","-","-","-","-","-","-","-","-","-","-"
"10300","","再婚者数【人】","00100","","夫","2021000000","","2021年","00110","","死別","00320","","19歳","","-","-","-","-","-","-","-","-","-","-","-","-","-","-"
"10300","","再婚者数【人】","00100","","夫","2021000000","","2021年","00110","","死別","00330","","20歳","","1","-","-","-","-","-","-","-","-","-","-","1","-","-"
"10300","","再婚者数【人】","00100","","夫","2021000000","","2021年","00110","","死別","00340","","21歳","","3","-","-","1","1","-","1","-","-","-","-","-","-","-"
"10300","","再婚者数【人】","00100","","夫","2021000000","","2021年","00110","","死別","00350","","22歳","","3","-","1","-","1","1","-","-","-","-","-","-","-","-"
"10300","","再婚者数【人】","00100","","夫","2021000000","","2021年","00110","","死別","00360","","23歳","","6","-","2","-","1","1","-","-","1","-","-","-","1","-"
"10300","","再婚者数【人】","00100","","夫","2021000000","","2021年","00110","","死別","00370","","24歳","","5","-","-","-","1","-","-","1","-","1","-","-","2","-"
"10300","","再婚者数【人】","00100","","夫","2021000000","","2021年","00110","","死別","00380","","25歳","","5","-","1","2","1","-","-","-","-","-","-","-","1","-"
"10300","","再婚者数【人】","00100","","夫","2021000000","","2021年","00110","","死別","00390","","26歳","","8","1","-","1","1","-","-","-","-","2","-","-","3","-"
"10300","","再婚者数【人】","00100","","夫","2021000000","","2021年","00110","","死別","00400","","27歳","","21","-","-","1","3","2","1","1","2","2","-","1","8","-"
"10300","","再婚者数【人】","00100","","夫","2021000000","","2021年","00110","","死別","00410","","28歳","","21","2","1","1","3","2","2","2","2","1","-","1","4","-"
"10300","","再婚者数【人】","00100","","夫","2021000000","","2021年","00110","","死別","00420","","29歳","","31","-","1","2","5","6","3","1","2","-","-","1","10","-"
"10300","","再婚者数【人】","00100","","夫","2021000000","","2021年","00110","","死別","00430","","30歳","","33","-","-","6","2","6","4","5","-","1","-","4","5","-"
"10300","","再婚者数【人】","00100","","夫","2021000000","","2021年","00110","","死別","00440","","31歳","","35","-","3","3","1","2","4","1","1","-","1","4","15","-"
"10300","","再婚者数【人】","00100","","夫","2021000000","","2021年","00110","","死別","00450","","32歳","","36","-","4","1","4","3","6","1","3","-","1","-","13","-"
"10300","","再婚者数【人】","00100","","夫","2021000000","","2021年","00110","","死別","00460","","33歳","","41","-","3","4","3","5","-","3","2","5","3","1","12","-"
"10300","","再婚者数【人】","00100","","夫","2021000000","","2021年","00110","","死別","00470","","34歳","","47","-","2","8","4","4","4","2","2","3","1","2","15","-"
"10300","","再婚者数【人】","00100","","夫","2021000000","","2021年","00110","","死別","00480","","35歳","","56","-","1","9","12","2","2","6","1","4","2","2","15","-"
"10300","","再婚者数【人】","00100","","夫","2021000000","","2021年","00110","","死別","00490","","36歳","","45","1","1","6","3","3","5","2","1","3","2","6","12","-"
"10300","","再婚者数【人】","00100","","夫","2021000000","","2021年","00110","","死別","00500","","37歳","","67","-","3","4","5","6","5","5","5","3","3","1","27","-"
"10300","","再婚者数【人】","00100","","夫","2021000000","","2021年","00110","","死別","00510","","38歳","","60","-","6","6","3","3","5","4","1","1","4","6","21","-"
"10300","","再婚者数【人】","00100","","夫","2021000000","","2021年","00110","","死別","00520","","39歳","","71","-","7","7","6","2","7","7","4","3","2","4","22","-"
"10300","","再婚者数【人】","00100","","夫","2021000000","","2021年","00110","","死別","00530","","40歳","","57","-","-","8","3","4","2","5","3","4","2","2","24","-"
"10300","","再婚者数【人】","00100","","夫","2021000000","","2021年","00110","","死別","00540","","41歳","","69","2","1","3","7","6","6","3","5","3","4","4","25","-"
"10300","","再婚者数【人】","00100","","夫","2021000000","","2021年","00110","","死別","00550","","42歳","","74","1","1","10","7","3","6","5","2","5","5","2","27","-"
"10300","","再婚者数【人】","00100","","夫","2021000000","","2021年","00110","","死別","00560","","43歳","","74","1","5","3","7","6","5","1","11","4","5","4","22","-"
"10300","","再婚者数【人】","00100","","夫","2021000000","","2021年","00110","","死別","00570","","44歳","","70","-","2","6","4","6","6","3","4","6","6","2","25","-"
"10300","","再婚者数【人】","00100","","夫","2021000000","","2021年","00110","","死別","00580","","45歳","","71","-","5","9","4","4","3","3","4","2","2","3","32","-"
"10300","","再婚者数【人】","00100","","夫","2021000000","","2021年","00110","","死別","00590","","46歳","","85","1","3","10","9","7","8","5","7","3","1","2","29","-"
"10300","","再婚者数【人】","00100","","夫","2021000000","","2021年","00110","","死別","00600","","47歳","","90","2","6","9","7","8","5","4","6","5","4","3","31","-"
"10300","","再婚者数【人】","00100","","夫","2021000000","","2021年","00110","","死別","00610","","48歳","","82","-","3","10","7","8","10","3","2","3","8","4","24","-"
"10300","","再婚者数【人】","00100","","夫","2021000000","","2021年","00110","","死別","00620","","49歳","","76","-","2","7","3","6","5","1","5","6","3","6","32","-"
"10300","","再婚者数【人】","00100","","夫","2021000000","","2021年","00110","","死別","00630","","50歳","","79","1","5","9","5","4","8","5","4","5","1","2","30","-"
"10300","","再婚者数【人】","00100","","夫","2021000000","","2021年","00110","","死別","00640","","51歳","","75","1","5","7","4","5","5","3","6","2","2","2","33","-"
"10300","","再婚者数【人】","00100","","夫","2021000000","","2021年","00110","","死別","00650","","52歳","","90","1","3","7","3","8","7","2","4","1","8","7","39","-"
"10300","","再婚者数【人】","00100","","夫","2021000000","","2021年","00110","","死別","00660","","53歳","","87","2","6","6","6","8","8","5","3","8","5","7","23","-"
"10300","","再婚者数【人】","00100","","夫","2021000000","","2021年","00110","","死別","00670","","54歳","","88","1","8","9","4","9","11","4","3","3","3","7","26","-"
"10300","","再婚者数【人】","00100","","夫","2021000000","","2021年","00110","","死別","00690","","55歳","","78","1","2","5","4","10","8","5","9","4","2","5","23","-"
"10300","","再婚者数【人】","00100","","夫","2021000000","","2021年","00110","","死別","00700","","56歳","","57","1","1","5","6","5","3","1","2","3","4","4","22","-"
"10300","","再婚者数【人】","00100","","夫","2021000000","","2021年","00110","","死別","00710","","57歳","","71","1","1","3","8","9","7","5","4","2","1","1","29","-"
"10300","","再婚者数【人】","00100","","夫","2021000000","","2021年","00110","","死別","00720","","58歳","","86","-","5","14","6","7","3","5","6","5","5","4","26","-"
"10300","","再婚者数【人】","00100","","夫","2021000000","","2021年","00110","","死別","00730","","59歳","","77","-","2","6","11","7","8","5","8","3","3","3","21","-"
"10300","","再婚者数【人】","00100","","夫","2021000000","","2021年","00110","","死別","00740","","60歳","","57","-","2","6","5","6","4","6","6","2","6","2","12","-"
"10300","","再婚者数【人】","00100","","夫","2021000000","","2021年","00110","","死別","00750","","61歳","","60","-","1","10","2","5","4","5","7","1","6","3","16","-"
"10300","","再婚者数【人】","00100","","夫","2021000000","","2021年","00110","","死別","00760","","62歳","","60","-","7","7","5","4","4","3","4","4","4","2","16","-"
"10300","","再婚者数【人】","00100","","夫","2021000000","","2021年","00110","","死別","00770","","63歳","","84","1","6","12","10","11","2","5","5","5","4","3","20","-"
"10300","","再婚者数【人】","00100","","夫","2021000000","","2021年","00110","","死別","00780","","64歳","","61","-","1","3","8","7","4","6","9","2","3","3","15","-"
"10300","","再婚者数【人】","00100","","夫","2021000000","","2021年","00110","","死別","00790","","65歳","","44","-","2","5","2","6","2","3","-","2","2","4","16","-"
"10300","","再婚者数【人】","00100","","夫","2021000000","","2021年","00110","","死別","00800","","66歳","","48","3","4","5","5","5","3","3","5","1","3","1","10","-"
"10300","","再婚者数【人】","00100","","夫","2021000000","","2021年","00110","","死別","00810","","67歳","","51","3","5","4","7","3","4","2","4","2","4","1","12","-"
"10300","","再婚者数【人】","00100","","夫","2021000000","","2021年","00110","","死別","00820","","68歳","","37","2","6","3","4","4","-","1","-","2","3","2","10","-"
"10300","","再婚者数【人】","00100","","夫","2021000000","","2021年","00110","","死別","00830","","69歳","","38","1","10","7","2","6","3","-","4","1","1","-","3","-"
"10300","","再婚者数【人】","00100","","夫","2021000000","","2021年","00110","","死別","00840","","70歳","","51","1","8","9","8","3","3","1","3","2","2","2","9","-"
"10300","","再婚者数【人】","00100","","夫","2021000000","","2021年","00110","","死別","00850","","71歳","","39","1","3","7","12","1","1","2","2","-","2","-","8","-"
"10300","","再婚者数【人】","00100","","夫","2021000000","","2021年","00110","","死別","00860","","72歳","","30","-","5","4","6","2","3","3","2","1","-","1","3","-"
"10300","","再婚者数【人】","00100","","夫","2021000000","","2021年","00110","","死別","00870","","73歳","","30","2","3","-","2","1","4","7","3","-","1","-","7","-"
"10300","","再婚者数【人】","00100","","夫","2021000000","","2021年","00110","","死別","00880","","74歳","","23","-","4","4","4","1","5","-","-","-","1","-","4","-"
"10300","","再婚者数【人】","00100","","夫","2021000000","","2021年","00110","","死別","00890","","75歳","","24","1","-","7","3","4","1","-","3","1","-","1","3","-"
"10300","","再婚者数【人】","00100","","夫","2021000000","","2021年","00110","","死別","00900","","76歳","","33","3","4","9","2","5","2","3","1","-","1","-","3","-"
"10300","","再婚者数【人】","00100","","夫","2021000000","","2021年","00110","","死別","00910","","77歳","","19","1","2","6","4","1","1","-","-","1","-","1","2","-"
"10300","","再婚者数【人】","00100","","夫","2021000000","","2021年","00110","","死別","00920","","78歳","","26","4","7","3","4","-","2","1","1","2","-","1","1","-"
"10300","","再婚者数【人】","00100","","夫","2021000000","","2021年","00110","","死別","00930","","79歳","","15","-","2","1","2","1","2","2","2","-","2","-","1","-"
"10300","","再婚者数【人】","00100","","夫","2021000000","","2021年","00110","","死別","00940","","80歳以上","","92","11","20","22","12","10","6","4","1","2","-","1","3","-"
"10300","","再婚者数【人】","00100","","夫","2021000000","","2021年","00110","","死別","01380","","不詳","","3","-","-","-","-","-","-","-","-","-","-","-","-","3"
"10300","","再婚者数【人】","00100","","夫","2021000000","","2021年","00120","","離別","00100","","総数","","92,868","6,721","11,206","10,839","9,418","7,794","6,597","5,569","4,502","4,034","3,336","2,758","20,081","13"
"10300","","再婚者数【人】","00100","","夫","2021000000","","2021年","00120","","離別","00310","","18歳","","70","1","2","8","7","8","4","5","6","5","3","1","20","-"
"10300","","再婚者数【人】","00100","","夫","2021000000","","2021年","00120","","離別","00320","","19歳","","253","9","18","25","20","25","21","24","16","15","8","8","64","-"
"10300","","再婚者数【人】","00100","","夫","2021000000","","2021年","00120","","離別","00330","","20歳","","592","11","50","56","55","66","43","38","36","31","28","23","155","-"
"10300","","再婚者数【人】","00100","","夫","2021000000","","2021年","00120","","離別","00340","","21歳","","1,038","34","77","91","92","102","80","71","57","66","46","42","280","-"
"10300","","再婚者数【人】","00100","","夫","2021000000","","2021年","00120","","離別","00350","","22歳","","1,334","43","132","132","138","125","109","74","70","69","57","51","334","-"
"10300","","再婚者数【人】","00100","","夫","2021000000","","2021年","00120","","離別","00360","","23歳","","1,747","49","155","192","191","154","138","123","90","89","68","59","439","-"
"10300","","再婚者数【人】","00100","","夫","2021000000","","2021年","00120","","離別","00370","","24歳","","2,100","56","207","248","220","184","167","146","105","90","68","70","539","-"
"10300","","再婚者数【人】","00100","","夫","2021000000","","2021年","00120","","離別","00380","","25歳","","2,403","85","236","255","253","237","163","174","131","119","93","98","559","-"
"10300","","再婚者数【人】","00100","","夫","2021000000","","2021年","00120","","離別","00390","","26歳","","2,908","108","276","309","329","276","242","199","154","142","133","95","645","-"
"10300","","再婚者数【人】","00100","","夫","2021000000","","2021年","00120","","離別","00400","","27歳","","3,385","152","340","431","389","289","248","219","189","174","122","106","726","-"
"10300","","再婚者数【人】","00100","","夫","2021000000","","2021年","00120","","離別","00410","","28歳","","3,635","139","399","452","394","362","287","245","177","174","141","126","739","-"
"10300","","再婚者数【人】","00100","","夫","2021000000","","2021年","00120","","離別","00420","","29歳","","3,980","171","380","488","451","385","314","274","215","215","134","138","815","-"
"10300","","再婚者数【人】","00100","","夫","2021000000","","2021年","00120","","離別","00430","","30歳","","4,162","156","393","539","456","359","343","288","244","215","165","118","886","-"
"10300","","再婚者数【人】","00100","","夫","2021000000","","2021年","00120","","離別","00440","","31歳","","4,357","190","470","518","482","424","348","281","239","184","165","121","935","-"
"10300","","再婚者数【人】","00100","","夫","2021000000","","2021年","00120","","離別","00450","","32歳","","4,209","163","412","517","454","441","353","265","245","184","158","135","882","-"
"10300","","再婚者数【人】","00100","","夫","2021000000","","2021年","00120","","離別","00460","","33歳","","4,160","212","440","502","517","383","328","260","182","152","171","103","910","-"
"10300","","再婚者数【人】","00100","","夫","2021000000","","2021年","00120","","離別","00470","","34歳","","3,961","193","446","493","437","346","288","252","179","175","137","110","905","-"
"10300","","再婚者数【人】","00100","","夫","2021000000","","2021年","00120","","離別","00480","","35歳","","3,806","218","443","491","433","304","277","244","184","178","119","100","815","-"
"10300","","再婚者数【人】","00100","","夫","2021000000","","2021年","00120","","離別","00490","","36歳","","3,610","234","433","413","377","326","245","217","187","136","125","110","807","-"
"10300","","再婚者数【人】","00100","","夫","2021000000","","2021年","00120","","離別","00500","","37歳","","3,480","201","459","404","320","281","242","218","179","160","127","107","782","-"
"10300","","再婚者数【人】","00100","","夫","2021000000","","2021年","00120","","離別","00510","","38歳","","3,284","192","389","410","332","279","212","191","153","133","123","89","781","-"
"10300","","再婚者数【人】","00100","","夫","2021000000","","2021年","00120","","離別","00520","","39歳","","3,052","241","356","342","310","223","203","185","155","144","132","86","675","-"
"10300","","再婚者数【人】","00100","","夫","2021000000","","2021年","00120","","離別","00530","","40歳","","2,853","196","359","310","283","244","193","165","147","131","110","83","632","-"
"10300","","再婚者数【人】","00100","","夫","2021000000","","2021年","00120","","離別","00540","","41歳","","2,572","188","326","308","238","199","155","143","145","116","103","87","564","-"
"10300","","再婚者数【人】","00100","","夫","2021000000","","2021年","00120","","離別","00550","","42歳","","2,431","186","321","269","229","203","169","153","120","94","85","62","540","-"
"10300","","再婚者数【人】","00100","","夫","2021000000","","2021年","00120","","離別","00560","","43歳","","2,200","181","307","237","202","191","148","130","92","94","71","70","477","-"
"10300","","再婚者数【人】","00100","","夫","2021000000","","2021年","00120","","離別","00570","","44歳","","1,998","193","279","244","185","152","124","86","80","86","70","57","442","-"
"10300","","再婚者数【人】","00100","","夫","2021000000","","2021年","00120","","離別","00580","","45歳","","1,869","182","287","238","178","121","103","93","73","76","54","49","415","-"
"10300","","再婚者数【人】","00100","","夫","2021000000","","2021年","00120","","離別","00590","","46歳","","1,744","180","268","205","159","109","103","98","73","66","43","58","382","-"
"10300","","再婚者数【人】","00100","","夫","2021000000","","2021年","00120","","離別","00600","","47歳","","1,517","174","246","165","126","92","103","76","61","63","54","49","308","-"
"10300","","再婚者数【人】","00100","","夫","2021000000","","2021年","00120","","離別","00610","","48歳","","1,404","167","224","157","120","97","79","86","57","55","45","32","285","-"
"10300","","再婚者数【人】","00100","","夫","2021000000","","2021年","00120","","離別","00620","","49歳","","1,319","161","183","155","117","97","77","58","54","51","32","29","305","-"
"10300","","再婚者数【人】","00100","","夫","2021000000","","2021年","00120","","離別","00630","","50歳","","1,164","151","173","129","89","85","83","60","44","36","38","35","241","-"
"10300","","再婚者数【人】","00100","","夫","2021000000","","2021年","00120","","離別","00640","","51歳","","1,048","140","179","119","86","68","61","43","47","22","29","24","230","-"
"10300","","再婚者数【人】","00100","","夫","2021000000","","2021年","00120","","離別","00650","","52歳","","1,014","149","166","114","73","71","68","38","40","27","24","30","214","-"
"10300","","再婚者数【人】","00100","","夫","2021000000","","2021年","00120","","離別","00660","","53歳","","892","118","149","84","77","59","55","35","30","37","39","23","186","-"
"10300","","再婚者数【人】","00100","","夫","2021000000","","2021年","00120","","離別","00670","","54歳","","823","133","119","88","82","44","46","28","33","26","24","28","172","-"
"10300","","再婚者数【人】","00100","","夫","2021000000","","2021年","00120","","離別","00690","","55歳","","759","111","124","78","57","53","50","35","28","32","27","23","141","-"
"10300","","再婚者数【人】","00100","","夫","2021000000","","2021年","00120","","離別","00700","","56歳","","659","94","114","72","51","33","42","25","17","27","19","15","150","-"
"10300","","再婚者数【人】","00100","","夫","2021000000","","2021年","00120","","離別","00710","","57歳","","599","103","94","68","44","42","37","22","26","18","19","11","115","-"
"10300","","再婚者数【人】","00100","","夫","2021000000","","2021年","00120","","離別","00720","","58歳","","465","75","79","45","40","28","35","17","16","7","15","7","101","-"
"10300","","再婚者数【人】","00100","","夫","2021000000","","2021年","00120","","離別","00730","","59歳","","481","78","72","47","45","27","32","21","19","13","10","17","100","-"
"10300","","再婚者数【人】","00100","","夫","2021000000","","2021年","00120","","離別","00740","","60歳","","471","95","81","47","39","31","30","13","14","15","24","8","74","-"
"10300","","再婚者数【人】","00100","","夫","2021000000","","2021年","00120","","離別","00750","","61歳","","351","58","58","39","29","22","22","12","11","16","16","8","60","-"
"10300","","再婚者数【人】","00100","","夫","2021000000","","2021年","00120","","離別","00760","","62歳","","345","72","46","36","37","19","21","14","8","10","13","15","54","-"
"10300","","再婚者数【人】","00100","","夫","2021000000","","2021年","00120","","離別","00770","","63歳","","272","68","49","27","13","13","8","19","9","10","12","6","38","-"
"10300","","再婚者数【人】","00100","","夫","2021000000","","2021年","00120","","離別","00780","","64歳","","254","65","39","23","22","13","11","13","8","9","10","9","32","-"
"10300","","再婚者数【人】","00100","","夫","2021000000","","2021年","00120","","離別","00790","","65歳","","262","60","41","30","18","21","9","10","12","13","5","4","39","-"
"10300","","再婚者数【人】","00100","","夫","2021000000","","2021年","00120","","離別","00800","","66歳","","173","40","30","20","11","14","9","13","6","3","2","5","20","-"
"10300","","再婚者数【人】","00100","","夫","2021000000","","2021年","00120","","離別","00810","","67歳","","163","40","23","21","9","9","17","11","7","3","4","3","16","-"
"10300","","再婚者数【人】","00100","","夫","2021000000","","2021年","00120","","離別","00820","","68歳","","167","40","27","19","13","12","15","10","5","4","7","1","14","-"
"10300","","再婚者数【人】","00100","","夫","2021000000","","2021年","00120","","離別","00830","","69歳","","147","41","34","14","15","12","7","2","7","5","-","1","9","-"
"10300","","再婚者数【人】","00100","","夫","2021000000","","2021年","00120","","離別","00840","","70歳","","147","42","30","19","15","5","9","10","2","2","2","3","8","-"
"10300","","再婚者数【人】","00100","","夫","2021000000","","2021年","00120","","離別","00850","","71歳","","117","32","23","18","8","5","2","10","6","2","1","2","8","-"
"10300","","再婚者数【人】","00100","","夫","2021000000","","2021年","00120","","離別","00860","","72歳","","106","37","21","13","7","7","4","4","3","2","2","-","6","-"
"10300","","再婚者数【人】","00100","","夫","2021000000","","2021年","00120","","離別","00870","","73歳","","91","43","22","7","7","-","2","4","1","2","1","2","-","-"
"10300","","再婚者数【人】","00100","","夫","2021000000","","2021年","00120","","離別","00880","","74歳","","74","22","14","7","6","3","3","8","3","3","2","2","1","-"
"10300","","再婚者数【人】","00100","","夫","2021000000","","2021年","00120","","離別","00890","","75歳","","79","25","14","18","11","1","1","1","1","-","1","1","5","-"
"10300","","再婚者数【人】","00100","","夫","2021000000","","2021年","00120","","離別","00900","","76歳","","59","22","13","7","6","3","2","1","2","3","-","-","-","-"
"10300","","再婚者数【人】","00100","","夫","2021000000","","2021年","00120","","離別","00910","","77歳","","35","14","8","6","1","-","-","3","-","2","-","-","1","-"
"10300","","再婚者数【人】","00100","","夫","2021000000","","2021年","00120","","離別","00920","","78歳","","47","16","11","8","4","2","2","-","1","-","-","2","1","-"
"10300","","再婚者数【人】","00100","","夫","2021000000","","2021年","00120","","離別","00930","","79歳","","42","20","9","2","2","2","3","1","1","1","-","-","1","-"
"10300","","再婚者数【人】","00100","","夫","2021000000","","2021年","00120","","離別","00940","","80歳以上","","116","51","31","10","7","6","2","5","-","2","-","1","1","-"
"10300","","再婚者数【人】","00100","","夫","2021000000","","2021年","00120","","離別","01380","","不詳","","13","-","-","-","-","-","-","-","-","-","-","-","-","13"
"10300","","再婚者数【人】","00100","","夫","2020000000","","2020年","00100","","総数","00100","","総数","","102,023","7,279","12,738","11,972","10,159","8,520","7,343","5,960","5,147","4,229","3,520","3,219","21,925","12"
"10300","","再婚者数【人】","00100","","夫","2020000000","","2020年","00100","","総数","00310","","18歳","","80","4","5","4","7","5","7","7","2","4","6","6","23","-"
"10300","","再婚者数【人】","00100","","夫","2020000000","","2020年","00100","","総数","00320","","19歳","","317","8","23","42","34","33","27","21","21","9","16","4","79","-"
"10300","","再婚者数【人】","00100","","夫","2020000000","","2020年","00100","","総数","00330","","20歳","","642","22","53","55","59","53","47","45","38","40","30","26","174","-"
"10300","","再婚者数【人】","00100","","夫","2020000000","","2020年","00100","","総数","00340","","21歳","","1,049","29","116","97","82","105","85","73","56","61","43","43","259","-"
"10300","","再婚者数【人】","00100","","夫","2020000000","","2020年","00100","","総数","00350","","22歳","","1,455","51","137","151","150","122","120","104","78","83","59","59","341","-"
"10300","","再婚者数【人】","00100","","夫","2020000000","","2020年","00100","","総数","00360","","23歳","","1,836","87","182","199","178","161","147","102","103","87","60","63","467","-"
"10300","","再婚者数【人】","00100","","夫","2020000000","","2020年","00100","","総数","00370","","24歳","","2,261","73","220","275","252","182","161","133","136","109","82","91","547","-"
"10300","","再婚者数【人】","00100","","夫","2020000000","","2020年","00100","","総数","00380","","25歳","","2,626","86","262","279","249","221","234","165","149","126","105","101","649","-"
"10300","","再婚者数【人】","00100","","夫","2020000000","","2020年","00100","","総数","00390","","26歳","","3,181","117","304","372","314","320","224","211","193","153","130","125","718","-"
"10300","","再婚者数【人】","00100","","夫","2020000000","","2020年","00100","","総数","00400","","27歳","","3,578","126","383","433","400","310","268","211","187","181","128","126","825","-"
"10300","","再婚者数【人】","00100","","夫","2020000000","","2020年","00100","","総数","00410","","28歳","","3,894","134","413","500","414","358","317","255","248","184","136","127","808","-"
"10300","","再婚者数【人】","00100","","夫","2020000000","","2020年","00100","","総数","00420","","29歳","","4,239","162","469","509","461","386","349","272","220","210","143","148","910","-"
"10300","","再婚者数【人】","00100","","夫","2020000000","","2020年","00100","","総数","00430","","30歳","","4,440","192","469","545","492","447","363","262","262","159","166","130","953","-"
"10300","","再婚者数【人】","00100","","夫","2020000000","","2020年","00100","","総数","00440","","31歳","","4,504","193","508","564","504","446","384","282","212","179","158","128","946","-"
"10300","","再婚者数【人】","00100","","夫","2020000000","","2020年","00100","","総数","00450","","32歳","","4,491","199","514","538","501","409","350","287","235","174","167","148","969","-"
"10300","","再婚者数【人】","00100","","夫","2020000000","","2020年","00100","","総数","00460","","33歳","","4,572","214","534","567","501","440","320","297","229","189","149","140","992","-"
"10300","","再婚者数【人】","00100","","夫","2020000000","","2020年","00100","","総数","00470","","34歳","","4,373","258","511","521","479","383","318","253","223","163","164","146","954","-"
"10300","","再婚者数【人】","00100","","夫","2020000000","","2020年","00100","","総数","00480","","35歳","","4,170","234","495","535","457","357","295","252","179","196","131","133","906","-"
"10300","","再婚者数【人】","00100","","夫","2020000000","","2020年","00100","","総数","00490","","36歳","","4,021","240","497","486","405","362","274","231","232","166","147","132","849","-"
"10300","","再婚者数【人】","00100","","夫","2020000000","","2020年","00100","","総数","00500","","37歳","","3,774","201","521","460","390","301","245","215","203","148","134","139","817","-"
"10300","","再婚者数【人】","00100","","夫","2020000000","","2020年","00100","","総数","00510","","38歳","","3,430","241","449","399","334","288","233","207","171","157","131","95","725","-"
"10300","","再婚者数【人】","00100","","夫","2020000000","","2020年","00100","","総数","00520","","39歳","","3,352","209","403","418","333","288","250","191","155","135","116","113","741","-"
"10300","","再婚者数【人】","00100","","夫","2020000000","","2020年","00100","","総数","00530","","40歳","","3,080","216","379","386","270","267","218","197","160","132","94","95","666","-"
"10300","","再婚者数【人】","00100","","夫","2020000000","","2020年","00100","","総数","00540","","41歳","","2,826","214","364","334","265","223","190","169","137","130","122","85","593","-"
"10300","","再婚者数【人】","00100","","夫","2020000000","","2020年","00100","","総数","00550","","42歳","","2,661","215","356","325","274","209","196","147","125","103","91","83","537","-"
"10300","","再婚者数【人】","00100","","夫","2020000000","","2020年","00100","","総数","00560","","43歳","","2,508","213","361","284","261","207","153","139","135","84","72","69","530","-"
"10300","","再婚者数【人】","00100","","夫","2020000000","","2020年","00100","","総数","00570","","44歳","","2,176","189","324","257","207","150","163","99","101","80","67","54","485","-"
"10300","","再婚者数【人】","00100","","夫","2020000000","","2020年","00100","","総数","00580","","45歳","","2,021","214","293","236","203","142","112","108","90","62","73","73","415","-"
"10300","","再婚者数【人】","00100","","夫","2020000000","","2020年","00100","","総数","00590","","46歳","","1,876","177","265","213","153","131","139","96","84","64","64","51","439","-"
"10300","","再婚者数【人】","00100","","夫","2020000000","","2020年","00100","","総数","00600","","47歳","","1,726","209","275","185","161","103","110","80","80","65","48","60","350","-"
"10300","","再婚者数【人】","00100","","夫","2020000000","","2020年","00100","","総数","00610","","48歳","","1,613","194","263","164","121","123","104","70","54","58","43","52","367","-"
"10300","","再婚者数【人】","00100","","夫","2020000000","","2020年","00100","","総数","00620","","49歳","","1,494","176","214","165","134","103","87","79","67","57","47","47","318","-"
"10300","","再婚者数【人】","00100","","夫","2020000000","","2020年","00100","","総数","00630","","50歳","","1,284","181","176","115","106","87","82","68","60","52","43","41","273","-"
"10300","","再婚者数【人】","00100","","夫","2020000000","","2020年","00100","","総数","00640","","51歳","","1,283","171","187","129","84","73","83","78","48","49","40","37","304","-"
"10300","","再婚者数【人】","00100","","夫","2020000000","","2020年","00100","","総数","00650","","52歳","","1,167","160","181","118","103","73","68","65","42","42","30","33","252","-"
"10300","","再婚者数【人】","00100","","夫","2020000000","","2020年","00100","","総数","00660","","53歳","","934","131","134","117","62","72","55","43","48","32","32","21","187","-"
"10300","","再婚者数【人】","00100","","夫","2020000000","","2020年","00100","","総数","00670","","54歳","","910","121","165","85","64","48","68","46","42","25","28","29","189","-"
"10300","","再婚者数【人】","00100","","夫","2020000000","","2020年","00100","","総数","00690","","55歳","","850","106","133","91","68","45","45","44","26","33","28","22","209","-"
"10300","","再婚者数【人】","00100","","夫","2020000000","","2020年","00100","","総数","00700","","56歳","","716","101","113","76","60","33","46","30","19","31","20","13","174","-"
"10300","","再婚者数【人】","00100","","夫","2020000000","","2020年","00100","","総数","00710","","57歳","","673","116","95","69","52","36","37","30","30","28","14","19","147","-"
"10300","","再婚者数【人】","00100","","夫","2020000000","","2020年","00100","","総数","00720","","58歳","","598","98","84","64","37","45","36","35","27","14","15","8","135","-"
"10300","","再婚者数【人】","00100","","夫","2020000000","","2020年","00100","","総数","00730","","59歳","","543","83","84","53","40","42","34","31","26","11","12","13","114","-"
"10300","","再婚者数【人】","00100","","夫","2020000000","","2020年","00100","","総数","00740","","60歳","","616","88","102","64","51","37","45","25","23","22","19","15","125","-"
"10300","","再婚者数【人】","00100","","夫","2020000000","","2020年","00100","","総数","00750","","61歳","","490","83","89","49","38","40","26","19","21","24","14","10","77","-"
"10300","","再婚者数【人】","00100","","夫","2020000000","","2020年","00100","","総数","00760","","62歳","","402","63","56","49","40","24","20","21","15","19","16","15","64","-"
"10300","","再婚者数【人】","00100","","夫","2020000000","","2020年","00100","","総数","00770","","63歳","","374","59","51","38","29","28","17","27","27","19","18","6","55","-"
"10300","","再婚者数【人】","00100","","夫","2020000000","","2020年","00100","","総数","00780","","64歳","","350","77","48","36","25","22","25","13","17","17","11","5","54","-"
"10300","","再婚者数【人】","00100","","夫","2020000000","","2020年","00100","","総数","00790","","65歳","","287","46","47","32","25","17","22","16","19","15","8","4","36","-"
"10300","","再婚者数【人】","00100","","夫","2020000000","","2020年","00100","","総数","00800","","66歳","","277","54","46","33","25","19","15","21","17","3","5","2","37","-"
"10300","","再婚者数【人】","00100","","夫","2020000000","","2020年","00100","","総数","00810","","67歳","","250","44","35","32","23","18","24","11","10","6","9","9","29","-"
"10300","","再婚者数【人】","00100","","夫","2020000000","","2020年","00100","","総数","00820","","68歳","","226","43","33","21","30","27","19","7","10","9","1","3","23","-"
"10300","","再婚者数【人】","00100","","夫","2020000000","","2020年","00100","","総数","00830","","69歳","","194","44","44","27","25","10","6","7","4","1","7","2","17","-"
"10300","","再婚者数【人】","00100","","夫","2020000000","","2020年","00100","","総数","00840","","70歳","","182","51","30","25","19","12","10","6","5","4","5","3","12","-"
"10300","","再婚者数【人】","00100","","夫","2020000000","","2020年","00100","","総数","00850","","71歳","","164","31","43","18","9","13","16","6","5","5","3","-","15","-"
"10300","","再婚者数【人】","00100","","夫","2020000000","","2020年","00100","","総数","00860","","72歳","","144","39","27","16","13","11","6","9","6","4","3","3","7","-"
"10300","","再婚者数【人】","00100","","夫","2020000000","","2020年","00100","","総数","00870","","73歳","","129","31","16","16","12","6","6","7","7","3","4","10","11","-"
"10300","","再婚者数【人】","00100","","夫","2020000000","","2020年","00100","","総数","00880","","74歳","","87","20","19","11","10","7","7","4","2","1","1","-","5","-"
"10300","","再婚者数【人】","00100","","夫","2020000000","","2020年","00100","","総数","00890","","75歳","","100","23","25","15","8","6","7","6","1","2","2","-","5","-"
"10300","","再婚者数【人】","00100","","夫","2020000000","","2020年","00100","","総数","00900","","76歳","","86","16","15","12","12","5","3","4","7","3","3","-","6","-"
"10300","","再婚者数【人】","00100","","夫","2020000000","","2020年","00100","","総数","00910","","77歳","","72","18","15","5","7","4","7","6","2","1","1","3","3","-"
"10300","","再婚者数【人】","00100","","夫","2020000000","","2020年","00100","","総数","00920","","78歳","","60","13","14","7","7","5","3","4","4","1","1","-","1","-"
"10300","","再婚者数【人】","00100","","夫","2020000000","","2020年","00100","","総数","00930","","79歳","","53","11","8","8","4","4","4","4","3","1","2","-","4","-"
"10300","","再婚者数【人】","00100","","夫","2020000000","","2020年","00100","","総数","00940","","80歳以上","","244","60","61","43","26","16","11","7","9","4","3","1","3","-"
"10300","","再婚者数【人】","00100","","夫","2020000000","","2020年","00100","","総数","01380","","不詳","","12","-","-","-","-","-","-","-","-","-","-","-","-","12"
"10300","","再婚者数【人】","00100","","夫","2020000000","","2020年","00110","","死別","00100","","総数","","3,268","57","222","330","348","294","250","261","212","147","127","135","884","1"
"10300","","再婚者数【人】","00100","","夫","2020000000","","2020年","00110","","死別","00310","","18歳","","-","-","-","-","-","-","-","-","-","-","-","-","-","-"
"10300","","再婚者数【人】","00100","","夫","2020000000","","2020年","00110","","死別","00320","","19歳","","-","-","-","-","-","-","-","-","-","-","-","-","-","-"
"10300","","再婚者数【人】","00100","","夫","2020000000","","2020年","00110","","死別","00330","","20歳","","2","-","-","-","-","-","1","-","1","-","-","-","-","-"
"10300","","再婚者数【人】","00100","","夫","2020000000","","2020年","00110","","死別","00340","","21歳","","5","-","-","1","-","1","-","-","-","-","-","-","3","-"
"10300","","再婚者数【人】","00100","","夫","2020000000","","2020年","00110","","死別","00350","","22歳","","4","-","1","-","1","-","-","-","-","-","-","1","1","-"
"10300","","再婚者数【人】","00100","","夫","2020000000","","2020年","00110","","死別","00360","","23歳","","6","-","-","-","-","-","1","-","1","1","-","1","2","-"
"10300","","再婚者数【人】","00100","","夫","2020000000","","2020年","00110","","死別","00370","","24歳","","7","-","-","1","-","-","-","-","-","-","-","1","5","-"
"10300","","再婚者数【人】","00100","","夫","2020000000","","2020年","00110","","死別","00380","","25歳","","10","-","1","1","1","3","2","-","1","-","1","-","-","-"
"10300","","再婚者数【人】","00100","","夫","2020000000","","2020年","00110","","死別","00390","","26歳","","13","-","-","1","1","-","-","-","-","-","3","-","8","-"
"10300","","再婚者数【人】","00100","","夫","2020000000","","2020年","00110","","死別","00400","","27歳","","18","-","3","2","2","2","2","1","1","1","-","1","3","-"
"10300","","再婚者数【人】","00100","","夫","2020000000","","2020年","00110","","死別","00410","","28歳","","24","1","-","2","3","-","1","2","1","1","1","3","9","-"
"10300","","再婚者数【人】","00100","","夫","2020000000","","2020年","00110","","死別","00420","","29歳","","16","-","2","-","4","1","-","3","-","2","-","1","3","-"
"10300","","再婚者数【人】","00100","","夫","2020000000","","2020年","00110","","死別","00430","","30歳","","36","-","1","1","2","1","3","3","1","4","2","1","17","-"
"10300","","再婚者数【人】","00100","","夫","2020000000","","2020年","00110","","死別","00440","","31歳","","35","-","1","3","3","3","3","4","-","-","3","2","13","-"
"10300","","再婚者数【人】","00100","","夫","2020000000","","2020年","00110","","死別","00450","","32歳","","36","-","1","4","5","1","4","3","3","-","2","2","11","-"
"10300","","再婚者数【人】","00100","","夫","2020000000","","2020年","00110","","死別","00460","","33歳","","48","-","2","1","9","6","2","4","1","1","-","1","21","-"
"10300","","再婚者数【人】","00100","","夫","2020000000","","2020年","00110","","死別","00470","","34歳","","37","1","-","3","4","8","-","2","4","1","4","2","8","-"
"10300","","再婚者数【人】","00100","","夫","2020000000","","2020年","00110","","死別","00480","","35歳","","66","1","2","10","10","3","6","5","4","1","4","2","18","-"
"10300","","再婚者数【人】","00100","","夫","2020000000","","2020年","00110","","死別","00490","","36歳","","51","-","4","2","5","3","4","3","3","3","1","2","21","-"
"10300","","再婚者数【人】","00100","","夫","2020000000","","2020年","00110","","死別","00500","","37歳","","55","1","3","7","2","5","7","4","4","-","3","2","17","-"
"10300","","再婚者数【人】","00100","","夫","2020000000","","2020年","00110","","死別","00510","","38歳","","86","-","4","7","9","7","9","10","4","5","4","3","24","-"
"10300","","再婚者数【人】","00100","","夫","2020000000","","2020年","00110","","死別","00520","","39歳","","59","-","1","6","4","8","2","5","3","3","2","2","23","-"
"10300","","再婚者数【人】","00100","","夫","2020000000","","2020年","00110","","死別","00530","","40歳","","70","-","7","5","6","2","6","5","6","1","1","3","28","-"
"10300","","再婚者数【人】","00100","","夫","2020000000","","2020年","00110","","死別","00540","","41歳","","67","-","3","7","7","2","5","3","3","3","4","3","27","-"
"10300","","再婚者数【人】","00100","","夫","2020000000","","2020年","00110","","死別","00550","","42歳","","69","1","1","5","7","6","7","9","5","5","3","4","16","-"
"10300","","再婚者数【人】","00100","","夫","2020000000","","2020年","00110","","死別","00560","","43歳","","58","-","1","5","2","6","6","5","3","2","-","1","27","-"
"10300","","再婚者数【人】","00100","","夫","2020000000","","2020年","00110","","死別","00570","","44歳","","64","-","6","4","3","5","6","6","3","5","2","4","20","-"
"10300","","再婚者数【人】","00100","","夫","2020000000","","2020年","00110","","死別","00580","","45歳","","75","-","4","8","8","7","3","7","3","3","4","7","21","-"
"10300","","再婚者数【人】","00100","","夫","2020000000","","2020年","00110","","死別","00590","","46歳","","85","-","3","5","8","11","12","6","6","1","2","1","30","-"
"10300","","再婚者数【人】","00100","","夫","2020000000","","2020年","00110","","死別","00600","","47歳","","74","-","5","3","7","7","6","5","3","3","3","9","23","-"
"10300","","再婚者数【人】","00100","","夫","2020000000","","2020年","00110","","死別","00610","","48歳","","88","1","1","3","8","11","4","3","4","10","5","5","33","-"
"10300","","再婚者数【人】","00100","","夫","2020000000","","2020年","00110","","死別","00620","","49歳","","107","2","5","14","7","9","4","4","5","5","6","6","40","-"
"10300","","再婚者数【人】","00100","","夫","2020000000","","2020年","00110","","死別","00630","","50歳","","75","-","5","6","4","5","6","7","8","5","5","6","18","-"
"10300","","再婚者数【人】","00100","","夫","2020000000","","2020年","00110","","死別","00640","","51歳","","111","-","4","14","6","5","9","11","9","4","1","3","45","-"
"10300","","再婚者数【人】","00100","","夫","2020000000","","2020年","00110","","死別","00650","","52歳","","84","-","2","4","8","7","6","7","6","5","3","3","33","-"
"10300","","再婚者数【人】","00100","","夫","2020000000","","2020年","00110","","死別","00660","","53歳","","82","1","4","4","4","6","8","10","7","4","4","4","26","-"
"10300","","再婚者数【人】","00100","","夫","2020000000","","2020年","00110","","死別","00670","","54歳","","79","1","-","9","9","4","6","8","10","3","1","6","22","-"
"10300","","再婚者数【人】","00100","","夫","2020000000","","2020年","00110","","死別","00690","","55歳","","98","-","4","9","7","9","7","6","8","5","7","5","31","-"
"10300","","再婚者数【人】","00100","","夫","2020000000","","2020年","00110","","死別","00700","","56歳","","70","1","4","9","11","3","7","7","5","5","-","3","15","-"
"10300","","再婚者数【人】","00100","","夫","2020000000","","2020年","00110","","死別","00710","","57歳","","80","1","8","11","10","2","2","6","8","3","3","-","26","-"
"10300","","再婚者数【人】","00100","","夫","2020000000","","2020年","00110","","死別","00720","","58歳","","82","-","8","7","11","9","4","11","7","2","2","2","19","-"
"10300","","再婚者数【人】","00100","","夫","2020000000","","2020年","00110","","死別","00730","","59歳","","89","1","4","6","11","8","5","7","8","5","5","3","26","-"
"10300","","再婚者数【人】","00100","","夫","2020000000","","2020年","00110","","死別","00740","","60歳","","87","1","5","7","9","10","4","3","3","6","6","3","30","-"
"10300","","再婚者数【人】","00100","","夫","2020000000","","2020年","00110","","死別","00750","","61歳","","74","-","6","10","11","13","3","6","2","6","2","1","14","-"
"10300","","再婚者数【人】","00100","","夫","2020000000","","2020年","00110","","死別","00760","","62歳","","68","-","3","9","11","9","4","5","5","3","6","3","10","-"
"10300","","再婚者数【人】","00100","","夫","2020000000","","2020年","00110","","死別","00770","","63歳","","65","2","1","8","4","9","5","7","5","4","3","3","14","-"
"10300","","再婚者数【人】","00100","","夫","2020000000","","2020年","00110","","死別","00780","","64歳","","66","5","5","8","10","5","11","3","3","4","-","3","9","-"
"10300","","再婚者数【人】","00100","","夫","2020000000","","2020年","00110","","死別","00790","","65歳","","62","2","6","9","7","5","6","6","4","4","2","-","11","-"
"10300","","再婚者数【人】","00100","","夫","2020000000","","2020年","00110","","死別","00800","","66歳","","56","2","8","6","8","5","6","5","6","2","1","2","5","-"
"10300","","再婚者数【人】","00100","","夫","2020000000","","2020年","00110","","死別","00810","","67歳","","40","-","3","3","8","5","5","3","2","-","3","4","4","-"
"10300","","再婚者数【人】","00100","","夫","2020000000","","2020年","00110","","死別","00820","","68歳","","53","-","3","6","10","8","6","4","4","3","1","2","6","-"
"10300","","再婚者数【人】","00100","","夫","2020000000","","2020年","00110","","死別","00830","","69歳","","32","1","4","6","6","1","1","5","1","1","-","-","6","-"
"10300","","再婚者数【人】","00100","","夫","2020000000","","2020年","00110","","死別","00840","","70歳","","44","1","4","6","7","3","5","2","3","3","3","1","6","-"
"10300","","再婚者数【人】","00100","","夫","2020000000","","2020年","00110","","死別","00850","","71歳","","44","-","8","4","4","7","5","3","3","2","2","-","6","-"
"10300","","再婚者数【人】","00100","","夫","2020000000","","2020年","00110","","死別","00860","","72歳","","34","1","1","5","5","5","3","3","3","2","-","2","4","-"
"10300","","再婚者数【人】","00100","","夫","2020000000","","2020年","00110","","死別","00870","","73歳","","40","3","3","7","5","3","1","3","3","1","1","3","7","-"
"10300","","再婚者数【人】","00100","","夫","2020000000","","2020年","00110","","死別","00880","","74歳","","26","3","3","3","2","5","3","3","-","-","-","-","4","-"
"10300","","再婚者数【人】","00100","","夫","2020000000","","2020年","00110","","死別","00890","","75歳","","32","1","8","5","5","3","3","3","1","-","1","-","2","-"
"10300","","再婚者数【人】","00100","","夫","2020000000","","2020年","00110","","死別","00900","","76歳","","36","1","4","6","7","5","1","-","3","2","2","-","5","-"
"10300","","再婚者数【人】","00100","","夫","2020000000","","2020年","00110","","死別","00910","","77歳","","25","1","5","2","1","2","3","5","1","-","-","2","3","-"
"10300","","再婚者数【人】","00100","","夫","2020000000","","2020年","00110","","死別","00920","","78歳","","20","2","4","2","4","2","2","4","-","-","-","-","-","-"
"10300","","再婚者数【人】","00100","","夫","2020000000","","2020年","00110","","死別","00930","","79歳","","21","-","5","3","2","1","1","2","3","-","2","-","2","-"
"10300","","再婚者数【人】","00100","","夫","2020000000","","2020年","00110","","死別","00940","","80歳以上","","121","18","28","25","13","12","6","4","8","2","1","1","3","-"
"10300","","再婚者数【人】","00100","","夫","2020000000","","2020年","00110","","死別","01380","","不詳","","1","-","-","-","-","-","-","-","-","-","-","-","-","1"
"10300","","再婚者数【人】","00100","","夫","2020000000","","2020年","00120","","離別","00100","","総数","","98,755","7,222","12,516","11,642","9,811","8,226","7,093","5,699","4,935","4,082","3,393","3,084","21,041","11"
"10300","","再婚者数【人】","00100","","夫","2020000000","","2020年","00120","","離別","00310","","18歳","","80","4","5","4","7","5","7","7","2","4","6","6","23","-"
"10300","","再婚者数【人】","00100","","夫","2020000000","","2020年","00120","","離別","00320","","19歳","","317","8","23","42","34","33","27","21","21","9","16","4","79","-"
"10300","","再婚者数【人】","00100","","夫","2020000000","","2020年","00120","","離別","00330","","20歳","","640","22","53","55","59","53","46","45","37","40","30","26","174","-"
"10300","","再婚者数【人】","00100","","夫","2020000000","","2020年","00120","","離別","00340","","21歳","","1,044","29","116","96","82","104","85","73","56","61","43","43","256","-"
"10300","","再婚者数【人】","00100","","夫","2020000000","","2020年","00120","","離別","00350","","22歳","","1,451","51","136","151","149","122","120","104","78","83","59","58","340","-"
"10300","","再婚者数【人】","00100","","夫","2020000000","","2020年","00120","","離別","00360","","23歳","","1,830","87","182","199","178","161","146","102","102","86","60","62","465","-"
"10300","","再婚者数【人】","00100","","夫","2020000000","","2020年","00120","","離別","00370","","24歳","","2,254","73","220","274","252","182","161","133","136","109","82","90","542","-"
"10300","","再婚者数【人】","00100","","夫","2020000000","","2020年","00120","","離別","00380","","25歳","","2,616","86","261","278","248","218","232","165","148","126","104","101","649","-"
"10300","","再婚者数【人】","00100","","夫","2020000000","","2020年","00120","","離別","00390","","26歳","","3,168","117","304","371","313","320","224","211","193","153","127","125","710","-"
"10300","","再婚者数【人】","00100","","夫","2020000000","","2020年","00120","","離別","00400","","27歳","","3,560","126","380","431","398","308","266","210","186","180","128","125","822","-"
"10300","","再婚者数【人】","00100","","夫","2020000000","","2020年","00120","","離別","00410","","28歳","","3,870","133","413","498","411","358","316","253","247","183","135","124","799","-"
"10300","","再婚者数【人】","00100","","夫","2020000000","","2020年","00120","","離別","00420","","29歳","","4,223","162","467","509","457","385","349","269","220","208","143","147","907","-"
"10300","","再婚者数【人】","00100","","夫","2020000000","","2020年","00120","","離別","00430","","30歳","","4,404","192","468","544","490","446","360","259","261","155","164","129","936","-"
"10300","","再婚者数【人】","00100","","夫","2020000000","","2020年","00120","","離別","00440","","31歳","","4,469","193","507","561","501","443","381","278","212","179","155","126","933","-"
"10300","","再婚者数【人】","00100","","夫","2020000000","","2020年","00120","","離別","00450","","32歳","","4,455","199","513","534","496","408","346","284","232","174","165","146","958","-"
"10300","","再婚者数【人】","00100","","夫","2020000000","","2020年","00120","","離別","00460","","33歳","","4,524","214","532","566","492","434","318","293","228","188","149","139","971","-"
"10300","","再婚者数【人】","00100","","夫","2020000000","","2020年","00120","","離別","00470","","34歳","","4,336","257","511","518","475","375","318","251","219","162","160","144","946","-"
"10300","","再婚者数【人】","00100","","夫","2020000000","","2020年","00120","","離別","00480","","35歳","","4,104","233","493","525","447","354","289","247","175","195","127","131","888","-"
"10300","","再婚者数【人】","00100","","夫","2020000000","","2020年","00120","","離別","00490","","36歳","","3,970","240","493","484","400","359","270","228","229","163","146","130","828","-"
"10300","","再婚者数【人】","00100","","夫","2020000000","","2020年","00120","","離別","00500","","37歳","","3,719","200","518","453","388","296","238","211","199","148","131","137","800","-"
"10300","","再婚者数【人】","00100","","夫","2020000000","","2020年","00120","","離別","00510","","38歳","","3,344","241","445","392","325","281","224","197","167","152","127","92","701","-"
"10300","","再婚者数【人】","00100","","夫","2020000000","","2020年","00120","","離別","00520","","39歳","","3,293","209","402","412","329","280","248","186","152","132","114","111","718","-"
"10300","","再婚者数【人】","00100","","夫","2020000000","","2020年","00120","","離別","00530","","40歳","","3,010","216","372","381","264","265","212","192","154","131","93","92","638","-"
"10300","","再婚者数【人】","00100","","夫","2020000000","","2020年","00120","","離別","00540","","41歳","","2,759","214","361","327","258","221","185","166","134","127","118","82","566","-"
"10300","","再婚者数【人】","00100","","夫","2020000000","","2020年","00120","","離別","00550","","42歳","","2,592","214","355","320","267","203","189","138","120","98","88","79","521","-"
"10300","","再婚者数【人】","00100","","夫","2020000000","","2020年","00120","","離別","00560","","43歳","","2,450","213","360","279","259","201","147","134","132","82","72","68","503","-"
"10300","","再婚者数【人】","00100","","夫","2020000000","","2020年","00120","","離別","00570","","44歳","","2,112","189","318","253","204","145","157","93","98","75","65","50","465","-"
"10300","","再婚者数【人】","00100","","夫","2020000000","","2020年","00120","","離別","00580","","45歳","","1,946","214","289","228","195","135","109","101","87","59","69","66","394","-"
"10300","","再婚者数【人】","00100","","夫","2020000000","","2020年","00120","","離別","00590","","46歳","","1,791","177","262","208","145","120","127","90","78","63","62","50","409","-"
"10300","","再婚者数【人】","00100","","夫","2020000000","","2020年","00120","","離別","00600","","47歳","","1,652","209","270","182","154","96","104","75","77","62","45","51","327","-"
"10300","","再婚者数【人】","00100","","夫","2020000000","","2020年","00120","","離別","00610","","48歳","","1,525","193","262","161","113","112","100","67","50","48","38","47","334","-"
"10300","","再婚者数【人】","00100","","夫","2020000000","","2020年","00120","","離別","00620","","49歳","","1,387","174","209","151","127","94","83","75","62","52","41","41","278","-"
"10300","","再婚者数【人】","00100","","夫","2020000000","","2020年","00120","","離別","00630","","50歳","","1,209","181","171","109","102","82","76","61","52","47","38","35","255","-"
"10300","","再婚者数【人】","00100","","夫","2020000000","","2020年","00120","","離別","00640","","51歳","","1,172","171","183","115","78","68","74","67","39","45","39","34","259","-"
"10300","","再婚者数【人】","00100","","夫","2020000000","","2020年","00120","","離別","00650","","52歳","","1,083","160","179","114","95","66","62","58","36","37","27","30","219","-"
"10300","","再婚者数【人】","00100","","夫","2020000000","","2020年","00120","","離別","00660","","53歳","","852","130","130","113","58","66","47","33","41","28","28","17","161","-"
"10300","","再婚者数【人】","00100","","夫","2020000000","","2020年","00120","","離別","00670","","54歳","","831","120","165","76","55","44","62","38","32","22","27","23","167","-"
"10300","","再婚者数【人】","00100","","夫","2020000000","","2020年","00120","","離別","00690","","55歳","","752","106","129","82","61","36","38","38","18","28","21","17","178","-"
"10300","","再婚者数【人】","00100","","夫","2020000000","","2020年","00120","","離別","00700","","56歳","","646","100","109","67","49","30","39","23","14","26","20","10","159","-"
"10300","","再婚者数【人】","00100","","夫","2020000000","","2020年","00120","","離別","00710","","57歳","","593","115","87","58","42","34","35","24","22","25","11","19","121","-"
"10300","","再婚者数【人】","00100","","夫","2020000000","","2020年","00120","","離別","00720","","58歳","","516","98","76","57","26","36","32","24","20","12","13","6","116","-"
"10300","","再婚者数【人】","00100","","夫","2020000000","","2020年","00120","","離別","00730","","59歳","","454","82","80","47","29","34","29","24","18","6","7","10","88","-"
"10300","","再婚者数【人】","00100","","夫","2020000000","","2020年","00120","","離別","00740","","60歳","","529","87","97","57","42","27","41","22","20","16","13","12","95","-"
"10300","","再婚者数【人】","00100","","夫","2020000000","","2020年","00120","","離別","00750","","61歳","","416","83","83","39","27","27","23","13","19","18","12","9","63","-"
"10300","","再婚者数【人】","00100","","夫","2020000000","","2020年","00120","","離別","00760","","62歳","","334","63","53","40","29","15","16","16","10","16","10","12","54","-"
"10300","","再婚者数【人】","00100","","夫","2020000000","","2020年","00120","","離別","00770","","63歳","","309","57","50","30","25","19","12","20","22","15","15","3","41","-"
"10300","","再婚者数【人】","00100","","夫","2020000000","","2020年","00120","","離別","00780","","64歳","","284","72","43","28","15","17","14","10","14","13","11","2","45","-"
"10300","","再婚者数【人】","00100","","夫","2020000000","","2020年","00120","","離別","00790","","65歳","","225","44","41","23","18","12","16","10","15","11","6","4","25","-"
"10300","","再婚者数【人】","00100","","夫","2020000000","","2020年","00120","","離別","00800","","66歳","","221","52","38","27","17","14","9","16","11","1","4","-","32","-"
"10300","","再婚者数【人】","00100","","夫","2020000000","","2020年","00120","","離別","00810","","67歳","","210","44","32","29","15","13","19","8","8","6","6","5","25","-"
"10300","","再婚者数【人】","00100","","夫","2020000000","","2020年","00120","","離別","00820","","68歳","","173","43","30","15","20","19","13","3","6","6","-","1","17","-"
"10300","","再婚者数【人】","00100","","夫","2020000000","","2020年","00120","","離別","00830","","69歳","","162","43","40","21","19","9","5","2","3","-","7","2","11","-"
"10300","","再婚者数【人】","00100","","夫","2020000000","","2020年","00120","","離別","00840","","70歳","","138","50","26","19","12","9","5","4","2","1","2","2","6","-"
"10300","","再婚者数【人】","00100","","夫","2020000000","","2020年","00120","","離別","00850","","71歳","","120","31","35","14","5","6","11","3","2","3","1","-","9","-"
"10300","","再婚者数【人】","00100","","夫","2020000000","","2020年","00120","","離別","00860","","72歳","","110","38","26","11","8","6","3","6","3","2","3","1","3","-"
"10300","","再婚者数【人】","00100","","夫","2020000000","","2020年","00120","","離別","00870","","73歳","","89","28","13","9","7","3","5","4","4","2","3","7","4","-"
"10300","","再婚者数【人】","00100","","夫","2020000000","","2020年","00120","","離別","00880","","74歳","","61","17","16","8","8","2","4","1","2","1","1","-","1","-"
"10300","","再婚者数【人】","00100","","夫","2020000000","","2020年","00120","","離別","00890","","75歳","","68","22","17","10","3","3","4","3","-","2","1","-","3","-"
"10300","","再婚者数【人】","00100","","夫","2020000000","","2020年","00120","","離別","00900","","76歳","","50","15","11","6","5","-","2","4","4","1","1","-","1","-"
"10300","","再婚者数【人】","00100","","夫","2020000000","","2020年","00120","","離別","00910","","77歳","","47","17","10","3","6","2","4","1","1","1","1","1","-","-"
"10300","","再婚者数【人】","00100","","夫","2020000000","","2020年","00120","","離別","00920","","78歳","","40","11","10","5","3","3","1","-","4","1","1","-","1","-"
"10300","","再婚者数【人】","00100","","夫","2020000000","","2020年","00120","","離別","00930","","79歳","","32","11","3","5","2","3","3","2","-","1","-","-","2","-"
"10300","","再婚者数【人】","00100","","夫","2020000000","","2020年","00120","","離別","00940","","80歳以上","","123","42","33","18","13","4","5","3","1","2","2","-","-","-"
"10300","","再婚者数【人】","00100","","夫","2020000000","","2020年","00120","","離別","01380","","不詳","","11","-","-","-","-","-","-","-","-","-","-","-","-","11"
"10300","","再婚者数【人】","00100","","夫","2019000000","","2019年","00100","","総数","00100","","総数","","117,894","8,925","14,380","13,306","11,571","10,023","8,046","6,975","5,810","4,974","4,397","3,734","25,734","19"
"10300","","再婚者数【人】","00100","","夫","2019000000","","2019年","00100","","総数","00310","","18歳","","91","2","9","12","7","8","7","4","4","7","5","5","21","-"
"10300","","再婚者数【人】","00100","","夫","2019000000","","2019年","00100","","総数","00320","","19歳","","337","6","32","36","34","29","30","21","16","15","12","18","88","-"
"10300","","再婚者数【人】","00100","","夫","2019000000","","2019年","00100","","総数","00330","","20歳","","737","33","65","76","77","72","50","43","40","35","34","33","179","-"
"10300","","再婚者数【人】","00100","","夫","2019000000","","2019年","00100","","総数","00340","","21歳","","1,158","46","136","106","97","90","83","73","51","76","44","47","309","-"
"10300","","再婚者数【人】","00100","","夫","2019000000","","2019年","00100","","総数","00350","","22歳","","1,694","69","149","182","155","143","127","104","85","86","71","62","461","-"
"10300","","再婚者数【人】","00100","","夫","2019000000","","2019年","00100","","総数","00360","","23歳","","2,035","85","182","220","191","173","146","135","121","91","91","68","532","-"
"10300","","再婚者数【人】","00100","","夫","2019000000","","2019年","00100","","総数","00370","","24歳","","2,565","98","226","256","282","216","182","162","156","119","109","97","662","-"
"10300","","再婚者数【人】","00100","","夫","2019000000","","2019年","00100","","総数","00380","","25歳","","2,972","131","251","284","287","280","221","200","153","140","135","100","790","-"
"10300","","再婚者数【人】","00100","","夫","2019000000","","2019年","00100","","総数","00390","","26歳","","3,486","140","325","371","348","320","263","223","200","169","172","117","838","-"
"10300","","再婚者数【人】","00100","","夫","2019000000","","2019年","00100","","総数","00400","","27歳","","3,948","183","386","432","389","370","300","269","225","187","154","132","921","-"
"10300","","再婚者数【人】","00100","","夫","2019000000","","2019年","00100","","総数","00410","","28歳","","4,428","195","473","521","472","407","321","265","249","211","190","142","982","-"
"10300","","再婚者数【人】","00100","","夫","2019000000","","2019年","00100","","総数","00420","","29歳","","4,824","185","468","562","507","454","393","304","292","208","169","154","1,128","-"
"10300","","再婚者数【人】","00100","","夫","2019000000","","2019年","00100","","総数","00430","","30歳","","5,082","220","507","643","525","479","379","347","269","218","185","165","1,145","-"
"10300","","再婚者数【人】","00100","","夫","2019000000","","2019年","00100","","総数","00440","","31歳","","5,194","237","550","612","580","497","393","370","256","231","183","143","1,142","-"
"10300","","再婚者数【人】","00100","","夫","2019000000","","2019年","00100","","総数","00450","","32歳","","5,287","277","550","640","541","522","361","314","273","200","215","164","1,230","-"
"10300","","再婚者数【人】","00100","","夫","2019000000","","2019年","00100","","総数","00460","","33歳","","5,205","241","587","608","590","488","387","346","269","226","181","150","1,132","-"
"10300","","再婚者数【人】","00100","","夫","2019000000","","2019年","00100","","総数","00470","","34歳","","5,063","268","606","596","510","487","378","285","270","208","177","172","1,106","-"
"10300","","再婚者数【人】","00100","","夫","2019000000","","2019年","00100","","総数","00480","","35歳","","4,947","271","606","574","510","415","396","280","236","204","197","175","1,083","-"
"10300","","再婚者数【人】","00100","","夫","2019000000","","2019年","00100","","総数","00490","","36歳","","4,517","238","553","523","475","411","334","275","220","203","175","142","968","-"
"10300","","再婚者数【人】","00100","","夫","2019000000","","2019年","00100","","総数","00500","","37歳","","4,390","305","525","504","425","393","305","252","249","181","166","160","925","-"
"10300","","再婚者数【人】","00100","","夫","2019000000","","2019年","00100","","総数","00510","","38歳","","4,112","280","502","509","423","337","265","255","207","181","150","128","875","-"
"10300","","再婚者数【人】","00100","","夫","2019000000","","2019年","00100","","総数","00520","","39歳","","3,790","270","480","437","351","325","254","238","198","165","148","116","808","-"
"10300","","再婚者数【人】","00100","","夫","2019000000","","2019年","00100","","総数","00530","","40歳","","3,572","263","418","434","344","295","253","229","159","141","107","129","800","-"
"10300","","再婚者数【人】","00100","","夫","2019000000","","2019年","00100","","総数","00540","","41歳","","3,351","240","426","379","343","271","239","198","165","142","109","119","720","-"
"10300","","再婚者数【人】","00100","","夫","2019000000","","2019年","00100","","総数","00550","","42歳","","3,126","251","406","367","326","290","193","182","139","113","121","70","668","-"
"10300","","再婚者数【人】","00100","","夫","2019000000","","2019年","00100","","総数","00560","","43歳","","2,939","252","417","370","284","221","180","163","136","135","97","61","623","-"
"10300","","再婚者数【人】","00100","","夫","2019000000","","2019年","00100","","総数","00570","","44歳","","2,711","288","365","333","233","211","155","165","128","103","90","95","545","-"
"10300","","再婚者数【人】","00100","","夫","2019000000","","2019年","00100","","総数","00580","","45歳","","2,435","253","350","273","231","190","152","152","98","81","94","82","479","-"
"10300","","再婚者数【人】","00100","","夫","2019000000","","2019年","00100","","総数","00590","","46歳","","2,145","237","293","217","212","167","133","99","90","89","66","72","470","-"
"10300","","再婚者数【人】","00100","","夫","2019000000","","2019年","00100","","総数","00600","","47歳","","1,979","231","295","183","183","160","100","85","87","77","78","59","441","-"
"10300","","再婚者数【人】","00100","","夫","2019000000","","2019年","00100","","総数","00610","","48歳","","1,842","221","260","172","175","124","87","102","89","75","65","43","429","-"
"10300","","再婚者数【人】","00100","","夫","2019000000","","2019年","00100","","総数","00620","","49歳","","1,717","198","270","174","143","112","98","85","76","64","71","48","378","-"
"10300","","再婚者数【人】","00100","","夫","2019000000","","2019年","00100","","総数","00630","","50歳","","1,606","201","231","176","125","110","90","82","81","59","63","49","339","-"
"10300","","再婚者数【人】","00100","","夫","2019000000","","2019年","00100","","総数","00640","","51歳","","1,446","189","201","142","113","100","73","68","47","54","52","51","356","-"
"10300","","再婚者数【人】","00100","","夫","2019000000","","2019年","00100","","総数","00650","","52歳","","1,272","177","201","112","103","75","70","72","54","45","44","36","283","-"
"10300","","再婚者数【人】","00100","","夫","2019000000","","2019年","00100","","総数","00660","","53歳","","1,145","142","205","120","93","83","64","38","39","45","43","19","254","-"
"10300","","再婚者数【人】","00100","","夫","2019000000","","2019年","00100","","総数","00670","","54歳","","1,079","162","179","109","94","60","48","55","29","39","39","43","222","-"
"10300","","再婚者数【人】","00100","","夫","2019000000","","2019年","00100","","総数","00690","","55歳","","1,031","174","185","107","79","55","48","43","26","30","37","37","210","-"
"10300","","再婚者数【人】","00100","","夫","2019000000","","2019年","00100","","総数","00700","","56歳","","875","123","142","75","67","72","55","39","37","32","26","34","173","-"
"10300","","再婚者数【人】","00100","","夫","2019000000","","2019年","00100","","総数","00710","","57歳","","814","135","129","97","64","42","35","27","39","39","33","24","150","-"
"10300","","再婚者数【人】","00100","","夫","2019000000","","2019年","00100","","総数","00720","","58歳","","726","117","105","82","65","46","42","34","25","28","18","17","147","-"
"10300","","再婚者数【人】","00100","","夫","2019000000","","2019年","00100","","総数","00730","","59歳","","658","99","125","61","32","46","45","40","22","23","23","24","118","-"
"10300","","再婚者数【人】","00100","","夫","2019000000","","2019年","00100","","総数","00740","","60歳","","637","141","83","58","35","58","40","30","31","21","22","20","98","-"
"10300","","再婚者数【人】","00100","","夫","2019000000","","2019年","00100","","総数","00750","","61歳","","568","108","92","55","57","41","22","12","28","31","30","15","77","-"
"10300","","再婚者数【人】","00100","","夫","2019000000","","2019年","00100","","総数","00760","","62歳","","496","83","77","57","31","28","31","30","22","26","18","18","75","-"
"10300","","再婚者数【人】","00100","","夫","2019000000","","2019年","00100","","総数","00770","","63歳","","429","64","85","42","40","26","28","22","27","20","11","7","57","-"
"10300","","再婚者数【人】","00100","","夫","2019000000","","2019年","00100","","総数","00780","","64歳","","388","79","66","31","28","27","16","28","24","17","9","5","58","-"
"10300","","再婚者数【人】","00100","","夫","2019000000","","2019年","00100","","総数","00790","","65歳","","389","72","60","38","46","27","30","23","13","10","12","7","51","-"
"10300","","再婚者数【人】","00100","","夫","2019000000","","2019年","00100","","総数","00800","","66歳","","330","63","55","38","40","27","26","17","3","7","10","8","36","-"
"10300","","再婚者数【人】","00100","","夫","2019000000","","2019年","00100","","総数","00810","","67歳","","284","59","55","28","35","25","22","8","9","8","5","6","24","-"
"10300","","再婚者数【人】","00100","","夫","2019000000","","2019年","00100","","総数","00820","","68歳","","269","70","48","50","24","14","11","5","8","6","2","5","26","-"
"10300","","再婚者数【人】","00100","","夫","2019000000","","2019年","00100","","総数","00830","","69歳","","253","55","56","35","22","12","11","12","5","6","7","5","27","-"
"10300","","再婚者数【人】","00100","","夫","2019000000","","2019年","00100","","総数","00840","","70歳","","233","79","46","25","15","12","6","5","8","11","4","9","13","-"
"10300","","再婚者数【人】","00100","","夫","2019000000","","2019年","00100","","総数","00850","","71歳","","185","44","41","20","9","10","14","7","5","10","5","3","17","-"
"10300","","再婚者数【人】","00100","","夫","2019000000","","2019年","00100","","総数","00860","","72歳","","176","43","37","15","18","11","11","10","8","4","4","7","8","-"
"10300","","再婚者数【人】","00100","","夫","2019000000","","2019年","00100","","総数","00870","","73歳","","119","25","20","12","15","6","7","12","-","6","3","1","12","-"
"10300","","再婚者数【人】","00100","","夫","2019000000","","2019年","00100","","総数","00880","","74歳","","132","34","32","18","14","11","10","2","1","2","2","4","2","-"
"10300","","再婚者数【人】","00100","","夫","2019000000","","2019年","00100","","総数","00890","","75歳","","104","22","21","17","10","6","6","3","3","3","4","1","8","-"
"10300","","再婚者数【人】","00100","","夫","2019000000","","2019年","00100","","総数","00900","","76歳","","88","21","16","14","6","7","5","7","-","1","4","1","6","-"
"10300","","再婚者数【人】","00100","","夫","2019000000","","2019年","00100","","総数","00910","","77歳","","70","18","15","10","5","5","3","5","2","1","-","2","4","-"
"10300","","再婚者数【人】","00100","","夫","2019000000","","2019年","00100","","総数","00920","","78歳","","67","13","21","11","5","3","1","5","1","1","3","3","-","-"
"10300","","再婚者数【人】","00100","","夫","2019000000","","2019年","00100","","総数","00930","","79歳","","51","10","10","9","6","4","2","3","3","1","-","2","1","-"
"10300","","再婚者数【人】","00100","","夫","2019000000","","2019年","00100","","総数","00940","","80歳以上","","274","89","73","36","25","17","9","6","3","7","2","3","4","-"
"10300","","再婚者数【人】","00100","","夫","2019000000","","2019年","00100","","総数","01380","","不詳","","21","-","-","-","-","-","-","-","1","-","1","-","-","19"
"10300","","再婚者数【人】","00100","","夫","2019000000","","2019年","00110","","死別","00100","","総数","","3,816","73","304","367","395","286","301","260","204","224","179","144","1,077","2"
"10300","","再婚者数【人】","00100","","夫","2019000000","","2019年","00110","","死別","00310","","18歳","","1","-","-","-","-","-","-","-","-","1","-","-","-","-"
"10300","","再婚者数【人】","00100","","夫","2019000000","","2019年","00110","","死別","00320","","19歳","","1","-","-","-","-","-","-","-","-","1","-","-","-","-"
"10300","","再婚者数【人】","00100","","夫","2019000000","","2019年","00110","","死別","00330","","20歳","","1","-","-","1","-","-","-","-","-","-","-","-","-","-"
"10300","","再婚者数【人】","00100","","夫","2019000000","","2019年","00110","","死別","00340","","21歳","","2","1","-","-","-","-","-","-","-","-","-","1","-","-"
"10300","","再婚者数【人】","00100","","夫","2019000000","","2019年","00110","","死別","00350","","22歳","","5","-","-","1","-","-","-","-","-","1","-","1","2","-"
"10300","","再婚者数【人】","00100","","夫","2019000000","","2019年","00110","","死別","00360","","23歳","","4","-","-","-","-","-","-","-","-","-","-","-","4","-"
"10300","","再婚者数【人】","00100","","夫","2019000000","","2019年","00110","","死別","00370","","24歳","","2","-","-","-","1","-","-","-","-","-","-","1","-","-"
"10300","","再婚者数【人】","00100","","夫","2019000000","","2019年","00110","","死別","00380","","25歳","","11","-","1","-","-","1","2","1","-","1","1","-","4","-"
"10300","","再婚者数【人】","00100","","夫","2019000000","","2019年","00110","","死別","00390","","26歳","","20","-","-","1","1","1","3","1","1","2","1","1","8","-"
"10300","","再婚者数【人】","00100","","夫","2019000000","","2019年","00110","","死別","00400","","27歳","","19","-","1","-","2","1","5","1","1","2","-","2","4","-"
"10300","","再婚者数【人】","00100","","夫","2019000000","","2019年","00110","","死別","00410","","28歳","","33","-","2","1","2","4","3","1","3","1","2","1","13","-"
"10300","","再婚者数【人】","00100","","夫","2019000000","","2019年","00110","","死別","00420","","29歳","","26","-","1","4","5","1","1","2","2","2","-","2","6","-"
"10300","","再婚者数【人】","00100","","夫","2019000000","","2019年","00110","","死別","00430","","30歳","","37","-","1","1","2","5","3","2","1","2","3","2","15","-"
"10300","","再婚者数【人】","00100","","夫","2019000000","","2019年","00110","","死別","00440","","31歳","","39","-","3","3","6","5","3","3","1","4","2","-","9","-"
"10300","","再婚者数【人】","00100","","夫","2019000000","","2019年","00110","","死別","00450","","32歳","","51","-","1","7","4","8","1","4","1","2","2","4","17","-"
"10300","","再婚者数【人】","00100","","夫","2019000000","","2019年","00110","","死別","00460","","33歳","","50","1","5","2","7","4","5","2","5","3","-","-","16","-"
"10300","","再婚者数【人】","00100","","夫","2019000000","","2019年","00110","","死別","00470","","34歳","","63","2","3","7","8","4","4","5","3","2","2","1","22","-"
"10300","","再婚者数【人】","00100","","夫","2019000000","","2019年","00110","","死別","00480","","35歳","","70","-","1","7","8","6","8","3","3","2","3","6","23","-"
"10300","","再婚者数【人】","00100","","夫","2019000000","","2019年","00110","","死別","00490","","36歳","","71","-","6","6","6","6","4","5","1","4","2","1","30","-"
"10300","","再婚者数【人】","00100","","夫","2019000000","","2019年","00110","","死別","00500","","37歳","","78","-","5","1","10","4","4","2","1","5","8","7","31","-"
"10300","","再婚者数【人】","00100","","夫","2019000000","","2019年","00110","","死別","00510","","38歳","","60","2","3","9","2","5","4","2","-","3","1","1","28","-"
"10300","","再婚者数【人】","00100","","夫","2019000000","","2019年","00110","","死別","00520","","39歳","","74","-","2","8","9","4","6","9","1","1","4","1","29","-"
"10300","","再婚者数【人】","00100","","夫","2019000000","","2019年","00110","","死別","00530","","40歳","","83","-","4","10","10","6","9","3","4","1","4","4","28","-"
"10300","","再婚者数【人】","00100","","夫","2019000000","","2019年","00110","","死別","00540","","41歳","","87","1","3","7","8","7","10","6","3","4","3","6","29","-"
"10300","","再婚者数【人】","00100","","夫","2019000000","","2019年","00110","","死別","00550","","42歳","","93","-","7","6","12","6","9","7","4","7","6","2","27","-"
"10300","","再婚者数【人】","00100","","夫","2019000000","","2019年","00110","","死別","00560","","43歳","","93","3","5","7","11","7","4","5","6","3","9","1","32","-"
"10300","","再婚者数【人】","00100","","夫","2019000000","","2019年","00110","","死別","00570","","44歳","","75","1","6","7","2","7","5","8","5","1","5","-","28","-"
"10300","","再婚者数【人】","00100","","夫","2019000000","","2019年","00110","","死別","00580","","45歳","","84","-","2","9","9","5","8","2","5","4","2","5","33","-"
"10300","","再婚者数【人】","00100","","夫","2019000000","","2019年","00110","","死別","00590","","46歳","","89","1","6","5","12","3","6","7","3","13","4","1","28","-"
"10300","","再婚者数【人】","00100","","夫","2019000000","","2019年","00110","","死別","00600","","47歳","","88","1","2","7","6","9","8","5","1","3","3","5","38","-"
"10300","","再婚者数【人】","00100","","夫","2019000000","","2019年","00110","","死別","00610","","48歳","","100","1","1","5","6","3","4","11","8","9","6","4","42","-"
"10300","","再婚者数【人】","00100","","夫","2019000000","","2019年","00110","","死別","00620","","49歳","","108","1","2","8","11","6","8","5","8","7","7","8","37","-"
"10300","","再婚者数【人】","00100","","夫","2019000000","","2019年","00110","","死別","00630","","50歳","","102","1","7","9","9","4","9","10","7","5","10","2","29","-"
"10300","","再婚者数【人】","00100","","夫","2019000000","","2019年","00110","","死別","00640","","51歳","","105","-","2","5","9","12","6","7","9","10","4","5","36","-"
"10300","","再婚者数【人】","00100","","夫","2019000000","","2019年","00110","","死別","00650","","52歳","","106","2","5","7","7","6","9","9","9","8","5","5","34","-"
"10300","","再婚者数【人】","00100","","夫","2019000000","","2019年","00110","","死別","00660","","53歳","","106","-","6","10","7","10","12","6","7","5","3","2","38","-"
"10300","","再婚者数【人】","00100","","夫","2019000000","","2019年","00110","","死別","00670","","54歳","","97","1","7","9","16","6","8","4","5","2","6","7","26","-"
"10300","","再婚者数【人】","00100","","夫","2019000000","","2019年","00110","","死別","00690","","55歳","","105","1","7","10","10","5","10","10","4","3","4","5","36","-"
"10300","","再婚者数【人】","00100","","夫","2019000000","","2019年","00110","","死別","00700","","56歳","","102","-","4","8","9","10","5","5","5","7","6","7","36","-"
"10300","","再婚者数【人】","00100","","夫","2019000000","","2019年","00110","","死別","00710","","57歳","","91","1","9","8","10","5","4","7","10","5","8","4","20","-"
"10300","","再婚者数【人】","00100","","夫","2019000000","","2019年","00110","","死別","00720","","58歳","","94","2","1","10","12","6","9","7","8","8","2","1","28","-"
"10300","","再婚者数【人】","00100","","夫","2019000000","","2019年","00110","","死別","00730","","59歳","","97","-","7","6","6","9","9","10","7","7","6","2","28","-"
"10300","","再婚者数【人】","00100","","夫","2019000000","","2019年","00110","","死別","00740","","60歳","","77","-","12","8","4","12","6","6","6","5","4","-","14","-"
"10300","","再婚者数【人】","00100","","夫","2019000000","","2019年","00110","","死別","00750","","61歳","","89","3","4","4","13","5","3","4","8","11","9","5","20","-"
"10300","","再婚者数【人】","00100","","夫","2019000000","","2019年","00110","","死別","00760","","62歳","","78","3","5","12","6","4","8","5","5","7","6","2","15","-"
"10300","","再婚者数【人】","00100","","夫","2019000000","","2019年","00110","","死別","00770","","63歳","","92","2","11","9","7","6","5","5","14","7","3","2","21","-"
"10300","","再婚者数【人】","00100","","夫","2019000000","","2019年","00110","","死別","00780","","64歳","","71","-","6","6","7","3","5","11","5","8","2","-","18","-"
"10300","","再婚者数【人】","00100","","夫","2019000000","","2019年","00110","","死別","00790","","65歳","","83","2","3","14","15","8","11","5","2","5","1","1","16","-"
"10300","","再婚者数【人】","00100","","夫","2019000000","","2019年","00110","","死別","00800","","66歳","","49","-","3","4","6","8","6","8","-","1","1","-","12","-"
"10300","","再婚者数【人】","00100","","夫","2019000000","","2019年","00110","","死別","00810","","67歳","","68","1","12","8","16","7","6","-","1","2","2","1","12","-"
"10300","","再婚者数【人】","00100","","夫","2019000000","","2019年","00110","","死別","00820","","68歳","","57","4","7","11","7","5","4","3","4","3","-","3","6","-"
"10300","","再婚者数【人】","00100","","夫","2019000000","","2019年","00110","","死別","00830","","69歳","","75","2","17","11","7","2","5","5","2","2","3","3","16","-"
"10300","","再婚者数【人】","00100","","夫","2019000000","","2019年","00110","","死別","00840","","70歳","","35","2","9","7","3","3","-","-","3","1","1","2","4","-"
"10300","","再婚者数【人】","00100","","夫","2019000000","","2019年","00110","","死別","00850","","71歳","","45","2","7","6","3","1","8","3","2","6","2","1","4","-"
"10300","","再婚者数【人】","00100","","夫","2019000000","","2019年","00110","","死別","00860","","72歳","","45","-","9","3","7","5","5","3","2","2","1","4","4","-"
"10300","","再婚者数【人】","00100","","夫","2019000000","","2019年","00110","","死別","00870","","73歳","","39","2","2","5","7","2","5","5","-","3","1","-","7","-"
"10300","","再婚者数【人】","00100","","夫","2019000000","","2019年","00110","","死別","00880","","74歳","","34","5","3","6","5","2","5","1","1","2","1","3","-","-"
"10300","","再婚者数【人】","00100","","夫","2019000000","","2019年","00110","","死別","00890","","75歳","","32","-","5","5","3","3","3","2","2","2","1","1","5","-"
"10300","","再婚者数【人】","00100","","夫","2019000000","","2019年","00110","","死別","00900","","76歳","","32","1","6","6","2","3","-","6","-","1","2","1","4","-"
"10300","","再婚者数【人】","00100","","夫","2019000000","","2019年","00110","","死別","00910","","77歳","","24","2","6","3","2","3","-","3","-","-","-","2","3","-"
"10300","","再婚者数【人】","00100","","夫","2019000000","","2019年","00110","","死別","00920","","78歳","","23","1","4","3","4","2","1","2","1","-","2","3","-","-"
"10300","","再婚者数【人】","00100","","夫","2019000000","","2019年","00110","","死別","00930","","79歳","","16","1","2","2","2","2","2","2","2","-","-","1","-","-"
"10300","","再婚者数【人】","00100","","夫","2019000000","","2019年","00110","","死別","00940","","80歳以上","","125","17","43","22","14","9","5","4","1","5","2","1","2","-"
"10300","","再婚者数【人】","00100","","夫","2019000000","","2019年","00110","","死別","01380","","不詳","","4","-","-","-","-","-","-","-","1","-","1","-","-","2"
"10300","","再婚者数【人】","00100","","夫","2019000000","","2019年","00120","","離別","00100","","総数","","114,078","8,852","14,076","12,939","11,176","9,737","7,745","6,715","5,606","4,750","4,218","3,590","24,657","17"
"10300","","再婚者数【人】","00100","","夫","2019000000","","2019年","00120","","離別","00310","","18歳","","90","2","9","12","7","8","7","4","4","6","5","5","21","-"
"10300","","再婚者数【人】","00100","","夫","2019000000","","2019年","00120","","離別","00320","","19歳","","336","6","32","36","34","29","30","21","16","14","12","18","88","-"
"10300","","再婚者数【人】","00100","","夫","2019000000","","2019年","00120","","離別","00330","","20歳","","736","33","65","75","77","72","50","43","40","35","34","33","179","-"
"10300","","再婚者数【人】","00100","","夫","2019000000","","2019年","00120","","離別","00340","","21歳","","1,156","45","136","106","97","90","83","73","51","76","44","46","309","-"
"10300","","再婚者数【人】","00100","","夫","2019000000","","2019年","00120","","離別","00350","","22歳","","1,689","69","149","181","155","143","127","104","85","85","71","61","459","-"
"10300","","再婚者数【人】","00100","","夫","2019000000","","2019年","00120","","離別","00360","","23歳","","2,031","85","182","220","191","173","146","135","121","91","91","68","528","-"
"10300","","再婚者数【人】","00100","","夫","2019000000","","2019年","00120","","離別","00370","","24歳","","2,563","98","226","256","281","216","182","162","156","119","109","96","662","-"
"10300","","再婚者数【人】","00100","","夫","2019000000","","2019年","00120","","離別","00380","","25歳","","2,961","131","250","284","287","279","219","199","153","139","134","100","786","-"
"10300","","再婚者数【人】","00100","","夫","2019000000","","2019年","00120","","離別","00390","","26歳","","3,466","140","325","370","347","319","260","222","199","167","171","116","830","-"
"10300","","再婚者数【人】","00100","","夫","2019000000","","2019年","00120","","離別","00400","","27歳","","3,929","183","385","432","387","369","295","268","224","185","154","130","917","-"
"10300","","再婚者数【人】","00100","","夫","2019000000","","2019年","00120","","離別","00410","","28歳","","4,395","195","471","520","470","403","318","264","246","210","188","141","969","-"
"10300","","再婚者数【人】","00100","","夫","2019000000","","2019年","00120","","離別","00420","","29歳","","4,798","185","467","558","502","453","392","302","290","206","169","152","1,122","-"
"10300","","再婚者数【人】","00100","","夫","2019000000","","2019年","00120","","離別","00430","","30歳","","5,045","220","506","642","523","474","376","345","268","216","182","163","1,130","-"
"10300","","再婚者数【人】","00100","","夫","2019000000","","2019年","00120","","離別","00440","","31歳","","5,155","237","547","609","574","492","390","367","255","227","181","143","1,133","-"
"10300","","再婚者数【人】","00100","","夫","2019000000","","2019年","00120","","離別","00450","","32歳","","5,236","277","549","633","537","514","360","310","272","198","213","160","1,213","-"
"10300","","再婚者数【人】","00100","","夫","2019000000","","2019年","00120","","離別","00460","","33歳","","5,155","240","582","606","583","484","382","344","264","223","181","150","1,116","-"
"10300","","再婚者数【人】","00100","","夫","2019000000","","2019年","00120","","離別","00470","","34歳","","5,000","266","603","589","502","483","374","280","267","206","175","171","1,084","-"
"10300","","再婚者数【人】","00100","","夫","2019000000","","2019年","00120","","離別","00480","","35歳","","4,877","271","605","567","502","409","388","277","233","202","194","169","1,060","-"
"10300","","再婚者数【人】","00100","","夫","2019000000","","2019年","00120","","離別","00490","","36歳","","4,446","238","547","517","469","405","330","270","219","199","173","141","938","-"
"10300","","再婚者数【人】","00100","","夫","2019000000","","2019年","00120","","離別","00500","","37歳","","4,312","305","520","503","415","389","301","250","248","176","158","153","894","-"
"10300","","再婚者数【人】","00100","","夫","2019000000","","2019年","00120","","離別","00510","","38歳","","4,052","278","499","500","421","332","261","253","207","178","149","127","847","-"
"10300","","再婚者数【人】","00100","","夫","2019000000","","2019年","00120","","離別","00520","","39歳","","3,716","270","478","429","342","321","248","229","197","164","144","115","779","-"
"10300","","再婚者数【人】","00100","","夫","2019000000","","2019年","00120","","離別","00530","","40歳","","3,489","263","414","424","334","289","244","226","155","140","103","125","772","-"
"10300","","再婚者数【人】","00100","","夫","2019000000","","2019年","00120","","離別","00540","","41歳","","3,264","239","423","372","335","264","229","192","162","138","106","113","691","-"
"10300","","再婚者数【人】","00100","","夫","2019000000","","2019年","00120","","離別","00550","","42歳","","3,033","251","399","361","314","284","184","175","135","106","115","68","641","-"
"10300","","再婚者数【人】","00100","","夫","2019000000","","2019年","00120","","離別","00560","","43歳","","2,846","249","412","363","273","214","176","158","130","132","88","60","591","-"
"10300","","再婚者数【人】","00100","","夫","2019000000","","2019年","00120","","離別","00570","","44歳","","2,636","287","359","326","231","204","150","157","123","102","85","95","517","-"
"10300","","再婚者数【人】","00100","","夫","2019000000","","2019年","00120","","離別","00580","","45歳","","2,351","253","348","264","222","185","144","150","93","77","92","77","446","-"
"10300","","再婚者数【人】","00100","","夫","2019000000","","2019年","00120","","離別","00590","","46歳","","2,056","236","287","212","200","164","127","92","87","76","62","71","442","-"
"10300","","再婚者数【人】","00100","","夫","2019000000","","2019年","00120","","離別","00600","","47歳","","1,891","230","293","176","177","151","92","80","86","74","75","54","403","-"
"10300","","再婚者数【人】","00100","","夫","2019000000","","2019年","00120","","離別","00610","","48歳","","1,742","220","259","167","169","121","83","91","81","66","59","39","387","-"
"10300","","再婚者数【人】","00100","","夫","2019000000","","2019年","00120","","離別","00620","","49歳","","1,609","197","268","166","132","106","90","80","68","57","64","40","341","-"
"10300","","再婚者数【人】","00100","","夫","2019000000","","2019年","00120","","離別","00630","","50歳","","1,504","200","224","167","116","106","81","72","74","54","53","47","310","-"
"10300","","再婚者数【人】","00100","","夫","2019000000","","2019年","00120","","離別","00640","","51歳","","1,341","189","199","137","104","88","67","61","38","44","48","46","320","-"
"10300","","再婚者数【人】","00100","","夫","2019000000","","2019年","00120","","離別","00650","","52歳","","1,166","175","196","105","96","69","61","63","45","37","39","31","249","-"
"10300","","再婚者数【人】","00100","","夫","2019000000","","2019年","00120","","離別","00660","","53歳","","1,039","142","199","110","86","73","52","32","32","40","40","17","216","-"
"10300","","再婚者数【人】","00100","","夫","2019000000","","2019年","00120","","離別","00670","","54歳","","982","161","172","100","78","54","40","51","24","37","33","36","196","-"
"10300","","再婚者数【人】","00100","","夫","2019000000","","2019年","00120","","離別","00690","","55歳","","926","173","178","97","69","50","38","33","22","27","33","32","174","-"
"10300","","再婚者数【人】","00100","","夫","2019000000","","2019年","00120","","離別","00700","","56歳","","773","123","138","67","58","62","50","34","32","25","20","27","137","-"
"10300","","再婚者数【人】","00100","","夫","2019000000","","2019年","00120","","離別","00710","","57歳","","723","134","120","89","54","37","31","20","29","34","25","20","130","-"
"10300","","再婚者数【人】","00100","","夫","2019000000","","2019年","00120","","離別","00720","","58歳","","632","115","104","72","53","40","33","27","17","20","16","16","119","-"
"10300","","再婚者数【人】","00100","","夫","2019000000","","2019年","00120","","離別","00730","","59歳","","561","99","118","55","26","37","36","30","15","16","17","22","90","-"
"10300","","再婚者数【人】","00100","","夫","2019000000","","2019年","00120","","離別","00740","","60歳","","560","141","71","50","31","46","34","24","25","16","18","20","84","-"
"10300","","再婚者数【人】","00100","","夫","2019000000","","2019年","00120","","離別","00750","","61歳","","479","105","88","51","44","36","19","8","20","20","21","10","57","-"
"10300","","再婚者数【人】","00100","","夫","2019000000","","2019年","00120","","離別","00760","","62歳","","418","80","72","45","25","24","23","25","17","19","12","16","60","-"
"10300","","再婚者数【人】","00100","","夫","2019000000","","2019年","00120","","離別","00770","","63歳","","337","62","74","33","33","20","23","17","13","13","8","5","36","-"
"10300","","再婚者数【人】","00100","","夫","2019000000","","2019年","00120","","離別","00780","","64歳","","317","79","60","25","21","24","11","17","19","9","7","5","40","-"
"10300","","再婚者数【人】","00100","","夫","2019000000","","2019年","00120","","離別","00790","","65歳","","306","70","57","24","31","19","19","18","11","5","11","6","35","-"
"10300","","再婚者数【人】","00100","","夫","2019000000","","2019年","00120","","離別","00800","","66歳","","281","63","52","34","34","19","20","9","3","6","9","8","24","-"
"10300","","再婚者数【人】","00100","","夫","2019000000","","2019年","00120","","離別","00810","","67歳","","216","58","43","20","19","18","16","8","8","6","3","5","12","-"
"10300","","再婚者数【人】","00100","","夫","2019000000","","2019年","00120","","離別","00820","","68歳","","212","66","41","39","17","9","7","2","4","3","2","2","20","-"
"10300","","再婚者数【人】","00100","","夫","2019000000","","2019年","00120","","離別","00830","","69歳","","178","53","39","24","15","10","6","7","3","4","4","2","11","-"
"10300","","再婚者数【人】","00100","","夫","2019000000","","2019年","00120","","離別","00840","","70歳","","198","77","37","18","12","9","6","5","5","10","3","7","9","-"
"10300","","再婚者数【人】","00100","","夫","2019000000","","2019年","00120","","離別","00850","","71歳","","140","42","34","14","6","9","6","4","3","4","3","2","13","-"
"10300","","再婚者数【人】","00100","","夫","2019000000","","2019年","00120","","離別","00860","","72歳","","131","43","28","12","11","6","6","7","6","2","3","3","4","-"
"10300","","再婚者数【人】","00100","","夫","2019000000","","2019年","00120","","離別","00870","","73歳","","80","23","18","7","8","4","2","7","-","3","2","1","5","-"
"10300","","再婚者数【人】","00100","","夫","2019000000","","2019年","00120","","離別","00880","","74歳","","98","29","29","12","9","9","5","1","-","-","1","1","2","-"
"10300","","再婚者数【人】","00100","","夫","2019000000","","2019年","00120","","離別","00890","","75歳","","72","22","16","12","7","3","3","1","1","1","3","-","3","-"
"10300","","再婚者数【人】","00100","","夫","2019000000","","2019年","00120","","離別","00900","","76歳","","56","20","10","8","4","4","5","1","-","-","2","-","2","-"
"10300","","再婚者数【人】","00100","","夫","2019000000","","2019年","00120","","離別","00910","","77歳","","46","16","9","7","3","2","3","2","2","1","-","-","1","-"
"10300","","再婚者数【人】","00100","","夫","2019000000","","2019年","00120","","離別","00920","","78歳","","44","12","17","8","1","1","-","3","-","1","1","-","-","-"
"10300","","再婚者数【人】","00100","","夫","2019000000","","2019年","00120","","離別","00930","","79歳","","35","9","8","7","4","2","-","1","1","1","-","1","1","-"
"10300","","再婚者数【人】","00100","","夫","2019000000","","2019年","00120","","離別","00940","","80歳以上","","149","72","30","14","11","8","4","2","2","2","-","2","2","-"
"10300","","再婚者数【人】","00100","","夫","2019000000","","2019年","00120","","離別","01380","","不詳","","17","-","-","-","-","-","-","-","-","-","-","-","-","17"
"10300","","再婚者数【人】","00100","","夫","2018000000","","2018年","00100","","総数","00100","","総数","","115,293","8,883","14,230","13,166","11,613","9,431","8,039","7,054","5,757","5,105","4,287","3,605","24,104","19"
"10300","","再婚者数【人】","00100","","夫","2018000000","","2018年","00100","","総数","00310","","18歳","","82","2","5","10","11","6","8","6","4","3","8","4","15","-"
"10300","","再婚者数【人】","00100","","夫","2018000000","","2018年","00100","","総数","00320","","19歳","","392","11","26","52","28","37","27","26","19","20","24","17","105","-"
"10300","","再婚者数【人】","00100","","夫","2018000000","","2018年","00100","","総数","00330","","20歳","","773","26","67","77","77","59","55","47","50","46","38","29","202","-"
"10300","","再婚者数【人】","00100","","夫","2018000000","","2018年","00100","","総数","00340","","21歳","","1,246","54","107","132","113","109","96","91","54","58","67","42","323","-"
"10300","","再婚者数【人】","00100","","夫","2018000000","","2018年","00100","","総数","00350","","22歳","","1,663","72","128","176","147","155","134","120","99","69","78","67","418","-"
"10300","","再婚者数【人】","00100","","夫","2018000000","","2018年","00100","","総数","00360","","23歳","","2,038","62","193","186","184","175","159","148","118","83","99","86","545","-"
"10300","","再婚者数【人】","00100","","夫","2018000000","","2018年","00100","","総数","00370","","24歳","","2,426","98","200","246","220","234","182","157","127","137","114","102","609","-"
"10300","","再婚者数【人】","00100","","夫","2018000000","","2018年","00100","","総数","00380","","25歳","","3,021","123","262","303","299","264","226","226","188","154","118","122","736","-"
"10300","","再婚者数【人】","00100","","夫","2018000000","","2018年","00100","","総数","00390","","26歳","","3,341","131","337","321","373","334","252","210","167","191","157","127","741","-"
"10300","","再婚者数【人】","00100","","夫","2018000000","","2018年","00100","","総数","00400","","27歳","","3,909","143","363","444","414","360","321","291","228","208","158","115","864","-"
"10300","","再婚者数【人】","00100","","夫","2018000000","","2018年","00100","","総数","00410","","28歳","","4,509","178","461","504","476","403","410","298","257","199","169","156","998","-"
"10300","","再婚者数【人】","00100","","夫","2018000000","","2018年","00100","","総数","00420","","29歳","","4,774","191","496","553","569","443","358","329","258","218","185","156","1,018","-"
"10300","","再婚者数【人】","00100","","夫","2018000000","","2018年","00100","","総数","00430","","30歳","","5,031","209","534","618","588","476","412","317","272","206","189","150","1,060","-"
"10300","","再婚者数【人】","00100","","夫","2018000000","","2018年","00100","","総数","00440","","31歳","","5,131","232","525","646","593","486","376","327","281","233","200","158","1,074","-"
"10300","","再婚者数【人】","00100","","夫","2018000000","","2018年","00100","","総数","00450","","32歳","","5,159","249","575","627","603","441","363","347","262","237","190","164","1,101","-"
"10300","","再婚者数【人】","00100","","夫","2018000000","","2018年","00100","","総数","00460","","33歳","","5,154","262","596","618","567","436","375","302","268","246","213","156","1,115","-"
"10300","","再婚者数【人】","00100","","夫","2018000000","","2018年","00100","","総数","00470","","34歳","","5,006","286","590","597","539","418","378","319","237","241","191","163","1,047","-"
"10300","","再婚者数【人】","00100","","夫","2018000000","","2018年","00100","","総数","00480","","35歳","","4,870","309","587","595","494","438","385","274","235","237","208","169","939","-"
"10300","","再婚者数【人】","00100","","夫","2018000000","","2018年","00100","","総数","00490","","36歳","","4,479","289","547","590","480","366","308","282","230","201","178","152","856","-"
"10300","","再婚者数【人】","00100","","夫","2018000000","","2018年","00100","","総数","00500","","37歳","","4,303","271","556","534","442","352","299","271","224","191","165","142","856","-"
"10300","","再婚者数【人】","00100","","夫","2018000000","","2018年","00100","","総数","00510","","38歳","","4,097","300","533","478","433","354","278","271","206","167","146","114","817","-"
"10300","","再婚者数【人】","00100","","夫","2018000000","","2018年","00100","","総数","00520","","39歳","","3,654","267","512","426","366","270","285","228","193","154","148","111","694","-"
"10300","","再婚者数【人】","00100","","夫","2018000000","","2018年","00100","","総数","00530","","40歳","","3,472","270","451","421","342","273","257","210","167","154","112","122","693","-"
"10300","","再婚者数【人】","00100","","夫","2018000000","","2018年","00100","","総数","00540","","41歳","","3,252","256","440","366","332","275","225","204","142","156","105","92","659","-"
"10300","","再婚者数【人】","00100","","夫","2018000000","","2018年","00100","","総数","00550","","42歳","","2,995","292","424","394","316","205","172","165","141","117","95","72","602","-"
"10300","","再婚者数【人】","00100","","夫","2018000000","","2018年","00100","","総数","00560","","43歳","","2,775","290","398","335","259","204","183","163","122","104","67","60","590","-"
"10300","","再婚者数【人】","00100","","夫","2018000000","","2018年","00100","","総数","00570","","44歳","","2,471","271","342","287","243","191","150","133","109","96","69","61","519","-"
"10300","","再婚者数【人】","00100","","夫","2018000000","","2018年","00100","","総数","00580","","45歳","","2,309","247","348","238","210","154","130","121","100","105","86","63","507","-"
"10300","","再婚者数【人】","00100","","夫","2018000000","","2018年","00100","","総数","00590","","46歳","","2,035","240","329","224","179","146","105","107","95","76","55","47","432","-"
"10300","","再婚者数【人】","00100","","夫","2018000000","","2018年","00100","","総数","00600","","47歳","","1,920","224","281","199","172","142","97","107","87","61","66","41","443","-"
"10300","","再婚者数【人】","00100","","夫","2018000000","","2018年","00100","","総数","00610","","48歳","","1,668","189","255","174","132","108","98","86","83","54","46","40","403","-"
"10300","","再婚者数【人】","00100","","夫","2018000000","","2018年","00100","","総数","00620","","49歳","","1,580","222","223","165","103","106","76","87","81","62","51","58","346","-"
"10300","","再婚者数【人】","00100","","夫","2018000000","","2018年","00100","","総数","00630","","50歳","","1,495","208","204","154","122","105","85","79","71","52","47","45","323","-"
"10300","","再婚者数【人】","00100","","夫","2018000000","","2018年","00100","","総数","00640","","51歳","","1,341","178","164","156","103","109","79","72","54","52","39","40","295","-"
"10300","","再婚者数【人】","00100","","夫","2018000000","","2018年","00100","","総数","00650","","52歳","","1,267","162","197","149","87","82","57","60","58","59","37","48","271","-"
"10300","","再婚者数【人】","00100","","夫","2018000000","","2018年","00100","","総数","00660","","53歳","","1,159","173","184","89","89","77","71","60","48","50","36","32","250","-"
"10300","","再婚者数【人】","00100","","夫","2018000000","","2018年","00100","","総数","00670","","54歳","","1,093","156","164","96","91","70","63","56","46","38","40","33","240","-"
"10300","","再婚者数【人】","00100","","夫","2018000000","","2018年","00100","","総数","00690","","55歳","","946","141","144","86","65","57","56","53","29","42","44","30","199","-"
"10300","","再婚者数【人】","00100","","夫","2018000000","","2018年","00100","","総数","00700","","56歳","","851","131","133","86","76","56","42","39","37","32","31","19","169","-"
"10300","","再婚者数【人】","00100","","夫","2018000000","","2018年","00100","","総数","00710","","57歳","","768","105","119","79","65","48","43","36","36","34","17","26","160","-"
"10300","","再婚者数【人】","00100","","夫","2018000000","","2018年","00100","","総数","00720","","58歳","","717","117","124","59","43","53","27","29","39","31","19","30","146","-"
"10300","","再婚者数【人】","00100","","夫","2018000000","","2018年","00100","","総数","00730","","59歳","","598","103","89","42","47","34","34","34","24","28","29","19","115","-"
"10300","","再婚者数【人】","00100","","夫","2018000000","","2018年","00100","","総数","00740","","60歳","","644","115","94","65","56","45","35","33","23","26","32","16","104","-"
"10300","","再婚者数【人】","00100","","夫","2018000000","","2018年","00100","","総数","00750","","61歳","","517","93","64","53","51","28","38","28","22","26","18","15","81","-"
"10300","","再婚者数【人】","00100","","夫","2018000000","","2018年","00100","","総数","00760","","62歳","","476","76","83","56","40","33","30","22","18","18","17","13","70","-"
"10300","","再婚者数【人】","00100","","夫","2018000000","","2018年","00100","","総数","00770","","63歳","","448","67","89","33","38","20","28","38","30","20","10","11","64","-"
"10300","","再婚者数【人】","00100","","夫","2018000000","","2018年","00100","","総数","00780","","64歳","","397","74","76","38","35","23","22","21","19","20","6","10","53","-"
"10300","","再婚者数【人】","00100","","夫","2018000000","","2018年","00100","","総数","00790","","65歳","","407","74","64","45","31","39","24","20","14","21","15","10","50","-"
"10300","","再婚者数【人】","00100","","夫","2018000000","","2018年","00100","","総数","00800","","66歳","","322","61","65","37","32","22","22","10","8","13","7","8","37","-"
"10300","","再婚者数【人】","00100","","夫","2018000000","","2018年","00100","","総数","00810","","67歳","","318","61","65","36","41","17","14","10","16","12","10","4","32","-"
"10300","","再婚者数【人】","00100","","夫","2018000000","","2018年","00100","","総数","00820","","68歳","","278","62","54","53","27","10","7","11","8","6","7","8","25","-"
"10300","","再婚者数【人】","00100","","夫","2018000000","","2018年","00100","","総数","00830","","69歳","","276","63","63","31","26","22","15","12","9","5","6","4","20","-"
"10300","","再婚者数【人】","00100","","夫","2018000000","","2018年","00100","","総数","00840","","70歳","","212","54","46","23","16","13","10","11","10","6","3","3","17","-"
"10300","","再婚者数【人】","00100","","夫","2018000000","","2018年","00100","","総数","00850","","71歳","","200","57","29","17","24","11","13","6","7","5","5","9","17","-"
"10300","","再婚者数【人】","00100","","夫","2018000000","","2018年","00100","","総数","00860","","72歳","","139","30","23","11","19","8","8","9","5","7","2","3","14","-"
"10300","","再婚者数【人】","00100","","夫","2018000000","","2018年","00100","","総数","00870","","73歳","","121","32","28","20","14","6","1","3","6","2","1","2","6","-"
"10300","","再婚者数【人】","00100","","夫","2018000000","","2018年","00100","","総数","00880","","74歳","","138","31","30","20","18","6","8","7","5","5","2","2","4","-"
"10300","","再婚者数【人】","00100","","夫","2018000000","","2018年","00100","","総数","00890","","75歳","","97","29","17","17","7","2","6","5","4","2","3","1","4","-"
"10300","","再婚者数【人】","00100","","夫","2018000000","","2018年","00100","","総数","00900","","76歳","","93","26","26","13","11","2","5","2","-","3","1","2","2","-"
"10300","","再婚者数【人】","00100","","夫","2018000000","","2018年","00100","","総数","00910","","77歳","","81","25","19","14","5","3","4","4","1","1","2","-","3","-"
"10300","","再婚者数【人】","00100","","夫","2018000000","","2018年","00100","","総数","00920","","78歳","","64","24","8","10","2","2","4","5","3","1","1","2","2","-"
"10300","","再婚者数【人】","00100","","夫","2018000000","","2018年","00100","","総数","00930","","79歳","","39","12","8","4","5","1","1","2","1","1","2","-","2","-"
"10300","","再婚者数【人】","00100","","夫","2018000000","","2018年","00100","","総数","00940","","80歳以上","","237","77","66","38","23","7","7","7","2","3","3","2","2","-"
"10300","","再婚者数【人】","00100","","夫","2018000000","","2018年","00100","","総数","01380","","不詳","","19","-","-","-","-","-","-","-","-","-","-","-","-","19"
"10300","","再婚者数【人】","00100","","夫","2018000000","","2018年","00110","","死別","00100","","総数","","3,780","78","272","373","420","310","289","234","248","212","148","138","1,058","-"
"10300","","再婚者数【人】","00100","","夫","2018000000","","2018年","00110","","死別","00310","","18歳","","-","-","-","-","-","-","-","-","-","-","-","-","-","-"
"10300","","再婚者数【人】","00100","","夫","2018000000","","2018年","00110","","死別","00320","","19歳","","-","-","-","-","-","-","-","-","-","-","-","-","-","-"
"10300","","再婚者数【人】","00100","","夫","2018000000","","2018年","00110","","死別","00330","","20歳","","2","-","-","-","-","-","-","-","1","-","-","-","1","-"
"10300","","再婚者数【人】","00100","","夫","2018000000","","2018年","00110","","死別","00340","","21歳","","1","-","1","-","-","-","-","-","-","-","-","-","-","-"
"10300","","再婚者数【人】","00100","","夫","2018000000","","2018年","00110","","死別","00350","","22歳","","1","-","-","-","1","-","-","-","-","-","-","-","-","-"
"10300","","再婚者数【人】","00100","","夫","2018000000","","2018年","00110","","死別","00360","","23歳","","6","-","-","1","-","-","-","1","-","-","-","-","4","-"
"10300","","再婚者数【人】","00100","","夫","2018000000","","2018年","00110","","死別","00370","","24歳","","4","-","-","1","1","1","1","-","-","-","-","-","-","-"
"10300","","再婚者数【人】","00100","","夫","2018000000","","2018年","00110","","死別","00380","","25歳","","13","-","-","2","-","1","5","-","-","1","-","-","4","-"
"10300","","再婚者数【人】","00100","","夫","2018000000","","2018年","00110","","死別","00390","","26歳","","20","-","2","2","6","1","2","-","2","-","-","-","5","-"
"10300","","再婚者数【人】","00100","","夫","2018000000","","2018年","00110","","死別","00400","","27歳","","28","1","-","2","3","1","-","4","3","1","1","-","12","-"
"10300","","再婚者数【人】","00100","","夫","2018000000","","2018年","00110","","死別","00410","","28歳","","32","-","2","2","3","1","3","2","5","2","2","-","10","-"
"10300","","再婚者数【人】","00100","","夫","2018000000","","2018年","00110","","死別","00420","","29歳","","31","-","-","3","3","5","2","-","4","2","-","2","10","-"
"10300","","再婚者数【人】","00100","","夫","2018000000","","2018年","00110","","死別","00430","","30歳","","35","1","1","3","7","2","2","3","2","1","-","1","12","-"
"10300","","再婚者数【人】","00100","","夫","2018000000","","2018年","00110","","死別","00440","","31歳","","56","1","2","2","4","3","5","3","6","4","5","-","21","-"
"10300","","再婚者数【人】","00100","","夫","2018000000","","2018年","00110","","死別","00450","","32歳","","38","-","2","3","5","-","6","1","1","4","3","-","13","-"
"10300","","再婚者数【人】","00100","","夫","2018000000","","2018年","00110","","死別","00460","","33歳","","49","1","-","7","9","3","5","3","1","4","3","1","12","-"
"10300","","再婚者数【人】","00100","","夫","2018000000","","2018年","00110","","死別","00470","","34歳","","52","1","-","4","5","4","3","1","6","5","-","2","21","-"
"10300","","再婚者数【人】","00100","","夫","2018000000","","2018年","00110","","死別","00480","","35歳","","82","1","4","4","11","10","7","5","3","4","4","4","25","-"
"10300","","再婚者数【人】","00100","","夫","2018000000","","2018年","00110","","死別","00490","","36歳","","57","-","5","9","4","10","3","4","2","1","-","1","18","-"
"10300","","再婚者数【人】","00100","","夫","2018000000","","2018年","00110","","死別","00500","","37歳","","72","-","4","9","3","5","5","4","4","5","6","2","25","-"
"10300","","再婚者数【人】","00100","","夫","2018000000","","2018年","00110","","死別","00510","","38歳","","68","1","4","5","8","4","3","3","9","2","2","1","26","-"
"10300","","再婚者数【人】","00100","","夫","2018000000","","2018年","00110","","死別","00520","","39歳","","70","-","6","4","9","4","3","1","7","3","1","2","30","-"
"10300","","再婚者数【人】","00100","","夫","2018000000","","2018年","00110","","死別","00530","","40歳","","78","1","4","6","6","7","8","6","4","2","5","4","25","-"
"10300","","再婚者数【人】","00100","","夫","2018000000","","2018年","00110","","死別","00540","","41歳","","84","1","1","8","10","12","5","6","6","5","1","6","23","-"
"10300","","再婚者数【人】","00100","","夫","2018000000","","2018年","00110","","死別","00550","","42歳","","88","2","4","10","6","9","8","5","4","1","5","1","33","-"
"10300","","再婚者数【人】","00100","","夫","2018000000","","2018年","00110","","死別","00560","","43歳","","100","2","6","5","8","10","6","4","8","8","5","4","34","-"
"10300","","再婚者数【人】","00100","","夫","2018000000","","2018年","00110","","死別","00570","","44歳","","74","-","2","7","9","5","8","6","2","3","1","2","29","-"
"10300","","再婚者数【人】","00100","","夫","2018000000","","2018年","00110","","死別","00580","","45歳","","100","1","6","10","5","7","7","1","4","5","8","3","43","-"
"10300","","再婚者数【人】","00100","","夫","2018000000","","2018年","00110","","死別","00590","","46歳","","90","2","5","4","10","5","6","5","4","6","4","7","32","-"
"10300","","再婚者数【人】","00100","","夫","2018000000","","2018年","00110","","死別","00600","","47歳","","91","-","2","9","9","7","5","5","4","7","5","3","35","-"
"10300","","再婚者数【人】","00100","","夫","2018000000","","2018年","00110","","死別","00610","","48歳","","75","1","3","3","10","6","3","5","6","5","2","1","30","-"
"10300","","再婚者数【人】","00100","","夫","2018000000","","2018年","00110","","死別","00620","","49歳","","99","-","4","9","5","7","8","11","5","7","5","6","32","-"
"10300","","再婚者数【人】","00100","","夫","2018000000","","2018年","00110","","死別","00630","","50歳","","113","1","-","7","8","14","5","12","7","4","9","5","41","-"
"10300","","再婚者数【人】","00100","","夫","2018000000","","2018年","00110","","死別","00640","","51歳","","108","-","8","15","7","15","11","7","10","5","-","6","24","-"
"10300","","再婚者数【人】","00100","","夫","2018000000","","2018年","00110","","死別","00650","","52歳","","101","1","5","13","9","6","4","7","8","7","7","5","29","-"
"10300","","再婚者数【人】","00100","","夫","2018000000","","2018年","00110","","死別","00660","","53歳","","94","1","3","6","8","10","12","9","9","7","2","5","22","-"
"10300","","再婚者数【人】","00100","","夫","2018000000","","2018年","00110","","死別","00670","","54歳","","120","3","2","9","15","15","11","7","6","5","3","6","38","-"
"10300","","再婚者数【人】","00100","","夫","2018000000","","2018年","00110","","死別","00690","","55歳","","102","1","5","9","10","4","11","5","7","9","5","3","33","-"
"10300","","再婚者数【人】","00100","","夫","2018000000","","2018年","00110","","死別","00700","","56歳","","92","1","11","9","10","5","4","3","6","4","6","5","28","-"
"10300","","再婚者数【人】","00100","","夫","2018000000","","2018年","00110","","死別","00710","","57歳","","93","1","5","7","11","8","6","5","10","9","2","1","28","-"
"10300","","再婚者数【人】","00100","","夫","2018000000","","2018年","00110","","死別","00720","","58歳","","84","1","8","3","5","11","5","5","8","5","4","5","24","-"
"10300","","再婚者数【人】","00100","","夫","2018000000","","2018年","00110","","死別","00730","","59歳","","96","-","2","7","13","5","9","4","7","8","6","5","30","-"
"10300","","再婚者数【人】","00100","","夫","2018000000","","2018年","00110","","死別","00740","","60歳","","81","-","6","7","10","6","6","8","3","9","3","2","21","-"
"10300","","再婚者数【人】","00100","","夫","2018000000","","2018年","00110","","死別","00750","","61歳","","89","3","8","10","8","6","9","7","6","6","2","2","22","-"
"10300","","再婚者数【人】","00100","","夫","2018000000","","2018年","00110","","死別","00760","","62歳","","93","1","5","12","11","10","11","5","6","3","1","3","25","-"
"10300","","再婚者数【人】","00100","","夫","2018000000","","2018年","00110","","死別","00770","","63歳","","72","1","4","6","8","4","10","8","8","3","2","3","15","-"
"10300","","再婚者数【人】","00100","","夫","2018000000","","2018年","00110","","死別","00780","","64歳","","85","2","8","11","11","8","5","7","4","6","-","2","21","-"
"10300","","再婚者数【人】","00100","","夫","2018000000","","2018年","00110","","死別","00790","","65歳","","83","2","7","8","11","11","4","7","3","8","4","3","15","-"
"10300","","再婚者数【人】","00100","","夫","2018000000","","2018年","00110","","死別","00800","","66歳","","62","-","9","10","7","1","7","3","1","6","3","2","13","-"
"10300","","再婚者数【人】","00100","","夫","2018000000","","2018年","00110","","死別","00810","","67歳","","70","1","8","9","13","5","4","4","10","1","3","2","10","-"
"10300","","再婚者数【人】","00100","","夫","2018000000","","2018年","00110","","死別","00820","","68歳","","57","3","4","9","10","3","3","3","3","1","2","4","12","-"
"10300","","再婚者数【人】","00100","","夫","2018000000","","2018年","00110","","死別","00830","","69歳","","52","1","7","5","6","8","6","2","4","2","2","2","7","-"
"10300","","再婚者数【人】","00100","","夫","2018000000","","2018年","00110","","死別","00840","","70歳","","55","1","11","7","8","3","3","6","4","1","-","1","10","-"
"10300","","再婚者数【人】","00100","","夫","2018000000","","2018年","00110","","死別","00850","","71歳","","51","-","10","4","9","5","6","1","2","3","3","3","5","-"
"10300","","再婚者数【人】","00100","","夫","2018000000","","2018年","00110","","死別","00860","","72歳","","37","1","2","5","7","4","2","3","2","2","-","2","7","-"
"10300","","再婚者数【人】","00100","","夫","2018000000","","2018年","00110","","死別","00870","","73歳","","33","2","9","8","6","1","-","-","4","2","-","-","1","-"
"10300","","再婚者数【人】","00100","","夫","2018000000","","2018年","00110","","死別","00880","","74歳","","39","4","7","4","8","2","3","4","2","2","1","2","-","-"
"10300","","再婚者数【人】","00100","","夫","2018000000","","2018年","00110","","死別","00890","","75歳","","24","1","3","7","3","1","2","1","1","1","1","1","2","-"
"10300","","再婚者数【人】","00100","","夫","2018000000","","2018年","00110","","死別","00900","","76歳","","34","2","11","5","6","-","3","1","-","2","1","1","2","-"
"10300","","再婚者数【人】","00100","","夫","2018000000","","2018年","00110","","死別","00910","","77歳","","24","3","5","4","-","2","3","2","-","-","2","-","3","-"
"10300","","再婚者数【人】","00100","","夫","2018000000","","2018年","00110","","死別","00920","","78歳","","22","2","2","3","1","1","2","3","2","1","1","2","2","-"
"10300","","再婚者数【人】","00100","","夫","2018000000","","2018年","00110","","死別","00930","","79歳","","13","1","2","1","2","-","1","1","1","1","2","-","1","-"
"10300","","再婚者数【人】","00100","","夫","2018000000","","2018年","00110","","死別","00940","","80歳以上","","105","20","25","19","19","6","2","5","1","1","3","2","2","-"
"10300","","再婚者数【人】","00100","","夫","2018000000","","2018年","00110","","死別","01380","","不詳","","-","-","-","-","-","-","-","-","-","-","-","-","-","-"
"10300","","再婚者数【人】","00100","","夫","2018000000","","2018年","00120","","離別","00100","","総数","","111,513","8,805","13,958","12,793","11,193","9,121","7,750","6,820","5,509","4,893","4,139","3,467","23,046","19"
"10300","","再婚者数【人】","00100","","夫","2018000000","","2018年","00120","","離別","00310","","18歳","","82","2","5","10","11","6","8","6","4","3","8","4","15","-"
"10300","","再婚者数【人】","00100","","夫","2018000000","","2018年","00120","","離別","00320","","19歳","","392","11","26","52","28","37","27","26","19","20","24","17","105","-"
"10300","","再婚者数【人】","00100","","夫","2018000000","","2018年","00120","","離別","00330","","20歳","","771","26","67","77","77","59","55","47","49","46","38","29","201","-"
"10300","","再婚者数【人】","00100","","夫","2018000000","","2018年","00120","","離別","00340","","21歳","","1,245","54","106","132","113","109","96","91","54","58","67","42","323","-"
"10300","","再婚者数【人】","00100","","夫","2018000000","","2018年","00120","","離別","00350","","22歳","","1,662","72","128","176","146","155","134","120","99","69","78","67","418","-"
"10300","","再婚者数【人】","00100","","夫","2018000000","","2018年","00120","","離別","00360","","23歳","","2,032","62","193","185","184","175","159","147","118","83","99","86","541","-"
"10300","","再婚者数【人】","00100","","夫","2018000000","","2018年","00120","","離別","00370","","24歳","","2,422","98","200","245","219","233","181","157","127","137","114","102","609","-"
"10300","","再婚者数【人】","00100","","夫","2018000000","","2018年","00120","","離別","00380","","25歳","","3,008","123","262","301","299","263","221","226","188","153","118","122","732","-"
"10300","","再婚者数【人】","00100","","夫","2018000000","","2018年","00120","","離別","00390","","26歳","","3,321","131","335","319","367","333","250","210","165","191","157","127","736","-"
"10300","","再婚者数【人】","00100","","夫","2018000000","","2018年","00120","","離別","00400","","27歳","","3,881","142","363","442","411","359","321","287","225","207","157","115","852","-"
"10300","","再婚者数【人】","00100","","夫","2018000000","","2018年","00120","","離別","00410","","28歳","","4,477","178","459","502","473","402","407","296","252","197","167","156","988","-"
"10300","","再婚者数【人】","00100","","夫","2018000000","","2018年","00120","","離別","00420","","29歳","","4,743","191","496","550","566","438","356","329","254","216","185","154","1,008","-"
"10300","","再婚者数【人】","00100","","夫","2018000000","","2018年","00120","","離別","00430","","30歳","","4,996","208","533","615","581","474","410","314","270","205","189","149","1,048","-"
"10300","","再婚者数【人】","00100","","夫","2018000000","","2018年","00120","","離別","00440","","31歳","","5,075","231","523","644","589","483","371","324","275","229","195","158","1,053","-"
"10300","","再婚者数【人】","00100","","夫","2018000000","","2018年","00120","","離別","00450","","32歳","","5,121","249","573","624","598","441","357","346","261","233","187","164","1,088","-"
"10300","","再婚者数【人】","00100","","夫","2018000000","","2018年","00120","","離別","00460","","33歳","","5,105","261","596","611","558","433","370","299","267","242","210","155","1,103","-"
"10300","","再婚者数【人】","00100","","夫","2018000000","","2018年","00120","","離別","00470","","34歳","","4,954","285","590","593","534","414","375","318","231","236","191","161","1,026","-"
"10300","","再婚者数【人】","00100","","夫","2018000000","","2018年","00120","","離別","00480","","35歳","","4,788","308","583","591","483","428","378","269","232","233","204","165","914","-"
"10300","","再婚者数【人】","00100","","夫","2018000000","","2018年","00120","","離別","00490","","36歳","","4,422","289","542","581","476","356","305","278","228","200","178","151","838","-"
"10300","","再婚者数【人】","00100","","夫","2018000000","","2018年","00120","","離別","00500","","37歳","","4,231","271","552","525","439","347","294","267","220","186","159","140","831","-"
"10300","","再婚者数【人】","00100","","夫","2018000000","","2018年","00120","","離別","00510","","38歳","","4,029","299","529","473","425","350","275","268","197","165","144","113","791","-"
"10300","","再婚者数【人】","00100","","夫","2018000000","","2018年","00120","","離別","00520","","39歳","","3,584","267","506","422","357","266","282","227","186","151","147","109","664","-"
"10300","","再婚者数【人】","00100","","夫","2018000000","","2018年","00120","","離別","00530","","40歳","","3,394","269","447","415","336","266","249","204","163","152","107","118","668","-"
"10300","","再婚者数【人】","00100","","夫","2018000000","","2018年","00120","","離別","00540","","41歳","","3,168","255","439","358","322","263","220","198","136","151","104","86","636","-"
"10300","","再婚者数【人】","00100","","夫","2018000000","","2018年","00120","","離別","00550","","42歳","","2,907","290","420","384","310","196","164","160","137","116","90","71","569","-"
"10300","","再婚者数【人】","00100","","夫","2018000000","","2018年","00120","","離別","00560","","43歳","","2,675","288","392","330","251","194","177","159","114","96","62","56","556","-"
"10300","","再婚者数【人】","00100","","夫","2018000000","","2018年","00120","","離別","00570","","44歳","","2,397","271","340","280","234","186","142","127","107","93","68","59","490","-"
"10300","","再婚者数【人】","00100","","夫","2018000000","","2018年","00120","","離別","00580","","45歳","","2,209","246","342","228","205","147","123","120","96","100","78","60","464","-"
"10300","","再婚者数【人】","00100","","夫","2018000000","","2018年","00120","","離別","00590","","46歳","","1,945","238","324","220","169","141","99","102","91","70","51","40","400","-"
"10300","","再婚者数【人】","00100","","夫","2018000000","","2018年","00120","","離別","00600","","47歳","","1,829","224","279","190","163","135","92","102","83","54","61","38","408","-"
"10300","","再婚者数【人】","00100","","夫","2018000000","","2018年","00120","","離別","00610","","48歳","","1,593","188","252","171","122","102","95","81","77","49","44","39","373","-"
"10300","","再婚者数【人】","00100","","夫","2018000000","","2018年","00120","","離別","00620","","49歳","","1,481","222","219","156","98","99","68","76","76","55","46","52","314","-"
"10300","","再婚者数【人】","00100","","夫","2018000000","","2018年","00120","","離別","00630","","50歳","","1,382","207","204","147","114","91","80","67","64","48","38","40","282","-"
"10300","","再婚者数【人】","00100","","夫","2018000000","","2018年","00120","","離別","00640","","51歳","","1,233","178","156","141","96","94","68","65","44","47","39","34","271","-"
"10300","","再婚者数【人】","00100","","夫","2018000000","","2018年","00120","","離別","00650","","52歳","","1,166","161","192","136","78","76","53","53","50","52","30","43","242","-"
"10300","","再婚者数【人】","00100","","夫","2018000000","","2018年","00120","","離別","00660","","53歳","","1,065","172","181","83","81","67","59","51","39","43","34","27","228","-"
"10300","","再婚者数【人】","00100","","夫","2018000000","","2018年","00120","","離別","00670","","54歳","","973","153","162","87","76","55","52","49","40","33","37","27","202","-"
"10300","","再婚者数【人】","00100","","夫","2018000000","","2018年","00120","","離別","00690","","55歳","","844","140","139","77","55","53","45","48","22","33","39","27","166","-"
"10300","","再婚者数【人】","00100","","夫","2018000000","","2018年","00120","","離別","00700","","56歳","","759","130","122","77","66","51","38","36","31","28","25","14","141","-"
"10300","","再婚者数【人】","00100","","夫","2018000000","","2018年","00120","","離別","00710","","57歳","","675","104","114","72","54","40","37","31","26","25","15","25","132","-"
"10300","","再婚者数【人】","00100","","夫","2018000000","","2018年","00120","","離別","00720","","58歳","","633","116","116","56","38","42","22","24","31","26","15","25","122","-"
"10300","","再婚者数【人】","00100","","夫","2018000000","","2018年","00120","","離別","00730","","59歳","","502","103","87","35","34","29","25","30","17","20","23","14","85","-"
"10300","","再婚者数【人】","00100","","夫","2018000000","","2018年","00120","","離別","00740","","60歳","","563","115","88","58","46","39","29","25","20","17","29","14","83","-"
"10300","","再婚者数【人】","00100","","夫","2018000000","","2018年","00120","","離別","00750","","61歳","","428","90","56","43","43","22","29","21","16","20","16","13","59","-"
"10300","","再婚者数【人】","00100","","夫","2018000000","","2018年","00120","","離別","00760","","62歳","","383","75","78","44","29","23","19","17","12","15","16","10","45","-"
"10300","","再婚者数【人】","00100","","夫","2018000000","","2018年","00120","","離別","00770","","63歳","","376","66","85","27","30","16","18","30","22","17","8","8","49","-"
"10300","","再婚者数【人】","00100","","夫","2018000000","","2018年","00120","","離別","00780","","64歳","","312","72","68","27","24","15","17","14","15","14","6","8","32","-"
"10300","","再婚者数【人】","00100","","夫","2018000000","","2018年","00120","","離別","00790","","65歳","","324","72","57","37","20","28","20","13","11","13","11","7","35","-"
"10300","","再婚者数【人】","00100","","夫","2018000000","","2018年","00120","","離別","00800","","66歳","","260","61","56","27","25","21","15","7","7","7","4","6","24","-"
"10300","","再婚者数【人】","00100","","夫","2018000000","","2018年","00120","","離別","00810","","67歳","","248","60","57","27","28","12","10","6","6","11","7","2","22","-"
"10300","","再婚者数【人】","00100","","夫","2018000000","","2018年","00120","","離別","00820","","68歳","","221","59","50","44","17","7","4","8","5","5","5","4","13","-"
"10300","","再婚者数【人】","00100","","夫","2018000000","","2018年","00120","","離別","00830","","69歳","","224","62","56","26","20","14","9","10","5","3","4","2","13","-"
"10300","","再婚者数【人】","00100","","夫","2018000000","","2018年","00120","","離別","00840","","70歳","","157","53","35","16","8","10","7","5","6","5","3","2","7","-"
"10300","","再婚者数【人】","00100","","夫","2018000000","","2018年","00120","","離別","00850","","71歳","","149","57","19","13","15","6","7","5","5","2","2","6","12","-"
"10300","","再婚者数【人】","00100","","夫","2018000000","","2018年","00120","","離別","00860","","72歳","","102","29","21","6","12","4","6","6","3","5","2","1","7","-"
"10300","","再婚者数【人】","00100","","夫","2018000000","","2018年","00120","","離別","00870","","73歳","","88","30","19","12","8","5","1","3","2","-","1","2","5","-"
"10300","","再婚者数【人】","00100","","夫","2018000000","","2018年","00120","","離別","00880","","74歳","","99","27","23","16","10","4","5","3","3","3","1","-","4","-"
"10300","","再婚者数【人】","00100","","夫","2018000000","","2018年","00120","","離別","00890","","75歳","","73","28","14","10","4","1","4","4","3","1","2","-","2","-"
"10300","","再婚者数【人】","00100","","夫","2018000000","","2018年","00120","","離別","00900","","76歳","","59","24","15","8","5","2","2","1","-","1","-","1","-","-"
"10300","","再婚者数【人】","00100","","夫","2018000000","","2018年","00120","","離別","00910","","77歳","","57","22","14","10","5","1","1","2","1","1","-","-","-","-"
"10300","","再婚者数【人】","00100","","夫","2018000000","","2018年","00120","","離別","00920","","78歳","","42","22","6","7","1","1","2","2","1","-","-","-","-","-"
"10300","","再婚者数【人】","00100","","夫","2018000000","","2018年","00120","","離別","00930","","79歳","","26","11","6","3","3","1","-","1","-","-","-","-","1","-"
"10300","","再婚者数【人】","00100","","夫","2018000000","","2018年","00120","","離別","00940","","80歳以上","","132","57","41","19","4","1","5","2","1","2","-","-","-","-"
"10300","","再婚者数【人】","00100","","夫","2018000000","","2018年","00120","","離別","01380","","不詳","","19","-","-","-","-","-","-","-","-","-","-","-","-","19"
"10300","","再婚者数【人】","00100","","夫","2017000000","","2017年","00100","","総数","00100","","総数","","118,213","9,401","15,007","13,831","11,703","9,946","8,331","6,828","6,208","5,297","4,332","3,852","23,457","20"
"10300","","再婚者数【人】","00100","","夫","2017000000","","2017年","00100","","総数","00310","","18歳","","107","1","13","13","9","11","3","7","7","7","1","1","34","-"
"10300","","再婚者数【人】","00100","","夫","2017000000","","2017年","00100","","総数","00320","","19歳","","354","13","35","35","35","26","26","15","25","24","12","11","97","-"
"10300","","再婚者数【人】","00100","","夫","2017000000","","2017年","00100","","総数","00330","","20歳","","740","23","68","86","59","62","61","40","48","40","33","34","186","-"
"10300","","再婚者数【人】","00100","","夫","2017000000","","2017年","00100","","総数","00340","","21歳","","1,230","48","117","126","109","93","78","87","55","65","54","44","354","-"
"10300","","再婚者数【人】","00100","","夫","2017000000","","2017年","00100","","総数","00350","","22歳","","1,697","55","144","182","160","148","118","126","100","102","67","59","436","-"
"10300","","再婚者数【人】","00100","","夫","2017000000","","2017年","00100","","総数","00360","","23歳","","2,158","91","192","224","199","163","146","138","142","132","104","104","523","-"
"10300","","再婚者数【人】","00100","","夫","2017000000","","2017年","00100","","総数","00370","","24歳","","2,626","98","244","255","258","206","207","173","155","135","148","123","624","-"
"10300","","再婚者数【人】","00100","","夫","2017000000","","2017年","00100","","総数","00380","","25歳","","3,250","125","306","311","308","288","250","186","217","178","150","137","794","-"
"10300","","再婚者数【人】","00100","","夫","2017000000","","2017年","00100","","総数","00390","","26歳","","3,718","116","321","421","359","367","320","235","218","204","159","133","865","-"
"10300","","再婚者数【人】","00100","","夫","2017000000","","2017年","00100","","総数","00400","","27歳","","4,238","163","429","451","451","419","326","280","286","211","163","145","914","-"
"10300","","再婚者数【人】","00100","","夫","2017000000","","2017年","00100","","総数","00410","","28歳","","4,648","196","456","563","522","447","378","275","292","222","199","161","937","-"
"10300","","再婚者数【人】","00100","","夫","2017000000","","2017年","00100","","総数","00420","","29歳","","5,054","234","555","605","557","463","407","346","259","246","222","157","1,003","-"
"10300","","再婚者数【人】","00100","","夫","2017000000","","2017年","00100","","総数","00430","","30歳","","5,348","230","566","670","637","514","400","328","257","257","227","172","1,090","-"
"10300","","再婚者数【人】","00100","","夫","2017000000","","2017年","00100","","総数","00440","","31歳","","5,393","230","613","636","594","512","406","336","321","264","191","190","1,100","-"
"10300","","再婚者数【人】","00100","","夫","2017000000","","2017年","00100","","総数","00450","","32歳","","5,470","274","651","656","597","515","388","353","297","253","205","195","1,086","-"
"10300","","再婚者数【人】","00100","","夫","2017000000","","2017年","00100","","総数","00460","","33歳","","5,263","293","628","655","542","491","397","346","294","230","189","172","1,026","-"
"10300","","再婚者数【人】","00100","","夫","2017000000","","2017年","00100","","総数","00470","","34歳","","5,142","285","620","586","581","465","421","305","272","209","187","186","1,025","-"
"10300","","再婚者数【人】","00100","","夫","2017000000","","2017年","00100","","総数","00480","","35歳","","4,966","296","612","613","549","473","340","263","300","248","178","162","932","-"
"10300","","再婚者数【人】","00100","","夫","2017000000","","2017年","00100","","総数","00490","","36歳","","4,650","322","591","601","469","384","341","274","255","214","160","150","889","-"
"10300","","再婚者数【人】","00100","","夫","2017000000","","2017年","00100","","総数","00500","","37歳","","4,320","318","579","567","425","364","318","272","230","185","162","123","777","-"
"10300","","再婚者数【人】","00100","","夫","2017000000","","2017年","00100","","総数","00510","","38歳","","4,072","297","539","505","434","336","314","232","217","162","135","148","753","-"
"10300","","再婚者数【人】","00100","","夫","2017000000","","2017年","00100","","総数","00520","","39歳","","3,775","299","516","440","371","350","299","219","187","138","128","119","709","-"
"10300","","再婚者数【人】","00100","","夫","2017000000","","2017年","00100","","総数","00530","","40歳","","3,513","287","495","458","347","317","252","167","165","176","119","87","643","-"
"10300","","再婚者数【人】","00100","","夫","2017000000","","2017年","00100","","総数","00540","","41歳","","3,173","281","443","433","329","263","220","174","161","105","104","81","579","-"
"10300","","再婚者数【人】","00100","","夫","2017000000","","2017年","00100","","総数","00550","","42歳","","2,949","300","447","377","303","215","176","157","133","120","86","88","547","-"
"10300","","再婚者数【人】","00100","","夫","2017000000","","2017年","00100","","総数","00560","","43歳","","2,734","314","467","326","224","210","173","149","122","90","81","73","505","-"
"10300","","再婚者数【人】","00100","","夫","2017000000","","2017年","00100","","総数","00570","","44歳","","2,536","287","383","283","214","194","161","132","124","107","73","69","509","-"
"10300","","再婚者数【人】","00100","","夫","2017000000","","2017年","00100","","総数","00580","","45歳","","2,251","275","342","294","199","161","118","99","87","95","72","65","444","-"
"10300","","再婚者数【人】","00100","","夫","2017000000","","2017年","00100","","総数","00590","","46歳","","2,093","250","311","249","172","142","115","106","97","95","70","71","415","-"
"10300","","再婚者数【人】","00100","","夫","2017000000","","2017年","00100","","総数","00600","","47歳","","1,789","225","274","193","155","123","101","91","83","65","46","56","377","-"
"10300","","再婚者数【人】","00100","","夫","2017000000","","2017年","00100","","総数","00610","","48歳","","1,737","261","258","177","123","110","91","86","81","66","52","43","389","-"
"10300","","再婚者数【人】","00100","","夫","2017000000","","2017年","00100","","総数","00620","","49歳","","1,561","234","220","149","114","109","81","68","88","56","52","54","336","-"
"10300","","再婚者数【人】","00100","","夫","2017000000","","2017年","00100","","総数","00630","","50歳","","1,444","199","211","164","114","96","77","57","52","67","53","47","307","-"
"10300","","再婚者数【人】","00100","","夫","2017000000","","2017年","00100","","総数","00640","","51歳","","1,396","167","223","125","119","102","77","78","68","43","43","51","300","-"
"10300","","再婚者数【人】","00100","","夫","2017000000","","2017年","00100","","総数","00650","","52歳","","1,241","186","177","139","78","81","67","63","51","40","49","33","277","-"
"10300","","再婚者数【人】","00100","","夫","2017000000","","2017年","00100","","総数","00660","","53歳","","1,118","158","180","116","81","50","73","42","46","44","42","28","258","-"
"10300","","再婚者数【人】","00100","","夫","2017000000","","2017年","00100","","総数","00670","","54歳","","975","141","142","100","79","61","58","57","39","40","27","46","185","-"
"10300","","再婚者数【人】","00100","","夫","2017000000","","2017年","00100","","総数","00690","","55歳","","937","160","154","80","83","58","47","52","32","39","32","30","170","-"
"10300","","再婚者数【人】","00100","","夫","2017000000","","2017年","00100","","総数","00700","","56歳","","916","171","134","91","70","49","61","42","24","41","39","28","166","-"
"10300","","再婚者数【人】","00100","","夫","2017000000","","2017年","00100","","総数","00710","","57歳","","776","114","123","90","63","49","35","44","38","17","23","20","160","-"
"10300","","再婚者数【人】","00100","","夫","2017000000","","2017年","00100","","総数","00720","","58歳","","716","129","99","69","57","53","34","42","30","28","24","25","126","-"
"10300","","再婚者数【人】","00100","","夫","2017000000","","2017年","00100","","総数","00730","","59歳","","651","95","100","73","53","48","46","38","40","31","28","14","85","-"
"10300","","再婚者数【人】","00100","","夫","2017000000","","2017年","00100","","総数","00740","","60歳","","676","123","109","62","56","30","51","37","30","35","28","28","87","-"
"10300","","再婚者数【人】","00100","","夫","2017000000","","2017年","00100","","総数","00750","","61歳","","525","81","103","45","40","45","34","23","31","24","17","7","75","-"
"10300","","再婚者数【人】","00100","","夫","2017000000","","2017年","00100","","総数","00760","","62歳","","505","78","74","64","50","30","29","32","26","27","16","11","68","-"
"10300","","再婚者数【人】","00100","","夫","2017000000","","2017年","00100","","総数","00770","","63歳","","442","74","64","69","38","25","40","27","17","18","12","13","45","-"
"10300","","再婚者数【人】","00100","","夫","2017000000","","2017年","00100","","総数","00780","","64歳","","403","76","68","47","39","36","33","21","17","9","13","7","37","-"
"10300","","再婚者数【人】","00100","","夫","2017000000","","2017年","00100","","総数","00790","","65歳","","364","72","60","45","37","31","30","8","8","8","10","7","48","-"
"10300","","再婚者数【人】","00100","","夫","2017000000","","2017年","00100","","総数","00800","","66歳","","342","75","59","47","41","21","12","11","14","15","8","6","33","-"
"10300","","再婚者数【人】","00100","","夫","2017000000","","2017年","00100","","総数","00810","","67歳","","328","64","76","45","32","16","9","16","13","12","11","7","27","-"
"10300","","再婚者数【人】","00100","","夫","2017000000","","2017年","00100","","総数","00820","","68歳","","270","75","56","28","15","13","15","10","10","14","4","5","25","-"
"10300","","再婚者数【人】","00100","","夫","2017000000","","2017年","00100","","総数","00830","","69歳","","253","83","57","20","14","18","12","13","6","5","4","4","17","-"
"10300","","再婚者数【人】","00100","","夫","2017000000","","2017年","00100","","総数","00840","","70歳","","181","57","30","12","17","12","11","10","6","6","3","2","15","-"
"10300","","再婚者数【人】","00100","","夫","2017000000","","2017年","00100","","総数","00850","","71歳","","134","20","28","20","14","9","9","8","6","5","1","4","10","-"
"10300","","再婚者数【人】","00100","","夫","2017000000","","2017年","00100","","総数","00860","","72歳","","164","44","31","14","16","11","11","5","12","7","2","3","8","-"
"10300","","再婚者数【人】","00100","","夫","2017000000","","2017年","00100","","総数","00870","","73歳","","135","35","32","18","8","7","10","4","3","4","2","4","8","-"
"10300","","再婚者数【人】","00100","","夫","2017000000","","2017年","00100","","総数","00880","","74歳","","109","26","27","19","10","9","1","4","1","4","1","1","6","-"
"10300","","再婚者数【人】","00100","","夫","2017000000","","2017年","00100","","総数","00890","","75歳","","126","30","25","18","16","7","6","7","3","3","2","3","6","-"
"10300","","再婚者数【人】","00100","","夫","2017000000","","2017年","00100","","総数","00900","","76歳","","89","36","18","9","8","5","-","1","4","3","-","1","4","-"
"10300","","再婚者数【人】","00100","","夫","2017000000","","2017年","00100","","総数","00910","","77歳","","75","22","16","12","11","5","2","4","1","1","1","-","-","-"
"10300","","再婚者数【人】","00100","","夫","2017000000","","2017年","00100","","総数","00920","","78歳","","54","11","19","7","6","-","2","3","-","3","1","1","1","-"
"10300","","再婚者数【人】","00100","","夫","2017000000","","2017年","00100","","総数","00930","","79歳","","55","14","9","10","6","5","-","1","3","2","2","1","2","-"
"10300","","再婚者数【人】","00100","","夫","2017000000","","2017年","00100","","総数","00940","","80歳以上","","238","64","68","33","27","23","7","3","2","1","5","2","3","-"
"10300","","再婚者数【人】","00100","","夫","2017000000","","2017年","00100","","総数","01380","","不詳","","20","-","-","-","-","-","-","-","-","-","-","-","-","20"
"10300","","再婚者数【人】","00100","","夫","2017000000","","2017年","00110","","死別","00100","","総数","","3,802","72","307","380","397","359","275","299","240","181","166","132","992","2"
"10300","","再婚者数【人】","00100","","夫","2017000000","","2017年","00110","","死別","00310","","18歳","","-","-","-","-","-","-","-","-","-","-","-","-","-","-"
"10300","","再婚者数【人】","00100","","夫","2017000000","","2017年","00110","","死別","00320","","19歳","","-","-","-","-","-","-","-","-","-","-","-","-","-","-"
"10300","","再婚者数【人】","00100","","夫","2017000000","","2017年","00110","","死別","00330","","20歳","","2","-","-","-","-","-","1","-","-","-","1","-","-","-"
"10300","","再婚者数【人】","00100","","夫","2017000000","","2017年","00110","","死別","00340","","21歳","","6","-","-","-","-","-","1","-","-","-","-","-","5","-"
"10300","","再婚者数【人】","00100","","夫","2017000000","","2017年","00110","","死別","00350","","22歳","","3","-","-","-","-","-","1","-","-","-","-","-","2","-"
"10300","","再婚者数【人】","00100","","夫","2017000000","","2017年","00110","","死別","00360","","23歳","","5","-","-","-","1","-","-","-","1","-","-","2","1","-"
"10300","","再婚者数【人】","00100","","夫","2017000000","","2017年","00110","","死別","00370","","24歳","","10","-","-","-","1","-","-","3","1","-","-","1","4","-"
"10300","","再婚者数【人】","00100","","夫","2017000000","","2017年","00110","","死別","00380","","25歳","","16","-","1","2","1","1","1","2","1","-","1","1","5","-"
"10300","","再婚者数【人】","00100","","夫","2017000000","","2017年","00110","","死別","00390","","26歳","","22","-","3","1","1","1","1","2","1","2","1","2","7","-"
"10300","","再婚者数【人】","00100","","夫","2017000000","","2017年","00110","","死別","00400","","27歳","","29","-","1","-","4","3","3","1","4","1","1","1","10","-"
"10300","","再婚者数【人】","00100","","夫","2017000000","","2017年","00110","","死別","00410","","28歳","","24","-","-","-","2","2","2","-","3","2","-","-","13","-"
"10300","","再婚者数【人】","00100","","夫","2017000000","","2017年","00110","","死別","00420","","29歳","","34","-","2","1","3","3","7","4","3","3","3","-","5","-"
"10300","","再婚者数【人】","00100","","夫","2017000000","","2017年","00110","","死別","00430","","30歳","","39","1","2","4","8","4","3","2","2","-","1","2","10","-"
"10300","","再婚者数【人】","00100","","夫","2017000000","","2017年","00110","","死別","00440","","31歳","","50","-","3","1","2","3","2","2","6","3","3","5","20","-"
"10300","","再婚者数【人】","00100","","夫","2017000000","","2017年","00110","","死別","00450","","32歳","","44","-","2","1","7","7","3","5","7","2","2","-","8","-"
"10300","","再婚者数【人】","00100","","夫","2017000000","","2017年","00110","","死別","00460","","33歳","","56","-","2","3","4","8","6","6","1","5","2","1","18","-"
"10300","","再婚者数【人】","00100","","夫","2017000000","","2017年","00110","","死別","00470","","34歳","","61","3","3","3","12","8","5","2","2","3","3","3","14","-"
"10300","","再婚者数【人】","00100","","夫","2017000000","","2017年","00110","","死別","00480","","35歳","","76","-","6","5","9","12","5","5","6","4","2","2","20","-"
"10300","","再婚者数【人】","00100","","夫","2017000000","","2017年","00110","","死別","00490","","36歳","","77","-","3","8","6","8","9","7","4","3","3","3","23","-"
"10300","","再婚者数【人】","00100","","夫","2017000000","","2017年","00110","","死別","00500","","37歳","","69","-","4","6","9","7","4","9","4","3","3","1","19","-"
"10300","","再婚者数【人】","00100","","夫","2017000000","","2017年","00110","","死別","00510","","38歳","","75","-","8","8","13","5","6","6","1","2","2","2","22","-"
"10300","","再婚者数【人】","00100","","夫","2017000000","","2017年","00110","","死別","00520","","39歳","","82","1","5","6","3","4","9","9","6","2","4","3","30","-"
"10300","","再婚者数【人】","00100","","夫","2017000000","","2017年","00110","","死別","00530","","40歳","","91","1","6","9","9","9","9","2","7","7","2","3","27","-"
"10300","","再婚者数【人】","00100","","夫","2017000000","","2017年","00110","","死別","00540","","41歳","","71","-","4","4","7","10","7","6","2","2","5","2","22","-"
"10300","","再婚者数【人】","00100","","夫","2017000000","","2017年","00110","","死別","00550","","42歳","","76","-","7","6","6","6","5","10","7","3","2","1","23","-"
"10300","","再婚者数【人】","00100","","夫","2017000000","","2017年","00110","","死別","00560","","43歳","","73","-","5","5","3","8","9","6","2","2","4","2","27","-"
"10300","","再婚者数【人】","00100","","夫","2017000000","","2017年","00110","","死別","00570","","44歳","","84","1","3","11","9","8","5","6","6","2","8","3","22","-"
"10300","","再婚者数【人】","00100","","夫","2017000000","","2017年","00110","","死別","00580","","45歳","","84","2","8","5","10","7","3","5","6","4","5","3","26","-"
"10300","","再婚者数【人】","00100","","夫","2017000000","","2017年","00110","","死別","00590","","46歳","","107","1","2","10","8","8","5","8","9","11","8","4","33","-"
"10300","","再婚者数【人】","00100","","夫","2017000000","","2017年","00110","","死別","00600","","47歳","","83","2","5","5","6","9","3","5","3","1","3","3","38","-"
"10300","","再婚者数【人】","00100","","夫","2017000000","","2017年","00110","","死別","00610","","48歳","","92","2","4","4","9","4","6","8","7","4","5","3","36","-"
"10300","","再婚者数【人】","00100","","夫","2017000000","","2017年","00110","","死別","00620","","49歳","","96","1","7","6","8","9","8","6","5","6","6","3","31","-"
"10300","","再婚者数【人】","00100","","夫","2017000000","","2017年","00110","","死別","00630","","50歳","","98","-","8","8","4","8","7","6","6","3","7","7","34","-"
"10300","","再婚者数【人】","00100","","夫","2017000000","","2017年","00110","","死別","00640","","51歳","","86","-","4","9","12","6","4","8","4","4","5","1","29","-"
"10300","","再婚者数【人】","00100","","夫","2017000000","","2017年","00110","","死別","00650","","52歳","","96","1","2","15","6","11","7","9","7","4","2","3","29","-"
"10300","","再婚者数【人】","00100","","夫","2017000000","","2017年","00110","","死別","00660","","53歳","","122","-","9","15","14","7","7","4","8","6","5","4","43","-"
"10300","","再婚者数【人】","00100","","夫","2017000000","","2017年","00110","","死別","00670","","54歳","","97","2","5","14","11","4","6","11","4","6","2","4","28","-"
"10300","","再婚者数【人】","00100","","夫","2017000000","","2017年","00110","","死別","00690","","55歳","","84","-","6","5","6","8","6","10","5","6","1","4","27","-"
"10300","","再婚者数【人】","00100","","夫","2017000000","","2017年","00110","","死別","00700","","56歳","","95","-","9","6","8","10","7","10","4","3","7","6","25","-"
"10300","","再婚者数【人】","00100","","夫","2017000000","","2017年","00110","","死別","00710","","57歳","","95","2","7","13","8","10","8","7","5","2","3","3","27","-"
"10300","","再婚者数【人】","00100","","夫","2017000000","","2017年","00110","","死別","00720","","58歳","","101","-","10","10","9","8","3","12","7","4","3","6","29","-"
"10300","","再婚者数【人】","00100","","夫","2017000000","","2017年","00110","","死別","00730","","59歳","","105","3","3","13","10","12","8","8","9","10","2","3","24","-"
"10300","","再婚者数【人】","00100","","夫","2017000000","","2017年","00110","","死別","00740","","60歳","","95","-","6","8","5","8","10","4","6","4","9","8","27","-"
"10300","","再婚者数【人】","00100","","夫","2017000000","","2017年","00110","","死別","00750","","61歳","","78","1","9","3","11","5","5","6","3","4","6","3","22","-"
"10300","","再婚者数【人】","00100","","夫","2017000000","","2017年","00110","","死別","00760","","62歳","","103","2","9","16","15","8","3","9","9","8","5","2","17","-"
"10300","","再婚者数【人】","00100","","夫","2017000000","","2017年","00110","","死別","00770","","63歳","","90","1","6","12","11","8","11","11","9","6","3","3","9","-"
"10300","","再婚者数【人】","00100","","夫","2017000000","","2017年","00110","","死別","00780","","64歳","","68","1","7","11","8","8","5","4","6","1","3","1","13","-"
"10300","","再婚者数【人】","00100","","夫","2017000000","","2017年","00110","","死別","00790","","65歳","","76","3","3","12","10","10","7","1","3","5","3","3","16","-"
"10300","","再婚者数【人】","00100","","夫","2017000000","","2017年","00110","","死別","00800","","66歳","","63","-","4","10","10","6","5","8","3","3","1","1","12","-"
"10300","","再婚者数【人】","00100","","夫","2017000000","","2017年","00110","","死別","00810","","67歳","","56","-","6","10","9","4","1","6","8","3","4","1","4","-"
"10300","","再婚者数【人】","00100","","夫","2017000000","","2017年","00110","","死別","00820","","68歳","","55","4","7","5","1","6","6","6","5","3","1","-","11","-"
"10300","","再婚者数【人】","00100","","夫","2017000000","","2017年","00110","","死別","00830","","69歳","","44","2","9","2","4","3","4","4","2","2","1","1","10","-"
"10300","","再婚者数【人】","00100","","夫","2017000000","","2017年","00110","","死別","00840","","70歳","","46","2","3","3","6","6","3","5","3","4","2","1","8","-"
"10300","","再婚者数【人】","00100","","夫","2017000000","","2017年","00110","","死別","00850","","71歳","","42","2","4","7","5","6","2","4","2","2","1","2","5","-"
"10300","","再婚者数【人】","00100","","夫","2017000000","","2017年","00110","","死別","00860","","72歳","","38","2","3","6","4","5","6","3","6","1","-","1","1","-"
"10300","","再婚者数【人】","00100","","夫","2017000000","","2017年","00110","","死別","00870","","73歳","","41","4","7","5","3","3","3","3","1","2","1","2","7","-"
"10300","","再婚者数【人】","00100","","夫","2017000000","","2017年","00110","","死別","00880","","74歳","","33","3","7","4","6","5","1","2","1","2","-","-","2","-"
"10300","","再婚者数【人】","00100","","夫","2017000000","","2017年","00110","","死別","00890","","75歳","","49","2","4","11","6","4","5","4","2","2","1","2","6","-"
"10300","","再婚者数【人】","00100","","夫","2017000000","","2017年","00110","","死別","00900","","76歳","","23","3","7","2","2","4","-","-","1","-","-","1","3","-"
"10300","","再婚者数【人】","00100","","夫","2017000000","","2017年","00110","","死別","00910","","77歳","","22","1","7","4","4","3","-","1","1","-","1","-","-","-"
"10300","","再婚者数【人】","00100","","夫","2017000000","","2017年","00110","","死別","00920","","78歳","","29","1","10","2","6","-","2","3","-","3","1","1","-","-"
"10300","","再婚者数【人】","00100","","夫","2017000000","","2017年","00110","","死別","00930","","79歳","","25","1","4","7","2","4","-","-","2","1","2","1","1","-"
"10300","","再婚者数【人】","00100","","夫","2017000000","","2017年","00110","","死別","00940","","80歳以上","","108","14","26","18","20","15","4","3","1","-","4","1","2","-"
"10300","","再婚者数【人】","00100","","夫","2017000000","","2017年","00110","","死別","01380","","不詳","","2","-","-","-","-","-","-","-","-","-","-","-","-","2"
"10300","","再婚者数【人】","00100","","夫","2017000000","","2017年","00120","","離別","00100","","総数","","114,411","9,329","14,700","13,451","11,306","9,587","8,056","6,529","5,968","5,116","4,166","3,720","22,465","18"
"10300","","再婚者数【人】","00100","","夫","2017000000","","2017年","00120","","離別","00310","","18歳","","107","1","13","13","9","11","3","7","7","7","1","1","34","-"
"10300","","再婚者数【人】","00100","","夫","2017000000","","2017年","00120","","離別","00320","","19歳","","354","13","35","35","35","26","26","15","25","24","12","11","97","-"
"10300","","再婚者数【人】","00100","","夫","2017000000","","2017年","00120","","離別","00330","","20歳","","738","23","68","86","59","62","60","40","48","40","32","34","186","-"
"10300","","再婚者数【人】","00100","","夫","2017000000","","2017年","00120","","離別","00340","","21歳","","1,224","48","117","126","109","93","77","87","55","65","54","44","349","-"
"10300","","再婚者数【人】","00100","","夫","2017000000","","2017年","00120","","離別","00350","","22歳","","1,694","55","144","182","160","148","117","126","100","102","67","59","434","-"
"10300","","再婚者数【人】","00100","","夫","2017000000","","2017年","00120","","離別","00360","","23歳","","2,153","91","192","224","198","163","146","138","141","132","104","102","522","-"
"10300","","再婚者数【人】","00100","","夫","2017000000","","2017年","00120","","離別","00370","","24歳","","2,616","98","244","255","257","206","207","170","154","135","148","122","620","-"
"10300","","再婚者数【人】","00100","","夫","2017000000","","2017年","00120","","離別","00380","","25歳","","3,234","125","305","309","307","287","249","184","216","178","149","136","789","-"
"10300","","再婚者数【人】","00100","","夫","2017000000","","2017年","00120","","離別","00390","","26歳","","3,696","116","318","420","358","366","319","233","217","202","158","131","858","-"
"10300","","再婚者数【人】","00100","","夫","2017000000","","2017年","00120","","離別","00400","","27歳","","4,209","163","428","451","447","416","323","279","282","210","162","144","904","-"
"10300","","再婚者数【人】","00100","","夫","2017000000","","2017年","00120","","離別","00410","","28歳","","4,624","196","456","563","520","445","376","275","289","220","199","161","924","-"
"10300","","再婚者数【人】","00100","","夫","2017000000","","2017年","00120","","離別","00420","","29歳","","5,020","234","553","604","554","460","400","342","256","243","219","157","998","-"
"10300","","再婚者数【人】","00100","","夫","2017000000","","2017年","00120","","離別","00430","","30歳","","5,309","229","564","666","629","510","397","326","255","257","226","170","1,080","-"
"10300","","再婚者数【人】","00100","","夫","2017000000","","2017年","00120","","離別","00440","","31歳","","5,343","230","610","635","592","509","404","334","315","261","188","185","1,080","-"
"10300","","再婚者数【人】","00100","","夫","2017000000","","2017年","00120","","離別","00450","","32歳","","5,426","274","649","655","590","508","385","348","290","251","203","195","1,078","-"
"10300","","再婚者数【人】","00100","","夫","2017000000","","2017年","00120","","離別","00460","","33歳","","5,207","293","626","652","538","483","391","340","293","225","187","171","1,008","-"
"10300","","再婚者数【人】","00100","","夫","2017000000","","2017年","00120","","離別","00470","","34歳","","5,081","282","617","583","569","457","416","303","270","206","184","183","1,011","-"
"10300","","再婚者数【人】","00100","","夫","2017000000","","2017年","00120","","離別","00480","","35歳","","4,890","296","606","608","540","461","335","258","294","244","176","160","912","-"
"10300","","再婚者数【人】","00100","","夫","2017000000","","2017年","00120","","離別","00490","","36歳","","4,573","322","588","593","463","376","332","267","251","211","157","147","866","-"
"10300","","再婚者数【人】","00100","","夫","2017000000","","2017年","00120","","離別","00500","","37歳","","4,251","318","575","561","416","357","314","263","226","182","159","122","758","-"
"10300","","再婚者数【人】","00100","","夫","2017000000","","2017年","00120","","離別","00510","","38歳","","3,997","297","531","497","421","331","308","226","216","160","133","146","731","-"
"10300","","再婚者数【人】","00100","","夫","2017000000","","2017年","00120","","離別","00520","","39歳","","3,693","298","511","434","368","346","290","210","181","136","124","116","679","-"
"10300","","再婚者数【人】","00100","","夫","2017000000","","2017年","00120","","離別","00530","","40歳","","3,422","286","489","449","338","308","243","165","158","169","117","84","616","-"
"10300","","再婚者数【人】","00100","","夫","2017000000","","2017年","00120","","離別","00540","","41歳","","3,102","281","439","429","322","253","213","168","159","103","99","79","557","-"
"10300","","再婚者数【人】","00100","","夫","2017000000","","2017年","00120","","離別","00550","","42歳","","2,873","300","440","371","297","209","171","147","126","117","84","87","524","-"
"10300","","再婚者数【人】","00100","","夫","2017000000","","2017年","00120","","離別","00560","","43歳","","2,661","314","462","321","221","202","164","143","120","88","77","71","478","-"
"10300","","再婚者数【人】","00100","","夫","2017000000","","2017年","00120","","離別","00570","","44歳","","2,452","286","380","272","205","186","156","126","118","105","65","66","487","-"
"10300","","再婚者数【人】","00100","","夫","2017000000","","2017年","00120","","離別","00580","","45歳","","2,167","273","334","289","189","154","115","94","81","91","67","62","418","-"
"10300","","再婚者数【人】","00100","","夫","2017000000","","2017年","00120","","離別","00590","","46歳","","1,986","249","309","239","164","134","110","98","88","84","62","67","382","-"
"10300","","再婚者数【人】","00100","","夫","2017000000","","2017年","00120","","離別","00600","","47歳","","1,706","223","269","188","149","114","98","86","80","64","43","53","339","-"
"10300","","再婚者数【人】","00100","","夫","2017000000","","2017年","00120","","離別","00610","","48歳","","1,645","259","254","173","114","106","85","78","74","62","47","40","353","-"
"10300","","再婚者数【人】","00100","","夫","2017000000","","2017年","00120","","離別","00620","","49歳","","1,465","233","213","143","106","100","73","62","83","50","46","51","305","-"
"10300","","再婚者数【人】","00100","","夫","2017000000","","2017年","00120","","離別","00630","","50歳","","1,346","199","203","156","110","88","70","51","46","64","46","40","273","-"
"10300","","再婚者数【人】","00100","","夫","2017000000","","2017年","00120","","離別","00640","","51歳","","1,310","167","219","116","107","96","73","70","64","39","38","50","271","-"
"10300","","再婚者数【人】","00100","","夫","2017000000","","2017年","00120","","離別","00650","","52歳","","1,145","185","175","124","72","70","60","54","44","36","47","30","248","-"
"10300","","再婚者数【人】","00100","","夫","2017000000","","2017年","00120","","離別","00660","","53歳","","996","158","171","101","67","43","66","38","38","38","37","24","215","-"
"10300","","再婚者数【人】","00100","","夫","2017000000","","2017年","00120","","離別","00670","","54歳","","878","139","137","86","68","57","52","46","35","34","25","42","157","-"
"10300","","再婚者数【人】","00100","","夫","2017000000","","2017年","00120","","離別","00690","","55歳","","853","160","148","75","77","50","41","42","27","33","31","26","143","-"
"10300","","再婚者数【人】","00100","","夫","2017000000","","2017年","00120","","離別","00700","","56歳","","821","171","125","85","62","39","54","32","20","38","32","22","141","-"
"10300","","再婚者数【人】","00100","","夫","2017000000","","2017年","00120","","離別","00710","","57歳","","681","112","116","77","55","39","27","37","33","15","20","17","133","-"
"10300","","再婚者数【人】","00100","","夫","2017000000","","2017年","00120","","離別","00720","","58歳","","615","129","89","59","48","45","31","30","23","24","21","19","97","-"
"10300","","再婚者数【人】","00100","","夫","2017000000","","2017年","00120","","離別","00730","","59歳","","546","92","97","60","43","36","38","30","31","21","26","11","61","-"
"10300","","再婚者数【人】","00100","","夫","2017000000","","2017年","00120","","離別","00740","","60歳","","581","123","103","54","51","22","41","33","24","31","19","20","60","-"
"10300","","再婚者数【人】","00100","","夫","2017000000","","2017年","00120","","離別","00750","","61歳","","447","80","94","42","29","40","29","17","28","20","11","4","53","-"
"10300","","再婚者数【人】","00100","","夫","2017000000","","2017年","00120","","離別","00760","","62歳","","402","76","65","48","35","22","26","23","17","19","11","9","51","-"
"10300","","再婚者数【人】","00100","","夫","2017000000","","2017年","00120","","離別","00770","","63歳","","352","73","58","57","27","17","29","16","8","12","9","10","36","-"
"10300","","再婚者数【人】","00100","","夫","2017000000","","2017年","00120","","離別","00780","","64歳","","335","75","61","36","31","28","28","17","11","8","10","6","24","-"
"10300","","再婚者数【人】","00100","","夫","2017000000","","2017年","00120","","離別","00790","","65歳","","288","69","57","33","27","21","23","7","5","3","7","4","32","-"
"10300","","再婚者数【人】","00100","","夫","2017000000","","2017年","00120","","離別","00800","","66歳","","279","75","55","37","31","15","7","3","11","12","7","5","21","-"
"10300","","再婚者数【人】","00100","","夫","2017000000","","2017年","00120","","離別","00810","","67歳","","272","64","70","35","23","12","8","10","5","9","7","6","23","-"
"10300","","再婚者数【人】","00100","","夫","2017000000","","2017年","00120","","離別","00820","","68歳","","215","71","49","23","14","7","9","4","5","11","3","5","14","-"
"10300","","再婚者数【人】","00100","","夫","2017000000","","2017年","00120","","離別","00830","","69歳","","209","81","48","18","10","15","8","9","4","3","3","3","7","-"
"10300","","再婚者数【人】","00100","","夫","2017000000","","2017年","00120","","離別","00840","","70歳","","135","55","27","9","11","6","8","5","3","2","1","1","7","-"
"10300","","再婚者数【人】","00100","","夫","2017000000","","2017年","00120","","離別","00850","","71歳","","92","18","24","13","9","3","7","4","4","3","-","2","5","-"
"10300","","再婚者数【人】","00100","","夫","2017000000","","2017年","00120","","離別","00860","","72歳","","126","42","28","8","12","6","5","2","6","6","2","2","7","-"
"10300","","再婚者数【人】","00100","","夫","2017000000","","2017年","00120","","離別","00870","","73歳","","94","31","25","13","5","4","7","1","2","2","1","2","1","-"
"10300","","再婚者数【人】","00100","","夫","2017000000","","2017年","00120","","離別","00880","","74歳","","76","23","20","15","4","4","-","2","-","2","1","1","4","-"
"10300","","再婚者数【人】","00100","","夫","2017000000","","2017年","00120","","離別","00890","","75歳","","77","28","21","7","10","3","1","3","1","1","1","1","-","-"
"10300","","再婚者数【人】","00100","","夫","2017000000","","2017年","00120","","離別","00900","","76歳","","66","33","11","7","6","1","-","1","3","3","-","-","1","-"
"10300","","再婚者数【人】","00100","","夫","2017000000","","2017年","00120","","離別","00910","","77歳","","53","21","9","8","7","2","2","3","-","1","-","-","-","-"
"10300","","再婚者数【人】","00100","","夫","2017000000","","2017年","00120","","離別","00920","","78歳","","25","10","9","5","-","-","-","-","-","-","-","-","1","-"
"10300","","再婚者数【人】","00100","","夫","2017000000","","2017年","00120","","離別","00930","","79歳","","30","13","5","3","4","1","-","1","1","1","-","-","1","-"
"10300","","再婚者数【人】","00100","","夫","2017000000","","2017年","00120","","離別","00940","","80歳以上","","130","50","42","15","7","8","3","-","1","1","1","1","1","-"
"10300","","再婚者数【人】","00100","","夫","2017000000","","2017年","00120","","離別","01380","","不詳","","18","-","-","-","-","-","-","-","-","-","-","-","-","18"
"10300","","再婚者数【人】","00100","","夫","2016000000","","2016年","00100","","総数","00100","","総数","","121,330","9,867","15,679","13,980","11,986","10,209","8,605","7,528","6,358","5,175","4,524","3,835","23,565","19"
"10300","","再婚者数【人】","00100","","夫","2016000000","","2016年","00100","","総数","00310","","18歳","","88","2","7","10","14","7","5","3","3","6","7","1","23","-"
"10300","","再婚者数【人】","00100","","夫","2016000000","","2016年","00100","","総数","00320","","19歳","","384","13","45","38","47","35","17","20","20","23","16","10","100","-"
"10300","","再婚者数【人】","00100","","夫","2016000000","","2016年","00100","","総数","00330","","20歳","","780","43","64","63","71","70","49","50","54","47","23","37","209","-"
"10300","","再婚者数【人】","00100","","夫","2016000000","","2016年","00100","","総数","00340","","21歳","","1,293","45","150","126","112","100","98","79","68","61","63","51","340","-"
"10300","","再婚者数【人】","00100","","夫","2016000000","","2016年","00100","","総数","00350","","22歳","","1,777","68","171","164","162","139","145","129","96","94","90","65","454","-"
"10300","","再婚者数【人】","00100","","夫","2016000000","","2016年","00100","","総数","00360","","23歳","","2,262","80","229","211","215","183","163","154","141","116","106","98","566","-"
"10300","","再婚者数【人】","00100","","夫","2016000000","","2016年","00100","","総数","00370","","24歳","","2,737","92","220","282","260","218","208","182","175","156","138","126","680","-"
"10300","","再婚者数【人】","00100","","夫","2016000000","","2016年","00100","","総数","00380","","25歳","","3,240","122","300","327","310","288","257","240","218","166","139","112","761","-"
"10300","","再婚者数【人】","00100","","夫","2016000000","","2016年","00100","","総数","00390","","26歳","","3,817","150","369","391","401","343","305","271","217","208","198","134","830","-"
"10300","","再婚者数【人】","00100","","夫","2016000000","","2016年","00100","","総数","00400","","27歳","","4,342","181","406","471","458","375","367","269","282","210","194","178","951","-"
"10300","","再婚者数【人】","00100","","夫","2016000000","","2016年","00100","","総数","00410","","28歳","","4,848","208","473","523","537","456","402","329","300","238","194","179","1,009","-"
"10300","","再婚者数【人】","00100","","夫","2016000000","","2016年","00100","","総数","00420","","29歳","","5,224","222","581","591","551","472","437","354","303","262","224","152","1,075","-"
"10300","","再婚者数【人】","00100","","夫","2016000000","","2016年","00100","","総数","00430","","30歳","","5,596","262","631","633","583","509","395","407","316","235","234","207","1,184","-"
"10300","","再婚者数【人】","00100","","夫","2016000000","","2016年","00100","","総数","00440","","31歳","","5,606","254","602","676","621","530","476","390","340","264","217","183","1,053","-"
"10300","","再婚者数【人】","00100","","夫","2016000000","","2016年","00100","","総数","00450","","32歳","","5,692","307","667","726","605","545","423","366","283","263","234","233","1,040","-"
"10300","","再婚者数【人】","00100","","夫","2016000000","","2016年","00100","","総数","00460","","33歳","","5,432","320","619","623","601","531","422","354","292","245","222","191","1,012","-"
"10300","","再婚者数【人】","00100","","夫","2016000000","","2016年","00100","","総数","00470","","34歳","","5,297","286","659","632","550","480","421","352","294","252","195","165","1,011","-"
"10300","","再婚者数【人】","00100","","夫","2016000000","","2016年","00100","","総数","00480","","35歳","","5,081","338","663","635","556","472","374","342","264","207","188","154","888","-"
"10300","","再婚者数【人】","00100","","夫","2016000000","","2016年","00100","","総数","00490","","36歳","","4,905","326","650","627","502","391","370","314","268","211","185","150","911","-"
"10300","","再婚者数【人】","00100","","夫","2016000000","","2016年","00100","","総数","00500","","37歳","","4,450","331","641","544","487","372","297","278","216","189","148","136","811","-"
"10300","","再婚者数【人】","00100","","夫","2016000000","","2016年","00100","","総数","00510","","38歳","","4,183","339","577","497","411","411","326","257","198","182","146","133","706","-"
"10300","","再婚者数【人】","00100","","夫","2016000000","","2016年","00100","","総数","00520","","39歳","","3,900","306","581","543","406","333","261","256","174","134","124","99","683","-"
"10300","","再婚者数【人】","00100","","夫","2016000000","","2016年","00100","","総数","00530","","40歳","","3,703","305","556","495","376","307","242","248","170","148","113","83","660","-"
"10300","","再婚者数【人】","00100","","夫","2016000000","","2016年","00100","","総数","00540","","41歳","","3,221","299","497","409","309","259","206","174","151","136","91","95","595","-"
"10300","","再婚者数【人】","00100","","夫","2016000000","","2016年","00100","","総数","00550","","42歳","","2,972","327","475","375","255","233","179","186","155","90","84","68","545","-"
"10300","","再婚者数【人】","00100","","夫","2016000000","","2016年","00100","","総数","00560","","43歳","","2,774","330","397","322","248","225","162","147","130","92","89","84","548","-"
"10300","","再婚者数【人】","00100","","夫","2016000000","","2016年","00100","","総数","00570","","44歳","","2,513","293","391","297","225","185","153","113","128","80","85","67","496","-"
"10300","","再婚者数【人】","00100","","夫","2016000000","","2016年","00100","","総数","00580","","45歳","","2,237","267","340","244","212","153","123","118","106","91","75","53","455","-"
"10300","","再婚者数【人】","00100","","夫","2016000000","","2016年","00100","","総数","00590","","46歳","","2,050","234","321","226","169","146","128","128","106","70","68","49","405","-"
"10300","","再婚者数【人】","00100","","夫","2016000000","","2016年","00100","","総数","00600","","47歳","","1,848","243","294","198","131","145","98","104","87","64","54","47","383","-"
"10300","","再婚者数【人】","00100","","夫","2016000000","","2016年","00100","","総数","00610","","48歳","","1,771","233","270","199","163","99","102","79","70","62","55","45","394","-"
"10300","","再婚者数【人】","00100","","夫","2016000000","","2016年","00100","","総数","00620","","49歳","","1,600","197","249","198","115","112","87","68","63","71","52","35","353","-"
"10300","","再婚者数【人】","00100","","夫","2016000000","","2016年","00100","","総数","00630","","50歳","","1,534","211","235","161","140","95","82","75","66","41","51","48","329","-"
"10300","","再婚者数【人】","00100","","夫","2016000000","","2016年","00100","","総数","00640","","51歳","","1,365","209","200","153","104","93","67","85","40","54","40","17","303","-"
"10300","","再婚者数【人】","00100","","夫","2016000000","","2016年","00100","","総数","00650","","52歳","","1,219","193","182","126","100","86","72","63","47","38","35","41","236","-"
"10300","","再婚者数【人】","00100","","夫","2016000000","","2016年","00100","","総数","00660","","53歳","","1,134","176","174","120","78","75","67","59","43","51","39","25","227","-"
"10300","","再婚者数【人】","00100","","夫","2016000000","","2016年","00100","","総数","00670","","54歳","","1,008","166","145","104","83","72","55","45","43","23","31","31","210","-"
"10300","","再婚者数【人】","00100","","夫","2016000000","","2016年","00100","","総数","00690","","55歳","","989","154","162","93","82","74","57","48","49","27","31","41","171","-"
"10300","","再婚者数【人】","00100","","夫","2016000000","","2016年","00100","","総数","00700","","56歳","","829","146","128","85","59","63","39","39","48","33","35","25","129","-"
"10300","","再婚者数【人】","00100","","夫","2016000000","","2016年","00100","","総数","00710","","57歳","","807","123","113","71","67","54","59","38","46","35","29","25","147","-"
"10300","","再婚者数【人】","00100","","夫","2016000000","","2016年","00100","","総数","00720","","58歳","","708","112","95","65","65","60","45","43","41","30","25","24","103","-"
"10300","","再婚者数【人】","00100","","夫","2016000000","","2016年","00100","","総数","00730","","59歳","","625","110","88","57","45","49","41","41","31","26","17","11","109","-"
"10300","","再婚者数【人】","00100","","夫","2016000000","","2016年","00100","","総数","00740","","60歳","","691","135","109","63","40","64","53","33","42","28","24","15","85","-"
"10300","","再婚者数【人】","00100","","夫","2016000000","","2016年","00100","","総数","00750","","61歳","","572","107","82","65","58","53","35","32","27","16","11","13","73","-"
"10300","","再婚者数【人】","00100","","夫","2016000000","","2016年","00100","","総数","00760","","62歳","","454","81","85","56","37","33","31","27","25","4","10","12","53","-"
"10300","","再婚者数【人】","00100","","夫","2016000000","","2016年","00100","","総数","00770","","63歳","","470","88","86","61","50","34","39","14","12","10","11","8","57","-"
"10300","","再婚者数【人】","00100","","夫","2016000000","","2016年","00100","","総数","00780","","64歳","","399","83","78","43","47","27","23","17","14","8","7","10","42","-"
"10300","","再婚者数【人】","00100","","夫","2016000000","","2016年","00100","","総数","00790","","65歳","","402","102","62","56","48","29","13","13","14","11","12","10","32","-"
"10300","","再婚者数【人】","00100","","夫","2016000000","","2016年","00100","","総数","00800","","66歳","","378","82","93","59","37","14","13","17","8","13","11","8","23","-"
"10300","","再婚者数【人】","00100","","夫","2016000000","","2016年","00100","","総数","00810","","67歳","","308","84","67","37","24","12","11","14","11","9","8","9","22","-"
"10300","","再婚者数【人】","00100","","夫","2016000000","","2016年","00100","","総数","00820","","68歳","","296","103","70","25","10","17","8","10","11","10","4","8","20","-"
"10300","","再婚者数【人】","00100","","夫","2016000000","","2016年","00100","","総数","00830","","69歳","","201","49","36","22","22","16","14","9","9","3","3","5","13","-"
"10300","","再婚者数【人】","00100","","夫","2016000000","","2016年","00100","","総数","00840","","70歳","","168","31","32","22","19","12","12","2","6","10","8","6","8","-"
"10300","","再婚者数【人】","00100","","夫","2016000000","","2016年","00100","","総数","00850","","71歳","","168","39","28","22","20","8","17","7","5","4","6","6","6","-"
"10300","","再婚者数【人】","00100","","夫","2016000000","","2016年","00100","","総数","00860","","72歳","","160","34","34","30","20","7","5","7","6","2","2","6","7","-"
"10300","","再婚者数【人】","00100","","夫","2016000000","","2016年","00100","","総数","00870","","73歳","","137","37","32","11","11","2","14","4","7","5","3","1","10","-"
"10300","","再婚者数【人】","00100","","夫","2016000000","","2016年","00100","","総数","00880","","74歳","","113","31","28","12","9","4","6","4","1","-","5","5","8","-"
"10300","","再婚者数【人】","00100","","夫","2016000000","","2016年","00100","","総数","00890","","75歳","","82","22","16","4","7","5","5","5","6","3","5","1","3","-"
"10300","","再婚者数【人】","00100","","夫","2016000000","","2016年","00100","","総数","00900","","76歳","","74","22","15","10","9","3","2","1","1","2","4","1","4","-"
"10300","","再婚者数【人】","00100","","夫","2016000000","","2016年","00100","","総数","00910","","77歳","","60","9","19","8","7","6","5","2","2","-","1","-","1","-"
"10300","","再婚者数【人】","00100","","夫","2016000000","","2016年","00100","","総数","00920","","78歳","","62","18","18","9","-","2","5","5","2","2","1","-","-","-"
"10300","","再婚者数【人】","00100","","夫","2016000000","","2016年","00100","","総数","00930","","79歳","","52","15","9","11","5","3","4","1","-","-","1","1","2","-"
"10300","","再婚者数【人】","00100","","夫","2016000000","","2016年","00100","","総数","00940","","80歳以上","","222","72","63","23","20","13","8","7","7","4","3","2","-","-"
"10300","","再婚者数【人】","00100","","夫","2016000000","","2016年","00100","","総数","01380","","不詳","","20","-","-","-","-","-","-","-","-","-","-","-","1","19"
"10300","","再婚者数【人】","00100","","夫","2016000000","","2016年","00110","","死別","00100","","総数","","3,914","77","306","426","446","351","347","272","229","172","176","140","969","3"
"10300","","再婚者数【人】","00100","","夫","2016000000","","2016年","00110","","死別","00310","","18歳","","-","-","-","-","-","-","-","-","-","-","-","-","-","-"
"10300","","再婚者数【人】","00100","","夫","2016000000","","2016年","00110","","死別","00320","","19歳","","3","-","-","1","-","-","-","1","-","1","-","-","-","-"
"10300","","再婚者数【人】","00100","","夫","2016000000","","2016年","00110","","死別","00330","","20歳","","-","-","-","-","-","-","-","-","-","-","-","-","-","-"
"10300","","再婚者数【人】","00100","","夫","2016000000","","2016年","00110","","死別","00340","","21歳","","4","-","-","1","-","-","-","-","1","-","-","-","2","-"
"10300","","再婚者数【人】","00100","","夫","2016000000","","2016年","00110","","死別","00350","","22歳","","6","-","-","-","-","-","1","1","-","1","-","-","3","-"
"10300","","再婚者数【人】","00100","","夫","2016000000","","2016年","00110","","死別","00360","","23歳","","5","1","-","-","-","-","1","-","1","-","-","1","1","-"
"10300","","再婚者数【人】","00100","","夫","2016000000","","2016年","00110","","死別","00370","","24歳","","5","-","-","2","-","-","-","-","-","-","-","1","2","-"
"10300","","再婚者数【人】","00100","","夫","2016000000","","2016年","00110","","死別","00380","","25歳","","18","-","-","2","2","2","-","-","2","2","2","-","6","-"
"10300","","再婚者数【人】","00100","","夫","2016000000","","2016年","00110","","死別","00390","","26歳","","22","1","-","1","2","2","3","1","-","-","4","2","6","-"
"10300","","再婚者数【人】","00100","","夫","2016000000","","2016年","00110","","死別","00400","","27歳","","27","1","1","-","4","2","3","-","1","2","2","1","10","-"
"10300","","再婚者数【人】","00100","","夫","2016000000","","2016年","00110","","死別","00410","","28歳","","39","2","1","4","8","2","4","4","1","-","1","2","10","-"
"10300","","再婚者数【人】","00100","","夫","2016000000","","2016年","00110","","死別","00420","","29歳","","32","-","2","2","3","6","2","6","2","1","-","1","7","-"
"10300","","再婚者数【人】","00100","","夫","2016000000","","2016年","00110","","死別","00430","","30歳","","60","1","4","4","8","1","5","8","2","2","4","5","16","-"
"10300","","再婚者数【人】","00100","","夫","2016000000","","2016年","00110","","死別","00440","","31歳","","51","1","5","2","5","2","11","4","4","1","2","1","13","-"
"10300","","再婚者数【人】","00100","","夫","2016000000","","2016年","00110","","死別","00450","","32歳","","51","1","2","10","7","6","2","3","1","1","3","4","11","-"
"10300","","再婚者数【人】","00100","","夫","2016000000","","2016年","00110","","死別","00460","","33歳","","61","-","3","3","12","10","3","5","2","-","2","5","16","-"
"10300","","再婚者数【人】","00100","","夫","2016000000","","2016年","00110","","死別","00470","","34歳","","80","1","4","8","8","7","6","7","4","3","5","6","21","-"
"10300","","再婚者数【人】","00100","","夫","2016000000","","2016年","00110","","死別","00480","","35歳","","68","-","3","2","7","6","7","9","4","4","4","2","20","-"
"10300","","再婚者数【人】","00100","","夫","2016000000","","2016年","00110","","死別","00490","","36歳","","80","-","6","12","9","6","8","3","4","3","4","-","25","-"
"10300","","再婚者数【人】","00100","","夫","2016000000","","2016年","00110","","死別","00500","","37歳","","82","1","4","8","13","2","4","7","4","5","2","3","29","-"
"10300","","再婚者数【人】","00100","","夫","2016000000","","2016年","00110","","死別","00510","","38歳","","73","-","2","8","11","11","7","3","1","4","-","1","25","-"
"10300","","再婚者数【人】","00100","","夫","2016000000","","2016年","00110","","死別","00520","","39歳","","70","1","2","10","5","6","4","6","4","5","2","6","19","-"
"10300","","再婚者数【人】","00100","","夫","2016000000","","2016年","00110","","死別","00530","","40歳","","84","1","7","7","12","3","10","1","5","4","2","2","30","-"
"10300","","再婚者数【人】","00100","","夫","2016000000","","2016年","00110","","死別","00540","","41歳","","93","-","4","10","8","9","7","4","2","5","5","5","34","-"
"10300","","再婚者数【人】","00100","","夫","2016000000","","2016年","00110","","死別","00550","","42歳","","71","1","4","5","5","4","11","2","7","2","4","-","26","-"
"10300","","再婚者数【人】","00100","","夫","2016000000","","2016年","00110","","死別","00560","","43歳","","102","1","7","12","6","11","4","7","7","6","4","2","35","-"
"10300","","再婚者数【人】","00100","","夫","2016000000","","2016年","00110","","死別","00570","","44歳","","103","1","5","11","10","6","11","4","9","1","3","6","36","-"
"10300","","再婚者数【人】","00100","","夫","2016000000","","2016年","00110","","死別","00580","","45歳","","94","2","7","10","6","11","9","8","2","2","5","3","29","-"
"10300","","再婚者数【人】","00100","","夫","2016000000","","2016年","00110","","死別","00590","","46歳","","89","-","3","7","11","8","8","5","4","3","4","2","34","-"
"10300","","再婚者数【人】","00100","","夫","2016000000","","2016年","00110","","死別","00600","","47歳","","80","-","3","5","6","7","5","10","7","4","4","1","28","-"
"10300","","再婚者数【人】","00100","","夫","2016000000","","2016年","00110","","死別","00610","","48歳","","87","2","1","7","11","7","7","6","10","3","4","4","25","-"
"10300","","再婚者数【人】","00100","","夫","2016000000","","2016年","00110","","死別","00620","","49歳","","103","-","9","11","9","8","6","5","4","9","5","2","35","-"
"10300","","再婚者数【人】","00100","","夫","2016000000","","2016年","00110","","死別","00630","","50歳","","107","2","3","10","15","7","9","6","7","4","5","5","34","-"
"10300","","再婚者数【人】","00100","","夫","2016000000","","2016年","00110","","死別","00640","","51歳","","101","-","6","9","8","8","8","11","8","2","4","1","36","-"
"10300","","再婚者数【人】","00100","","夫","2016000000","","2016年","00110","","死別","00650","","52歳","","98","2","3","6","10","13","3","9","6","3","6","5","32","-"
"10300","","再婚者数【人】","00100","","夫","2016000000","","2016年","00110","","死別","00660","","53歳","","119","1","8","12","7","9","14","11","5","11","9","3","29","-"
"10300","","再婚者数【人】","00100","","夫","2016000000","","2016年","00110","","死別","00670","","54歳","","101","-","4","6","14","13","9","8","8","3","5","4","27","-"
"10300","","再婚者数【人】","00100","","夫","2016000000","","2016年","00110","","死別","00690","","55歳","","110","-","8","8","7","12","13","8","11","4","5","4","30","-"
"10300","","再婚者数【人】","00100","","夫","2016000000","","2016年","00110","","死別","00700","","56歳","","75","1","2","7","8","8","4","9","7","9","2","4","14","-"
"10300","","再婚者数【人】","00100","","夫","2016000000","","2016年","00110","","死別","00710","","57歳","","102","-","6","9","11","10","15","7","7","6","8","2","21","-"
"10300","","再婚者数【人】","00100","","夫","2016000000","","2016年","00110","","死別","00720","","58歳","","96","1","1","8","11","9","10","8","8","4","6","4","26","-"
"10300","","再婚者数【人】","00100","","夫","2016000000","","2016年","00110","","死別","00730","","59歳","","90","-","6","8","8","7","11","8","7","4","4","5","22","-"
"10300","","再婚者数【人】","00100","","夫","2016000000","","2016年","00110","","死別","00740","","60歳","","87","2","4","6","13","7","13","7","7","5","6","1","16","-"
"10300","","再婚者数【人】","00100","","夫","2016000000","","2016年","00110","","死別","00750","","61歳","","99","2","7","11","16","17","8","7","2","2","3","2","22","-"
"10300","","再婚者数【人】","00100","","夫","2016000000","","2016年","00110","","死別","00760","","62歳","","85","-","2","12","12","11","7","7","11","2","3","2","16","-"
"10300","","再婚者数【人】","00100","","夫","2016000000","","2016年","00110","","死別","00770","","63歳","","94","1","18","13","12","8","11","3","4","1","1","4","18","-"
"10300","","再婚者数【人】","00100","","夫","2016000000","","2016年","00110","","死別","00780","","64歳","","77","1","6","7","15","7","11","4","3","3","2","4","14","-"
"10300","","再婚者数【人】","00100","","夫","2016000000","","2016年","00110","","死別","00790","","65歳","","67","1","4","13","10","9","-","3","5","5","3","2","12","-"
"10300","","再婚者数【人】","00100","","夫","2016000000","","2016年","00110","","死別","00800","","66歳","","68","3","12","19","11","3","2","4","1","4","3","2","4","-"
"10300","","再婚者数【人】","00100","","夫","2016000000","","2016年","00110","","死別","00810","","67歳","","65","7","13","10","8","5","2","6","2","4","2","1","5","-"
"10300","","再婚者数【人】","00100","","夫","2016000000","","2016年","00110","","死別","00820","","68歳","","54","4","9","7","2","9","2","3","4","5","1","2","6","-"
"10300","","再婚者数【人】","00100","","夫","2016000000","","2016年","00110","","死別","00830","","69歳","","48","-","5","8","6","6","5","4","4","1","-","2","7","-"
"10300","","再婚者数【人】","00100","","夫","2016000000","","2016年","00110","","死別","00840","","70歳","","46","-","5","8","6","4","4","1","2","5","4","4","3","-"
"10300","","再婚者数【人】","00100","","夫","2016000000","","2016年","00110","","死別","00850","","71歳","","47","2","10","6","7","5","7","1","-","1","3","2","3","-"
"10300","","再婚者数【人】","00100","","夫","2016000000","","2016年","00110","","死別","00860","","72歳","","57","-","10","18","9","4","3","5","1","-","2","3","2","-"
"10300","","再婚者数【人】","00100","","夫","2016000000","","2016年","00110","","死別","00870","","73歳","","36","2","6","4","5","-","7","-","3","2","1","-","6","-"
"10300","","再婚者数【人】","00100","","夫","2016000000","","2016年","00110","","死別","00880","","74歳","","28","4","7","3","2","2","3","2","-","-","1","2","2","-"
"10300","","再婚者数【人】","00100","","夫","2016000000","","2016年","00110","","死別","00890","","75歳","","22","2","4","-","-","1","2","1","4","3","3","-","2","-"
"10300","","再婚者数【人】","00100","","夫","2016000000","","2016年","00110","","死別","00900","","76歳","","28","2","4","4","6","-","-","-","1","2","4","1","4","-"
"10300","","再婚者数【人】","00100","","夫","2016000000","","2016年","00110","","死別","00910","","77歳","","19","1","5","3","4","1","2","1","1","-","-","-","1","-"
"10300","","再婚者数【人】","00100","","夫","2016000000","","2016年","00110","","死別","00920","","78歳","","22","-","6","7","-","1","3","3","1","1","-","-","-","-"
"10300","","再婚者数【人】","00100","","夫","2016000000","","2016年","00110","","死別","00930","","79歳","","18","3","3","4","3","1","3","-","-","-","-","-","1","-"
"10300","","再婚者数【人】","00100","","夫","2016000000","","2016年","00110","","死別","00940","","80歳以上","","102","14","30","15","12","9","7","5","4","2","3","1","-","-"
"10300","","再婚者数【人】","00100","","夫","2016000000","","2016年","00110","","死別","01380","","不詳","","3","-","-","-","-","-","-","-","-","-","-","-","-","3"
"10300","","再婚者数【人】","00100","","夫","2016000000","","2016年","00120","","離別","00100","","総数","","117,416","9,790","15,373","13,554","11,540","9,858","8,258","7,256","6,129","5,003","4,348","3,695","22,596","16"
"10300","","再婚者数【人】","00100","","夫","2016000000","","2016年","00120","","離別","00310","","18歳","","88","2","7","10","14","7","5","3","3","6","7","1","23","-"
"10300","","再婚者数【人】","00100","","夫","2016000000","","2016年","00120","","離別","00320","","19歳","","381","13","45","37","47","35","17","19","20","22","16","10","100","-"
"10300","","再婚者数【人】","00100","","夫","2016000000","","2016年","00120","","離別","00330","","20歳","","780","43","64","63","71","70","49","50","54","47","23","37","209","-"
"10300","","再婚者数【人】","00100","","夫","2016000000","","2016年","00120","","離別","00340","","21歳","","1,289","45","150","125","112","100","98","79","67","61","63","51","338","-"
"10300","","再婚者数【人】","00100","","夫","2016000000","","2016年","00120","","離別","00350","","22歳","","1,771","68","171","164","162","139","144","128","96","93","90","65","451","-"
"10300","","再婚者数【人】","00100","","夫","2016000000","","2016年","00120","","離別","00360","","23歳","","2,257","79","229","211","215","183","162","154","140","116","106","97","565","-"
"10300","","再婚者数【人】","00100","","夫","2016000000","","2016年","00120","","離別","00370","","24歳","","2,732","92","220","280","260","218","208","182","175","156","138","125","678","-"
"10300","","再婚者数【人】","00100","","夫","2016000000","","2016年","00120","","離別","00380","","25歳","","3,222","122","300","325","308","286","257","240","216","164","137","112","755","-"
"10300","","再婚者数【人】","00100","","夫","2016000000","","2016年","00120","","離別","00390","","26歳","","3,795","149","369","390","399","341","302","270","217","208","194","132","824","-"
"10300","","再婚者数【人】","00100","","夫","2016000000","","2016年","00120","","離別","00400","","27歳","","4,315","180","405","471","454","373","364","269","281","208","192","177","941","-"
"10300","","再婚者数【人】","00100","","夫","2016000000","","2016年","00120","","離別","00410","","28歳","","4,809","206","472","519","529","454","398","325","299","238","193","177","999","-"
"10300","","再婚者数【人】","00100","","夫","2016000000","","2016年","00120","","離別","00420","","29歳","","5,192","222","579","589","548","466","435","348","301","261","224","151","1,068","-"
"10300","","再婚者数【人】","00100","","夫","2016000000","","2016年","00120","","離別","00430","","30歳","","5,536","261","627","629","575","508","390","399","314","233","230","202","1,168","-"
"10300","","再婚者数【人】","00100","","夫","2016000000","","2016年","00120","","離別","00440","","31歳","","5,555","253","597","674","616","528","465","386","336","263","215","182","1,040","-"
"10300","","再婚者数【人】","00100","","夫","2016000000","","2016年","00120","","離別","00450","","32歳","","5,641","306","665","716","598","539","421","363","282","262","231","229","1,029","-"
"10300","","再婚者数【人】","00100","","夫","2016000000","","2016年","00120","","離別","00460","","33歳","","5,371","320","616","620","589","521","419","349","290","245","220","186","996","-"
"10300","","再婚者数【人】","00100","","夫","2016000000","","2016年","00120","","離別","00470","","34歳","","5,217","285","655","624","542","473","415","345","290","249","190","159","990","-"
"10300","","再婚者数【人】","00100","","夫","2016000000","","2016年","00120","","離別","00480","","35歳","","5,013","338","660","633","549","466","367","333","260","203","184","152","868","-"
"10300","","再婚者数【人】","00100","","夫","2016000000","","2016年","00120","","離別","00490","","36歳","","4,825","326","644","615","493","385","362","311","264","208","181","150","886","-"
"10300","","再婚者数【人】","00100","","夫","2016000000","","2016年","00120","","離別","00500","","37歳","","4,368","330","637","536","474","370","293","271","212","184","146","133","782","-"
"10300","","再婚者数【人】","00100","","夫","2016000000","","2016年","00120","","離別","00510","","38歳","","4,110","339","575","489","400","400","319","254","197","178","146","132","681","-"
"10300","","再婚者数【人】","00100","","夫","2016000000","","2016年","00120","","離別","00520","","39歳","","3,830","305","579","533","401","327","257","250","170","129","122","93","664","-"
"10300","","再婚者数【人】","00100","","夫","2016000000","","2016年","00120","","離別","00530","","40歳","","3,619","304","549","488","364","304","232","247","165","144","111","81","630","-"
"10300","","再婚者数【人】","00100","","夫","2016000000","","2016年","00120","","離別","00540","","41歳","","3,128","299","493","399","301","250","199","170","149","131","86","90","561","-"
"10300","","再婚者数【人】","00100","","夫","2016000000","","2016年","00120","","離別","00550","","42歳","","2,901","326","471","370","250","229","168","184","148","88","80","68","519","-"
"10300","","再婚者数【人】","00100","","夫","2016000000","","2016年","00120","","離別","00560","","43歳","","2,672","329","390","310","242","214","158","140","123","86","85","82","513","-"
"10300","","再婚者数【人】","00100","","夫","2016000000","","2016年","00120","","離別","00570","","44歳","","2,410","292","386","286","215","179","142","109","119","79","82","61","460","-"
"10300","","再婚者数【人】","00100","","夫","2016000000","","2016年","00120","","離別","00580","","45歳","","2,143","265","333","234","206","142","114","110","104","89","70","50","426","-"
"10300","","再婚者数【人】","00100","","夫","2016000000","","2016年","00120","","離別","00590","","46歳","","1,961","234","318","219","158","138","120","123","102","67","64","47","371","-"
"10300","","再婚者数【人】","00100","","夫","2016000000","","2016年","00120","","離別","00600","","47歳","","1,768","243","291","193","125","138","93","94","80","60","50","46","355","-"
"10300","","再婚者数【人】","00100","","夫","2016000000","","2016年","00120","","離別","00610","","48歳","","1,684","231","269","192","152","92","95","73","60","59","51","41","369","-"
"10300","","再婚者数【人】","00100","","夫","2016000000","","2016年","00120","","離別","00620","","49歳","","1,497","197","240","187","106","104","81","63","59","62","47","33","318","-"
"10300","","再婚者数【人】","00100","","夫","2016000000","","2016年","00120","","離別","00630","","50歳","","1,427","209","232","151","125","88","73","69","59","37","46","43","295","-"
"10300","","再婚者数【人】","00100","","夫","2016000000","","2016年","00120","","離別","00640","","51歳","","1,264","209","194","144","96","85","59","74","32","52","36","16","267","-"
"10300","","再婚者数【人】","00100","","夫","2016000000","","2016年","00120","","離別","00650","","52歳","","1,121","191","179","120","90","73","69","54","41","35","29","36","204","-"
"10300","","再婚者数【人】","00100","","夫","2016000000","","2016年","00120","","離別","00660","","53歳","","1,015","175","166","108","71","66","53","48","38","40","30","22","198","-"
"10300","","再婚者数【人】","00100","","夫","2016000000","","2016年","00120","","離別","00670","","54歳","","907","166","141","98","69","59","46","37","35","20","26","27","183","-"
"10300","","再婚者数【人】","00100","","夫","2016000000","","2016年","00120","","離別","00690","","55歳","","879","154","154","85","75","62","44","40","38","23","26","37","141","-"
"10300","","再婚者数【人】","00100","","夫","2016000000","","2016年","00120","","離別","00700","","56歳","","754","145","126","78","51","55","35","30","41","24","33","21","115","-"
"10300","","再婚者数【人】","00100","","夫","2016000000","","2016年","00120","","離別","00710","","57歳","","705","123","107","62","56","44","44","31","39","29","21","23","126","-"
"10300","","再婚者数【人】","00100","","夫","2016000000","","2016年","00120","","離別","00720","","58歳","","612","111","94","57","54","51","35","35","33","26","19","20","77","-"
"10300","","再婚者数【人】","00100","","夫","2016000000","","2016年","00120","","離別","00730","","59歳","","535","110","82","49","37","42","30","33","24","22","13","6","87","-"
"10300","","再婚者数【人】","00100","","夫","2016000000","","2016年","00120","","離別","00740","","60歳","","604","133","105","57","27","57","40","26","35","23","18","14","69","-"
"10300","","再婚者数【人】","00100","","夫","2016000000","","2016年","00120","","離別","00750","","61歳","","473","105","75","54","42","36","27","25","25","14","8","11","51","-"
"10300","","再婚者数【人】","00100","","夫","2016000000","","2016年","00120","","離別","00760","","62歳","","369","81","83","44","25","22","24","20","14","2","7","10","37","-"
"10300","","再婚者数【人】","00100","","夫","2016000000","","2016年","00120","","離別","00770","","63歳","","376","87","68","48","38","26","28","11","8","9","10","4","39","-"
"10300","","再婚者数【人】","00100","","夫","2016000000","","2016年","00120","","離別","00780","","64歳","","322","82","72","36","32","20","12","13","11","5","5","6","28","-"
"10300","","再婚者数【人】","00100","","夫","2016000000","","2016年","00120","","離別","00790","","65歳","","335","101","58","43","38","20","13","10","9","6","9","8","20","-"
"10300","","再婚者数【人】","00100","","夫","2016000000","","2016年","00120","","離別","00800","","66歳","","310","79","81","40","26","11","11","13","7","9","8","6","19","-"
"10300","","再婚者数【人】","00100","","夫","2016000000","","2016年","00120","","離別","00810","","67歳","","243","77","54","27","16","7","9","8","9","5","6","8","17","-"
"10300","","再婚者数【人】","00100","","夫","2016000000","","2016年","00120","","離別","00820","","68歳","","242","99","61","18","8","8","6","7","7","5","3","6","14","-"
"10300","","再婚者数【人】","00100","","夫","2016000000","","2016年","00120","","離別","00830","","69歳","","153","49","31","14","16","10","9","5","5","2","3","3","6","-"
"10300","","再婚者数【人】","00100","","夫","2016000000","","2016年","00120","","離別","00840","","70歳","","122","31","27","14","13","8","8","1","4","5","4","2","5","-"
"10300","","再婚者数【人】","00100","","夫","2016000000","","2016年","00120","","離別","00850","","71歳","","121","37","18","16","13","3","10","6","5","3","3","4","3","-"
"10300","","再婚者数【人】","00100","","夫","2016000000","","2016年","00120","","離別","00860","","72歳","","103","34","24","12","11","3","2","2","5","2","-","3","5","-"
"10300","","再婚者数【人】","00100","","夫","2016000000","","2016年","00120","","離別","00870","","73歳","","101","35","26","7","6","2","7","4","4","3","2","1","4","-"
"10300","","再婚者数【人】","00100","","夫","2016000000","","2016年","00120","","離別","00880","","74歳","","85","27","21","9","7","2","3","2","1","-","4","3","6","-"
"10300","","再婚者数【人】","00100","","夫","2016000000","","2016年","00120","","離別","00890","","75歳","","60","20","12","4","7","4","3","4","2","-","2","1","1","-"
"10300","","再婚者数【人】","00100","","夫","2016000000","","2016年","00120","","離別","00900","","76歳","","46","20","11","6","3","3","2","1","-","-","-","-","-","-"
"10300","","再婚者数【人】","00100","","夫","2016000000","","2016年","00120","","離別","00910","","77歳","","41","8","14","5","3","5","3","1","1","-","1","-","-","-"
"10300","","再婚者数【人】","00100","","夫","2016000000","","2016年","00120","","離別","00920","","78歳","","40","18","12","2","-","1","2","2","1","1","1","-","-","-"
"10300","","再婚者数【人】","00100","","夫","2016000000","","2016年","00120","","離別","00930","","79歳","","34","12","6","7","2","2","1","1","-","-","1","1","1","-"
"10300","","再婚者数【人】","00100","","夫","2016000000","","2016年","00120","","離別","00940","","80歳以上","","120","58","33","8","8","4","1","2","3","2","-","1","-","-"
"10300","","再婚者数【人】","00100","","夫","2016000000","","2016年","00120","","離別","01380","","不詳","","17","-","-","-","-","-","-","-","-","-","-","-","1","16"
"10300","","再婚者数【人】","00100","","夫","2015000000","","2015年","00100","","総数","00100","","総数","","124,929","10,490","15,624","14,534","12,539","10,286","9,221","7,539","6,357","5,456","4,749","4,118","24,003","13"
"10300","","再婚者数【人】","00100","","夫","2015000000","","2015年","00100","","総数","00310","","18歳","","99","5","9","14","9","8","7","10","-","2","6","2","27","-"
"10300","","再婚者数【人】","00100","","夫","2015000000","","2015年","00100","","総数","00320","","19歳","","363","12","41","38","33","26","26","23","19","15","16","16","98","-"
"10300","","再婚者数【人】","00100","","夫","2015000000","","2015年","00100","","総数","00330","","20歳","","792","31","67","76","76","61","72","65","36","35","38","36","199","-"
"10300","","再婚者数【人】","00100","","夫","2015000000","","2015年","00100","","総数","00340","","21歳","","1,296","49","105","121","99","109","108","96","82","69","58","66","334","-"
"10300","","再婚者数【人】","00100","","夫","2015000000","","2015年","00100","","総数","00350","","22歳","","1,803","76","161","185","148","127","111","127","113","81","108","87","479","-"
"10300","","再婚者数【人】","00100","","夫","2015000000","","2015年","00100","","総数","00360","","23歳","","2,348","96","241","217","212","157","176","156","142","126","125","109","591","-"
"10300","","再婚者数【人】","00100","","夫","2015000000","","2015年","00100","","総数","00370","","24歳","","2,817","103","255","263","267","226","219","218","189","141","159","123","654","-"
"10300","","再婚者数【人】","00100","","夫","2015000000","","2015年","00100","","総数","00380","","25歳","","3,511","149","317","362","337","311","305","266","218","165","153","131","797","-"
"10300","","再婚者数【人】","00100","","夫","2015000000","","2015年","00100","","総数","00390","","26歳","","4,042","138","413","420","377","373","371","293","220","223","186","173","855","-"
"10300","","再婚者数【人】","00100","","夫","2015000000","","2015年","00100","","総数","00400","","27歳","","4,496","205","421","481","452","417","393","316","268","239","198","164","942","-"
"10300","","再婚者数【人】","00100","","夫","2015000000","","2015年","00100","","総数","00410","","28歳","","5,086","205","521","606","533","468","404","355","305","217","224","166","1,082","-"
"10300","","再婚者数【人】","00100","","夫","2015000000","","2015年","00100","","総数","00420","","29歳","","5,377","260","564","609","563","463","457","373","295","286","236","194","1,077","-"
"10300","","再婚者数【人】","00100","","夫","2015000000","","2015年","00100","","総数","00430","","30歳","","5,684","280","590","669","625","489","490","368","335","269","207","220","1,142","-"
"10300","","再婚者数【人】","00100","","夫","2015000000","","2015年","00100","","総数","00440","","31歳","","5,816","290","652","706","602","521","467","375","349","307","239","221","1,087","-"
"10300","","再婚者数【人】","00100","","夫","2015000000","","2015年","00100","","総数","00450","","32歳","","5,807","323","600","706","647","545","447","401","305","307","239","197","1,090","-"
"10300","","再婚者数【人】","00100","","夫","2015000000","","2015年","00100","","総数","00460","","33歳","","5,691","349","643","721","651","487","445","336","335","264","205","199","1,056","-"
"10300","","再婚者数【人】","00100","","夫","2015000000","","2015年","00100","","総数","00470","","34歳","","5,584","312","689","710","634","486","465","369","271","249","237","176","986","-"
"10300","","再婚者数【人】","00100","","夫","2015000000","","2015年","00100","","総数","00480","","35歳","","5,199","357","633","675","564","489","427","320","274","208","202","160","890","-"
"10300","","再婚者数【人】","00100","","夫","2015000000","","2015年","00100","","総数","00490","","36歳","","5,003","327","623","653","526","473","413","295","262","218","186","153","874","-"
"10300","","再婚者数【人】","00100","","夫","2015000000","","2015年","00100","","総数","00500","","37歳","","4,565","357","584","576","546","415","321","267","200","184","166","136","813","-"
"10300","","再婚者数【人】","00100","","夫","2015000000","","2015年","00100","","総数","00510","","38歳","","4,282","351","599","548","491","376","305","246","213","176","158","110","709","-"
"10300","","再婚者数【人】","00100","","夫","2015000000","","2015年","00100","","総数","00520","","39歳","","3,974","338","573","512","458","330","290","196","183","143","135","113","703","-"
"10300","","再婚者数【人】","00100","","夫","2015000000","","2015年","00100","","総数","00530","","40歳","","3,633","354","538","498","362","271","230","207","171","150","121","109","622","-"
"10300","","再婚者数【人】","00100","","夫","2015000000","","2015年","00100","","総数","00540","","41歳","","3,346","323","505","413","369","255","254","187","139","108","107","113","573","-"
"10300","","再婚者数【人】","00100","","夫","2015000000","","2015年","00100","","総数","00550","","42歳","","3,008","334","432","371","285","232","198","167","129","125","92","65","578","-"
"10300","","再婚者数【人】","00100","","夫","2015000000","","2015年","00100","","総数","00560","","43歳","","2,743","302","466","323","246","219","164","127","109","103","95","87","502","-"
"10300","","再婚者数【人】","00100","","夫","2015000000","","2015年","00100","","総数","00570","","44歳","","2,429","313","353","288","232","167","142","115","106","94","65","85","469","-"
"10300","","再婚者数【人】","00100","","夫","2015000000","","2015年","00100","","総数","00580","","45歳","","2,334","270","338","301","211","149","168","122","102","70","79","63","461","-"
"10300","","再婚者数【人】","00100","","夫","2015000000","","2015年","00100","","総数","00590","","46歳","","2,082","293","302","235","151","160","121","104","82","86","59","47","442","-"
"10300","","再婚者数【人】","00100","","夫","2015000000","","2015年","00100","","総数","00600","","47歳","","1,886","267","253","181","182","118","118","107","89","66","65","48","392","-"
"10300","","再婚者数【人】","00100","","夫","2015000000","","2015年","00100","","総数","00610","","48歳","","1,814","246","244","209","163","115","115","76","62","71","43","51","419","-"
"10300","","再婚者数【人】","00100","","夫","2015000000","","2015年","00100","","総数","00620","","49歳","","1,717","221","240","172","143","128","88","82","72","70","41","63","397","-"
"10300","","再婚者数【人】","00100","","夫","2015000000","","2015年","00100","","総数","00630","","50歳","","1,480","234","204","139","110","103","77","77","69","40","42","42","343","-"
"10300","","再婚者数【人】","00100","","夫","2015000000","","2015年","00100","","総数","00640","","51歳","","1,396","205","230","141","98","82","82","65","67","58","43","53","272","-"
"10300","","再婚者数【人】","00100","","夫","2015000000","","2015年","00100","","総数","00650","","52歳","","1,312","190","183","132","103","101","56","52","55","58","53","34","295","-"
"10300","","再婚者数【人】","00100","","夫","2015000000","","2015年","00100","","総数","00660","","53歳","","1,177","151","174","128","100","75","74","42","61","45","32","32","263","-"
"10300","","再婚者数【人】","00100","","夫","2015000000","","2015年","00100","","総数","00670","","54歳","","1,134","185","185","108","75","69","49","68","54","41","42","28","230","-"
"10300","","再婚者数【人】","00100","","夫","2015000000","","2015年","00100","","総数","00690","","55歳","","920","143","151","69","69","53","61","43","36","37","42","36","180","-"
"10300","","再婚者数【人】","00100","","夫","2015000000","","2015年","00100","","総数","00700","","56歳","","935","170","130","90","75","72","47","37","33","47","39","29","166","-"
"10300","","再婚者数【人】","00100","","夫","2015000000","","2015年","00100","","総数","00710","","57歳","","843","125","142","77","59","56","46","47","47","43","36","28","137","-"
"10300","","再婚者数【人】","00100","","夫","2015000000","","2015年","00100","","総数","00720","","58歳","","716","98","92","73","56","47","39","59","40","32","29","23","128","-"
"10300","","再婚者数【人】","00100","","夫","2015000000","","2015年","00100","","総数","00730","","59歳","","690","106","114","69","71","51","42","45","32","23","26","8","103","-"
"10300","","再婚者数【人】","00100","","夫","2015000000","","2015年","00100","","総数","00740","","60歳","","688","117","112","69","61","58","54","38","27","30","12","21","89","-"
"10300","","再婚者数【人】","00100","","夫","2015000000","","2015年","00100","","総数","00750","","61歳","","643","112","101","69","76","60","40","38","21","10","10","18","88","-"
"10300","","再婚者数【人】","00100","","夫","2015000000","","2015年","00100","","総数","00760","","62歳","","519","89","71","65","56","44","39","30","18","24","14","9","60","-"
"10300","","再婚者数【人】","00100","","夫","2015000000","","2015年","00100","","総数","00770","","63歳","","518","90","100","71","49","47","29","18","22","11","18","14","49","-"
"10300","","再婚者数【人】","00100","","夫","2015000000","","2015年","00100","","総数","00780","","64歳","","437","117","73","48","44","37","11","10","24","13","7","9","44","-"
"10300","","再婚者数【人】","00100","","夫","2015000000","","2015年","00100","","総数","00790","","65歳","","421","100","79","52","41","16","25","10","13","23","13","10","39","-"
"10300","","再婚者数【人】","00100","","夫","2015000000","","2015年","00100","","総数","00800","","66歳","","339","108","73","39","16","12","23","13","11","6","6","7","25","-"
"10300","","再婚者数【人】","00100","","夫","2015000000","","2015年","00100","","総数","00810","","67歳","","305","97","63","19","30","16","5","17","9","5","6","6","32","-"
"10300","","再婚者数【人】","00100","","夫","2015000000","","2015年","00100","","総数","00820","","68歳","","270","75","41","26","25","24","12","16","7","7","6","4","27","-"
"10300","","再婚者数【人】","00100","","夫","2015000000","","2015年","00100","","総数","00830","","69歳","","231","53","41","34","16","21","17","8","5","4","5","6","21","-"
"10300","","再婚者数【人】","00100","","夫","2015000000","","2015年","00100","","総数","00840","","70歳","","188","50","42","17","15","10","10","7","3","6","3","4","21","-"
"10300","","再婚者数【人】","00100","","夫","2015000000","","2015年","00100","","総数","00850","","71歳","","158","45","38","19","14","7","9","3","5","1","3","1","13","-"
"10300","","再婚者数【人】","00100","","夫","2015000000","","2015年","00100","","総数","00860","","72歳","","152","37","33","20","14","3","9","3","6","4","4","5","14","-"
"10300","","再婚者数【人】","00100","","夫","2015000000","","2015年","00100","","総数","00870","","73歳","","126","34","31","13","13","10","8","2","1","4","1","3","6","-"
"10300","","再婚者数【人】","00100","","夫","2015000000","","2015年","00100","","総数","00880","","74歳","","112","42","16","12","9","11","7","6","3","1","2","-","3","-"
"10300","","再婚者数【人】","00100","","夫","2015000000","","2015年","00100","","総数","00890","","75歳","","87","24","17","9","5","3","9","5","1","8","1","2","3","-"
"10300","","再婚者数【人】","00100","","夫","2015000000","","2015年","00100","","総数","00900","","76歳","","81","21","19","13","7","6","5","3","3","1","1","-","2","-"
"10300","","再婚者数【人】","00100","","夫","2015000000","","2015年","00100","","総数","00910","","77歳","","79","25","16","7","8","5","8","2","1","2","3","1","1","-"
"10300","","再婚者数【人】","00100","","夫","2015000000","","2015年","00100","","総数","00920","","78歳","","65","14","13","11","7","6","6","2","2","1","-","-","3","-"
"10300","","再婚者数【人】","00100","","夫","2015000000","","2015年","00100","","総数","00930","","79歳","","40","12","12","4","3","1","1","1","2","1","-","-","3","-"
"10300","","再婚者数【人】","00100","","夫","2015000000","","2015年","00100","","総数","00940","","80歳以上","","226","85","56","32","20","9","4","7","4","3","2","2","2","-"
"10300","","再婚者数【人】","00100","","夫","2015000000","","2015年","00100","","総数","01380","","不詳","","14","-","-","-","-","-","-","-","-","-","-","-","1","13"
"10300","","再婚者数【人】","00100","","夫","2015000000","","2015年","00110","","死別","00100","","総数","","4,136","87","325","425","448","421","313","281","241","205","181","135","1,074","-"
"10300","","再婚者数【人】","00100","","夫","2015000000","","2015年","00110","","死別","00310","","18歳","","-","-","-","-","-","-","-","-","-","-","-","-","-","-"
"10300","","再婚者数【人】","00100","","夫","2015000000","","2015年","00110","","死別","00320","","19歳","","3","-","-","1","-","-","-","-","-","-","-","-","2","-"
"10300","","再婚者数【人】","00100","","夫","2015000000","","2015年","00110","","死別","00330","","20歳","","-","-","-","-","-","-","-","-","-","-","-","-","-","-"
"10300","","再婚者数【人】","00100","","夫","2015000000","","2015年","00110","","死別","00340","","21歳","","2","-","-","-","-","-","1","-","-","-","-","-","1","-"
"10300","","再婚者数【人】","00100","","夫","2015000000","","2015年","00110","","死別","00350","","22歳","","7","-","-","-","-","1","-","-","-","1","1","-","4","-"
"10300","","再婚者数【人】","00100","","夫","2015000000","","2015年","00110","","死別","00360","","23歳","","12","-","-","1","2","1","-","-","-","-","3","-","5","-"
"10300","","再婚者数【人】","00100","","夫","2015000000","","2015年","00110","","死別","00370","","24歳","","9","1","-","1","1","2","-","-","2","-","1","-","1","-"
"10300","","再婚者数【人】","00100","","夫","2015000000","","2015年","00110","","死別","00380","","25歳","","23","-","1","1","-","3","3","2","4","-","1","1","7","-"
"10300","","再婚者数【人】","00100","","夫","2015000000","","2015年","00110","","死別","00390","","26歳","","21","-","1","-","-","4","1","3","-","2","2","1","7","-"
"10300","","再婚者数【人】","00100","","夫","2015000000","","2015年","00110","","死別","00400","","27歳","","25","1","-","2","3","4","3","2","-","1","1","-","8","-"
"10300","","再婚者数【人】","00100","","夫","2015000000","","2015年","00110","","死別","00410","","28歳","","32","-","1","3","1","3","7","3","3","2","3","-","6","-"
"10300","","再婚者数【人】","00100","","夫","2015000000","","2015年","00110","","死別","00420","","29歳","","48","-","3","6","5","3","-","3","2","1","2","1","22","-"
"10300","","再婚者数【人】","00100","","夫","2015000000","","2015年","00110","","死別","00430","","30歳","","46","1","2","2","4","4","5","5","3","1","1","2","16","-"
"10300","","再婚者数【人】","00100","","夫","2015000000","","2015年","00110","","死別","00440","","31歳","","67","-","3","6","7","9","9","2","3","3","3","3","19","-"
"10300","","再婚者数【人】","00100","","夫","2015000000","","2015年","00110","","死別","00450","","32歳","","54","-","3","5","4","9","7","4","2","3","2","2","13","-"
"10300","","再婚者数【人】","00100","","夫","2015000000","","2015年","00110","","死別","00460","","33歳","","74","1","2","8","9","14","1","7","3","3","2","5","19","-"
"10300","","再婚者数【人】","00100","","夫","2015000000","","2015年","00110","","死別","00470","","34歳","","76","1","3","4","10","10","8","8","7","4","3","2","16","-"
"10300","","再婚者数【人】","00100","","夫","2015000000","","2015年","00110","","死別","00480","","35歳","","77","1","5","9","10","9","5","5","6","2","6","-","19","-"
"10300","","再婚者数【人】","00100","","夫","2015000000","","2015年","00110","","死別","00490","","36歳","","71","-","1","11","5","10","5","2","8","4","-","3","22","-"
"10300","","再婚者数【人】","00100","","夫","2015000000","","2015年","00110","","死別","00500","","37歳","","73","1","3","7","11","7","7","3","3","6","3","2","20","-"
"10300","","再婚者数【人】","00100","","夫","2015000000","","2015年","00110","","死別","00510","","38歳","","67","-","6","4","11","5","3","5","5","1","4","1","22","-"
"10300","","再婚者数【人】","00100","","夫","2015000000","","2015年","00110","","死別","00520","","39歳","","89","4","9","4","12","8","6","5","5","3","4","6","23","-"
"10300","","再婚者数【人】","00100","","夫","2015000000","","2015年","00110","","死別","00530","","40歳","","96","-","3","10","8","8","8","12","11","6","2","1","27","-"
"10300","","再婚者数【人】","00100","","夫","2015000000","","2015年","00110","","死別","00540","","41歳","","79","-","4","10","6","7","8","6","5","5","2","1","25","-"
"10300","","再婚者数【人】","00100","","夫","2015000000","","2015年","00110","","死別","00550","","42歳","","87","-","5","11","7","6","6","11","4","4","1","2","30","-"
"10300","","再婚者数【人】","00100","","夫","2015000000","","2015年","00110","","死別","00560","","43歳","","73","-","6","6","6","8","6","3","2","4","5","2","25","-"
"10300","","再婚者数【人】","00100","","夫","2015000000","","2015年","00110","","死別","00570","","44歳","","95","1","6","6","6","3","2","4","9","5","2","5","46","-"
"10300","","再婚者数【人】","00100","","夫","2015000000","","2015年","00110","","死別","00580","","45歳","","111","-","8","12","14","7","8","10","5","2","5","5","35","-"
"10300","","再婚者数【人】","00100","","夫","2015000000","","2015年","00110","","死別","00590","","46歳","","102","-","7","13","7","9","8","7","5","7","1","5","33","-"
"10300","","再婚者数【人】","00100","","夫","2015000000","","2015年","00110","","死別","00600","","47歳","","107","2","6","10","8","14","6","7","7","8","6","1","32","-"
"10300","","再婚者数【人】","00100","","夫","2015000000","","2015年","00110","","死別","00610","","48歳","","99","2","1","9","13","15","5","5","3","7","2","3","34","-"
"10300","","再婚者数【人】","00100","","夫","2015000000","","2015年","00110","","死別","00620","","49歳","","113","-","2","8","8","10","11","7","6","10","3","5","43","-"
"10300","","再婚者数【人】","00100","","夫","2015000000","","2015年","00110","","死別","00630","","50歳","","112","1","3","11","10","11","9","8","9","5","5","3","37","-"
"10300","","再婚者数【人】","00100","","夫","2015000000","","2015年","00110","","死別","00640","","51歳","","110","1","6","9","9","10","10","9","11","6","6","3","30","-"
"10300","","再婚者数【人】","00100","","夫","2015000000","","2015年","00110","","死別","00650","","52歳","","113","-","7","11","9","9","6","7","8","9","10","3","34","-"
"10300","","再婚者数【人】","00100","","夫","2015000000","","2015年","00110","","死別","00660","","53歳","","127","-","8","10","12","10","15","4","12","4","7","5","40","-"
"10300","","再婚者数【人】","00100","","夫","2015000000","","2015年","00110","","死別","00670","","54歳","","121","-","9","10","13","10","4","14","8","5","9","3","36","-"
"10300","","再婚者数【人】","00100","","夫","2015000000","","2015年","00110","","死別","00690","","55歳","","97","-","4","3","10","12","10","5","5","6","6","3","33","-"
"10300","","再婚者数【人】","00100","","夫","2015000000","","2015年","00110","","死別","00700","","56歳","","120","1","9","11","13","18","9","6","4","10","6","6","27","-"
"10300","","再婚者数【人】","00100","","夫","2015000000","","2015年","00110","","死別","00710","","57歳","","118","3","8","6","10","15","7","9","7","8","8","4","33","-"
"10300","","再婚者数【人】","00100","","夫","2015000000","","2015年","00110","","死別","00720","","58歳","","105","1","3","10","9","12","10","11","9","7","8","2","23","-"
"10300","","再婚者数【人】","00100","","夫","2015000000","","2015年","00110","","死別","00730","","59歳","","100","2","9","14","14","6","7","5","5","7","7","4","20","-"
"10300","","再婚者数【人】","00100","","夫","2015000000","","2015年","00110","","死別","00740","","60歳","","98","4","7","12","12","8","9","10","2","5","1","5","23","-"
"10300","","再婚者数【人】","00100","","夫","2015000000","","2015年","00110","","死別","00750","","61歳","","95","-","8","10","17","8","8","10","6","2","2","3","21","-"
"10300","","再婚者数【人】","00100","","夫","2015000000","","2015年","00110","","死別","00760","","62歳","","81","1","5","13","11","7","9","6","6","3","2","3","15","-"
"10300","","再婚者数【人】","00100","","夫","2015000000","","2015年","00110","","死別","00770","","63歳","","94","1","9","12","16","13","8","5","4","3","4","4","15","-"
"10300","","再婚者数【人】","00100","","夫","2015000000","","2015年","00110","","死別","00780","","64歳","","86","3","13","9","13","11","2","5","5","5","2","4","14","-"
"10300","","再婚者数【人】","00100","","夫","2015000000","","2015年","00110","","死別","00790","","65歳","","75","4","10","6","13","5","10","1","2","3","3","4","14","-"
"10300","","再婚者数【人】","00100","","夫","2015000000","","2015年","00110","","死別","00800","","66歳","","67","2","10","13","3","6","5","4","7","3","3","2","9","-"
"10300","","再婚者数【人】","00100","","夫","2015000000","","2015年","00110","","死別","00810","","67歳","","58","-","8","3","9","7","2","6","4","2","3","1","13","-"
"10300","","再婚者数【人】","00100","","夫","2015000000","","2015年","00110","","死別","00820","","68歳","","52","4","3","3","9","9","1","6","3","2","1","1","10","-"
"10300","","再婚者数【人】","00100","","夫","2015000000","","2015年","00110","","死別","00830","","69歳","","57","2","9","14","3","7","5","1","2","-","3","3","8","-"
"10300","","再婚者数【人】","00100","","夫","2015000000","","2015年","00110","","死別","00840","","70歳","","37","-","7","7","6","4","1","3","1","-","1","1","6","-"
"10300","","再婚者数【人】","00100","","夫","2015000000","","2015年","00110","","死別","00850","","71歳","","37","2","10","6","4","3","1","1","2","-","2","1","5","-"
"10300","","再婚者数【人】","00100","","夫","2015000000","","2015年","00110","","死別","00860","","72歳","","40","2","7","4","4","1","2","1","-","2","4","3","10","-"
"10300","","再婚者数【人】","00100","","夫","2015000000","","2015年","00110","","死別","00870","","73歳","","36","4","3","5","4","6","4","1","1","1","1","2","4","-"
"10300","","再婚者数【人】","00100","","夫","2015000000","","2015年","00110","","死別","00880","","74歳","","26","3","1","5","4","5","2","1","-","1","2","-","2","-"
"10300","","再婚者数【人】","00100","","夫","2015000000","","2015年","00110","","死別","00890","","75歳","","28","-","3","2","4","2","5","2","1","5","1","1","2","-"
"10300","","再婚者数【人】","00100","","夫","2015000000","","2015年","00110","","死別","00900","","76歳","","28","2","7","5","5","2","2","-","2","1","1","-","1","-"
"10300","","再婚者数【人】","00100","","夫","2015000000","","2015年","00110","","死別","00910","","77歳","","26","2","5","2","4","2","5","2","-","2","1","-","1","-"
"10300","","再婚者数【人】","00100","","夫","2015000000","","2015年","00110","","死別","00920","","78歳","","28","-","5","5","5","5","4","1","-","1","-","-","2","-"
"10300","","再婚者数【人】","00100","","夫","2015000000","","2015年","00110","","死別","00930","","79歳","","15","4","3","2","3","-","-","-","1","-","-","-","2","-"
"10300","","再婚者数【人】","00100","","夫","2015000000","","2015年","00110","","死別","00940","","80歳以上","","110","22","35","22","12","4","2","6","1","2","1","2","1","-"
"10300","","再婚者数【人】","00100","","夫","2015000000","","2015年","00110","","死別","01380","","不詳","","1","-","-","-","-","-","-","-","-","-","-","-","1","-"
"10300","","再婚者数【人】","00100","","夫","2015000000","","2015年","00120","","離別","00100","","総数","","120,793","10,403","15,299","14,109","12,091","9,865","8,908","7,258","6,116","5,251","4,568","3,983","22,929","13"
"10300","","再婚者数【人】","00100","","夫","2015000000","","2015年","00120","","離別","00310","","18歳","","99","5","9","14","9","8","7","10","-","2","6","2","27","-"
"10300","","再婚者数【人】","00100","","夫","2015000000","","2015年","00120","","離別","00320","","19歳","","360","12","41","37","33","26","26","23","19","15","16","16","96","-"
"10300","","再婚者数【人】","00100","","夫","2015000000","","2015年","00120","","離別","00330","","20歳","","792","31","67","76","76","61","72","65","36","35","38","36","199","-"
"10300","","再婚者数【人】","00100","","夫","2015000000","","2015年","00120","","離別","00340","","21歳","","1,294","49","105","121","99","109","107","96","82","69","58","66","333","-"
"10300","","再婚者数【人】","00100","","夫","2015000000","","2015年","00120","","離別","00350","","22歳","","1,796","76","161","185","148","126","111","127","113","80","107","87","475","-"
"10300","","再婚者数【人】","00100","","夫","2015000000","","2015年","00120","","離別","00360","","23歳","","2,336","96","241","216","210","156","176","156","142","126","122","109","586","-"
"10300","","再婚者数【人】","00100","","夫","2015000000","","2015年","00120","","離別","00370","","24歳","","2,808","102","255","262","266","224","219","218","187","141","158","123","653","-"
"10300","","再婚者数【人】","00100","","夫","2015000000","","2015年","00120","","離別","00380","","25歳","","3,488","149","316","361","337","308","302","264","214","165","152","130","790","-"
"10300","","再婚者数【人】","00100","","夫","2015000000","","2015年","00120","","離別","00390","","26歳","","4,021","138","412","420","377","369","370","290","220","221","184","172","848","-"
"10300","","再婚者数【人】","00100","","夫","2015000000","","2015年","00120","","離別","00400","","27歳","","4,471","204","421","479","449","413","390","314","268","238","197","164","934","-"
"10300","","再婚者数【人】","00100","","夫","2015000000","","2015年","00120","","離別","00410","","28歳","","5,054","205","520","603","532","465","397","352","302","215","221","166","1,076","-"
"10300","","再婚者数【人】","00100","","夫","2015000000","","2015年","00120","","離別","00420","","29歳","","5,329","260","561","603","558","460","457","370","293","285","234","193","1,055","-"
"10300","","再婚者数【人】","00100","","夫","2015000000","","2015年","00120","","離別","00430","","30歳","","5,638","279","588","667","621","485","485","363","332","268","206","218","1,126","-"
"10300","","再婚者数【人】","00100","","夫","2015000000","","2015年","00120","","離別","00440","","31歳","","5,749","290","649","700","595","512","458","373","346","304","236","218","1,068","-"
"10300","","再婚者数【人】","00100","","夫","2015000000","","2015年","00120","","離別","00450","","32歳","","5,753","323","597","701","643","536","440","397","303","304","237","195","1,077","-"
"10300","","再婚者数【人】","00100","","夫","2015000000","","2015年","00120","","離別","00460","","33歳","","5,617","348","641","713","642","473","444","329","332","261","203","194","1,037","-"
"10300","","再婚者数【人】","00100","","夫","2015000000","","2015年","00120","","離別","00470","","34歳","","5,508","311","686","706","624","476","457","361","264","245","234","174","970","-"
"10300","","再婚者数【人】","00100","","夫","2015000000","","2015年","00120","","離別","00480","","35歳","","5,122","356","628","666","554","480","422","315","268","206","196","160","871","-"
"10300","","再婚者数【人】","00100","","夫","2015000000","","2015年","00120","","離別","00490","","36歳","","4,932","327","622","642","521","463","408","293","254","214","186","150","852","-"
"10300","","再婚者数【人】","00100","","夫","2015000000","","2015年","00120","","離別","00500","","37歳","","4,492","356","581","569","535","408","314","264","197","178","163","134","793","-"
"10300","","再婚者数【人】","00100","","夫","2015000000","","2015年","00120","","離別","00510","","38歳","","4,215","351","593","544","480","371","302","241","208","175","154","109","687","-"
"10300","","再婚者数【人】","00100","","夫","2015000000","","2015年","00120","","離別","00520","","39歳","","3,885","334","564","508","446","322","284","191","178","140","131","107","680","-"
"10300","","再婚者数【人】","00100","","夫","2015000000","","2015年","00120","","離別","00530","","40歳","","3,537","354","535","488","354","263","222","195","160","144","119","108","595","-"
"10300","","再婚者数【人】","00100","","夫","2015000000","","2015年","00120","","離別","00540","","41歳","","3,267","323","501","403","363","248","246","181","134","103","105","112","548","-"
"10300","","再婚者数【人】","00100","","夫","2015000000","","2015年","00120","","離別","00550","","42歳","","2,921","334","427","360","278","226","192","156","125","121","91","63","548","-"
"10300","","再婚者数【人】","00100","","夫","2015000000","","2015年","00120","","離別","00560","","43歳","","2,670","302","460","317","240","211","158","124","107","99","90","85","477","-"
"10300","","再婚者数【人】","00100","","夫","2015000000","","2015年","00120","","離別","00570","","44歳","","2,334","312","347","282","226","164","140","111","97","89","63","80","423","-"
"10300","","再婚者数【人】","00100","","夫","2015000000","","2015年","00120","","離別","00580","","45歳","","2,223","270","330","289","197","142","160","112","97","68","74","58","426","-"
"10300","","再婚者数【人】","00100","","夫","2015000000","","2015年","00120","","離別","00590","","46歳","","1,980","293","295","222","144","151","113","97","77","79","58","42","409","-"
"10300","","再婚者数【人】","00100","","夫","2015000000","","2015年","00120","","離別","00600","","47歳","","1,779","265","247","171","174","104","112","100","82","58","59","47","360","-"
"10300","","再婚者数【人】","00100","","夫","2015000000","","2015年","00120","","離別","00610","","48歳","","1,715","244","243","200","150","100","110","71","59","64","41","48","385","-"
"10300","","再婚者数【人】","00100","","夫","2015000000","","2015年","00120","","離別","00620","","49歳","","1,604","221","238","164","135","118","77","75","66","60","38","58","354","-"
"10300","","再婚者数【人】","00100","","夫","2015000000","","2015年","00120","","離別","00630","","50歳","","1,368","233","201","128","100","92","68","69","60","35","37","39","306","-"
"10300","","再婚者数【人】","00100","","夫","2015000000","","2015年","00120","","離別","00640","","51歳","","1,286","204","224","132","89","72","72","56","56","52","37","50","242","-"
"10300","","再婚者数【人】","00100","","夫","2015000000","","2015年","00120","","離別","00650","","52歳","","1,199","190","176","121","94","92","50","45","47","49","43","31","261","-"
"10300","","再婚者数【人】","00100","","夫","2015000000","","2015年","00120","","離別","00660","","53歳","","1,050","151","166","118","88","65","59","38","49","41","25","27","223","-"
"10300","","再婚者数【人】","00100","","夫","2015000000","","2015年","00120","","離別","00670","","54歳","","1,013","185","176","98","62","59","45","54","46","36","33","25","194","-"
"10300","","再婚者数【人】","00100","","夫","2015000000","","2015年","00120","","離別","00690","","55歳","","823","143","147","66","59","41","51","38","31","31","36","33","147","-"
"10300","","再婚者数【人】","00100","","夫","2015000000","","2015年","00120","","離別","00700","","56歳","","815","169","121","79","62","54","38","31","29","37","33","23","139","-"
"10300","","再婚者数【人】","00100","","夫","2015000000","","2015年","00120","","離別","00710","","57歳","","725","122","134","71","49","41","39","38","40","35","28","24","104","-"
"10300","","再婚者数【人】","00100","","夫","2015000000","","2015年","00120","","離別","00720","","58歳","","611","97","89","63","47","35","29","48","31","25","21","21","105","-"
"10300","","再婚者数【人】","00100","","夫","2015000000","","2015年","00120","","離別","00730","","59歳","","590","104","105","55","57","45","35","40","27","16","19","4","83","-"
"10300","","再婚者数【人】","00100","","夫","2015000000","","2015年","00120","","離別","00740","","60歳","","590","113","105","57","49","50","45","28","25","25","11","16","66","-"
"10300","","再婚者数【人】","00100","","夫","2015000000","","2015年","00120","","離別","00750","","61歳","","548","112","93","59","59","52","32","28","15","8","8","15","67","-"
"10300","","再婚者数【人】","00100","","夫","2015000000","","2015年","00120","","離別","00760","","62歳","","438","88","66","52","45","37","30","24","12","21","12","6","45","-"
"10300","","再婚者数【人】","00100","","夫","2015000000","","2015年","00120","","離別","00770","","63歳","","424","89","91","59","33","34","21","13","18","8","14","10","34","-"
"10300","","再婚者数【人】","00100","","夫","2015000000","","2015年","00120","","離別","00780","","64歳","","351","114","60","39","31","26","9","5","19","8","5","5","30","-"
"10300","","再婚者数【人】","00100","","夫","2015000000","","2015年","00120","","離別","00790","","65歳","","346","96","69","46","28","11","15","9","11","20","10","6","25","-"
"10300","","再婚者数【人】","00100","","夫","2015000000","","2015年","00120","","離別","00800","","66歳","","272","106","63","26","13","6","18","9","4","3","3","5","16","-"
"10300","","再婚者数【人】","00100","","夫","2015000000","","2015年","00120","","離別","00810","","67歳","","247","97","55","16","21","9","3","11","5","3","3","5","19","-"
"10300","","再婚者数【人】","00100","","夫","2015000000","","2015年","00120","","離別","00820","","68歳","","218","71","38","23","16","15","11","10","4","5","5","3","17","-"
"10300","","再婚者数【人】","00100","","夫","2015000000","","2015年","00120","","離別","00830","","69歳","","174","51","32","20","13","14","12","7","3","4","2","3","13","-"
"10300","","再婚者数【人】","00100","","夫","2015000000","","2015年","00120","","離別","00840","","70歳","","151","50","35","10","9","6","9","4","2","6","2","3","15","-"
"10300","","再婚者数【人】","00100","","夫","2015000000","","2015年","00120","","離別","00850","","71歳","","121","43","28","13","10","4","8","2","3","1","1","-","8","-"
"10300","","再婚者数【人】","00100","","夫","2015000000","","2015年","00120","","離別","00860","","72歳","","112","35","26","16","10","2","7","2","6","2","-","2","4","-"
"10300","","再婚者数【人】","00100","","夫","2015000000","","2015年","00120","","離別","00870","","73歳","","90","30","28","8","9","4","4","1","-","3","-","1","2","-"
"10300","","再婚者数【人】","00100","","夫","2015000000","","2015年","00120","","離別","00880","","74歳","","86","39","15","7","5","6","5","5","3","-","-","-","1","-"
"10300","","再婚者数【人】","00100","","夫","2015000000","","2015年","00120","","離別","00890","","75歳","","59","24","14","7","1","1","4","3","-","3","-","1","1","-"
"10300","","再婚者数【人】","00100","","夫","2015000000","","2015年","00120","","離別","00900","","76歳","","53","19","12","8","2","4","3","3","1","-","-","-","1","-"
"10300","","再婚者数【人】","00100","","夫","2015000000","","2015年","00120","","離別","00910","","77歳","","53","23","11","5","4","3","3","-","1","-","2","1","-","-"
"10300","","再婚者数【人】","00100","","夫","2015000000","","2015年","00120","","離別","00920","","78歳","","37","14","8","6","2","1","2","1","2","-","-","-","1","-"
"10300","","再婚者数【人】","00100","","夫","2015000000","","2015年","00120","","離別","00930","","79歳","","25","8","9","2","-","1","1","1","1","1","-","-","1","-"
"10300","","再婚者数【人】","00100","","夫","2015000000","","2015年","00120","","離別","00940","","80歳以上","","116","63","21","10","8","5","2","1","3","1","1","-","1","-"
"10300","","再婚者数【人】","00100","","夫","2015000000","","2015年","00120","","離別","01380","","不詳","","13","-","-","-","-","-","-","-","-","-","-","-","-","13"
"10300","","再婚者数【人】","00110","","妻","2024000000","","2024年","00100","","総数","00100","","総数","","75,731","4,943","8,239","7,434","6,573","5,789","5,357","4,326","3,580","3,086","2,811","2,404","21,163","26"
"10300","","再婚者数【人】","00110","","妻","2024000000","","2024年","00100","","総数","00290","","16歳","","13","-","-","1","-","1","-","-","3","2","-","-","6","-"
"10300","","再婚者数【人】","00110","","妻","2024000000","","2024年","00100","","総数","00300","","17歳","","58","-","3","3","3","5","6","6","3","2","4","2","21","-"
"10300","","再婚者数【人】","00110","","妻","2024000000","","2024年","00100","","総数","00310","","18歳","","193","5","9","12","7","17","9","18","10","12","11","12","71","-"
"10300","","再婚者数【人】","00110","","妻","2024000000","","2024年","00100","","総数","00320","","19歳","","436","11","36","35","24","34","31","40","25","10","27","17","146","-"
"10300","","再婚者数【人】","00110","","妻","2024000000","","2024年","00100","","総数","00330","","20歳","","864","17","55","77","70","62","67","66","75","46","43","33","253","-"
"10300","","再婚者数【人】","00110","","妻","2024000000","","2024年","00100","","総数","00340","","21歳","","1,289","31","100","117","102","108","115","90","70","72","57","50","377","-"
"10300","","再婚者数【人】","00110","","妻","2024000000","","2024年","00100","","総数","00350","","22歳","","1,703","68","145","162","125","168","138","109","87","85","69","66","481","-"
"10300","","再婚者数【人】","00110","","妻","2024000000","","2024年","00100","","総数","00360","","23歳","","2,193","78","172","201","248","219","190","148","117","116","87","79","538","-"
"10300","","再婚者数【人】","00110","","妻","2024000000","","2024年","00100","","総数","00370","","24歳","","2,620","93","231","284","258","251","230","177","143","124","103","70","656","-"
"10300","","再婚者数【人】","00110","","妻","2024000000","","2024年","00100","","総数","00380","","25歳","","3,059","118","264","345","324","316","241","213","156","117","134","80","751","-"
"10300","","再婚者数【人】","00110","","妻","2024000000","","2024年","00100","","総数","00390","","26歳","","3,391","147","343","385","354","318","282","223","180","147","116","94","802","-"
"10300","","再婚者数【人】","00110","","妻","2024000000","","2024年","00100","","総数","00400","","27歳","","3,615","155","400","418","393","321","285","218","198","126","119","91","891","-"
"10300","","再婚者数【人】","00110","","妻","2024000000","","2024年","00100","","総数","00410","","28歳","","3,771","183","396","443","388","331","293","252","180","137","129","119","920","-"
"10300","","再婚者数【人】","00110","","妻","2024000000","","2024年","00100","","総数","00420","","29歳","","3,875","155","445","444","388","365","325","233","173","141","138","93","975","-"
"10300","","再婚者数【人】","00110","","妻","2024000000","","2024年","00100","","総数","00430","","30歳","","3,911","170","448","429","373","332","312","231","159","155","137","106","1,059","-"
"10300","","再婚者数【人】","00110","","妻","2024000000","","2024年","00100","","総数","00440","","31歳","","3,600","160","395","363","330","331","276","221","149","151","119","93","1,012","-"
"10300","","再婚者数【人】","00110","","妻","2024000000","","2024年","00100","","総数","00450","","32歳","","3,380","176","376","360","308","250","232","186","187","148","110","88","959","-"
"10300","","再婚者数【人】","00110","","妻","2024000000","","2024年","00100","","総数","00460","","33歳","","3,199","173","353","352","286","241","239","161","149","120","95","85","945","-"
"10300","","再婚者数【人】","00110","","妻","2024000000","","2024年","00100","","総数","00470","","34歳","","2,972","191","306","295","254","223","206","131","116","94","101","106","949","-"
"10300","","再婚者数【人】","00110","","妻","2024000000","","2024年","00100","","総数","00480","","35歳","","2,731","128","322","291","236","197","162","152","103","102","85","77","876","-"
"10300","","再婚者数【人】","00110","","妻","2024000000","","2024年","00100","","総数","00490","","36歳","","2,498","150","293","233","189","160","138","122","101","96","80","82","854","-"
"10300","","再婚者数【人】","00110","","妻","2024000000","","2024年","00100","","総数","00500","","37歳","","2,339","156","264","200","192","152","142","101","81","85","67","80","819","-"
"10300","","再婚者数【人】","00110","","妻","2024000000","","2024年","00100","","総数","00510","","38歳","","2,156","155","252","172","179","119","111","112","79","89","78","80","730","-"
"10300","","再婚者数【人】","00110","","妻","2024000000","","2024年","00100","","総数","00520","","39歳","","1,990","163","198","141","137","103","112","70","75","70","71","87","763","-"
"10300","","再婚者数【人】","00110","","妻","2024000000","","2024年","00100","","総数","00530","","40歳","","1,869","131","181","150","99","94","105","90","69","90","96","72","692","-"
"10300","","再婚者数【人】","00110","","妻","2024000000","","2024年","00100","","総数","00540","","41歳","","1,698","137","170","113","110","84","91","96","85","70","85","67","590","-"
"10300","","再婚者数【人】","00110","","妻","2024000000","","2024年","00100","","総数","00550","","42歳","","1,568","125","146","118","109","73","85","74","102","73","85","75","503","-"
"10300","","再婚者数【人】","00110","","妻","2024000000","","2024年","00100","","総数","00560","","43歳","","1,448","106","139","106","91","83","81","78","97","68","84","66","449","-"
"10300","","再婚者数【人】","00110","","妻","2024000000","","2024年","00100","","総数","00570","","44歳","","1,297","103","133","90","88","68","90","90","64","56","69","64","382","-"
"10300","","再婚者数【人】","00110","","妻","2024000000","","2024年","00100","","総数","00580","","45歳","","1,250","130","93","94","86","91","68","70","70","81","47","48","372","-"
"10300","","再婚者数【人】","00110","","妻","2024000000","","2024年","00100","","総数","00590","","46歳","","1,195","118","122","86","83","84","91","69","51","49","52","44","346","-"
"10300","","再婚者数【人】","00110","","妻","2024000000","","2024年","00100","","総数","00600","","47歳","","1,121","90","122","87","104","87","64","72","59","53","38","35","310","-"
"10300","","再婚者数【人】","00110","","妻","2024000000","","2024年","00100","","総数","00610","","48歳","","970","86","112","99","84","63","75","48","57","46","32","33","235","-"
"10300","","再婚者数【人】","00110","","妻","2024000000","","2024年","00100","","総数","00620","","49歳","","860","102","123","71","75","60","57","38","40","39","30","39","186","-"
"10300","","再婚者数【人】","00110","","妻","2024000000","","2024年","00100","","総数","00630","","50歳","","804","92","99","72","71","51","59","58","43","30","32","30","167","-"
"10300","","再婚者数【人】","00110","","妻","2024000000","","2024年","00100","","総数","00640","","51歳","","773","86","111","89","59","54","49","31","28","25","40","17","184","-"
"10300","","再婚者数【人】","00110","","妻","2024000000","","2024年","00100","","総数","00650","","52歳","","656","101","101","62","49","31","38","37","29","25","26","15","142","-"
"10300","","再婚者数【人】","00110","","妻","2024000000","","2024年","00100","","総数","00660","","53歳","","584","106","107","51","37","35","34","30","21","16","18","15","114","-"
"10300","","再婚者数【人】","00110","","妻","2024000000","","2024年","00100","","総数","00670","","54歳","","471","77","87","49","22","21","36","29","18","14","15","11","92","-"
"10300","","再婚者数【人】","00110","","妻","2024000000","","2024年","00100","","総数","00690","","55歳","","411","64","68","46","24","28","26","15","16","17","12","15","80","-"
"10300","","再婚者数【人】","00110","","妻","2024000000","","2024年","00100","","総数","00700","","56歳","","324","51","55","29","34","20","27","12","10","11","7","8","60","-"
"10300","","再婚者数【人】","00110","","妻","2024000000","","2024年","00100","","総数","00710","","57歳","","309","66","51","26","21","17","16","18","14","5","6","5","64","-"
"10300","","再婚者数【人】","00110","","妻","2024000000","","2024年","00100","","総数","00720","","58歳","","279","59","51","32","14","10","17","13","19","7","4","6","47","-"
"10300","","再婚者数【人】","00110","","妻","2024000000","","2024年","00100","","総数","00730","","59歳","","250","47","50","24","16","13","8","14","13","6","7","1","51","-"
"10300","","再婚者数【人】","00110","","妻","2024000000","","2024年","00100","","総数","00740","","60歳","","202","48","33","13","20","8","10","6","7","6","4","7","40","-"
"10300","","再婚者数【人】","00110","","妻","2024000000","","2024年","00100","","総数","00750","","61歳","","187","36","24","24","10","7","12","8","5","8","7","3","43","-"
"10300","","再婚者数【人】","00110","","妻","2024000000","","2024年","00100","","総数","00760","","62歳","","155","24","28","15","11","10","13","5","9","3","2","9","26","-"
"10300","","再婚者数【人】","00110","","妻","2024000000","","2024年","00100","","総数","00770","","63歳","","125","28","17","14","7","8","4","8","3","2","1","5","28","-"
"10300","","再婚者数【人】","00110","","妻","2024000000","","2024年","00100","","総数","00780","","64歳","","116","33","18","10","8","9","6","2","5","3","3","-","19","-"
"10300","","再婚者数【人】","00110","","妻","2024000000","","2024年","00100","","総数","00790","","65歳","","114","20","14","12","12","10","12","2","3","3","2","5","19","-"
"10300","","再婚者数【人】","00110","","妻","2024000000","","2024年","00100","","総数","00800","","66歳","","106","19","14","13","7","8","8","2","2","8","6","6","13","-"
"10300","","再婚者数【人】","00110","","妻","2024000000","","2024年","00100","","総数","00810","","67歳","","75","20","8","5","2","3","3","8","2","7","6","1","10","-"
"10300","","再婚者数【人】","00110","","妻","2024000000","","2024年","00100","","総数","00820","","68歳","","75","16","25","4","5","4","2","2","4","5","2","1","5","-"
"10300","","再婚者数【人】","00110","","妻","2024000000","","2024年","00100","","総数","00830","","69歳","","77","14","11","12","3","4","3","6","3","3","2","3","13","-"
"10300","","再婚者数【人】","00110","","妻","2024000000","","2024年","00100","","総数","00840","","70歳","","59","9","7","2","9","2","3","3","2","4","1","4","13","-"
"10300","","再婚者数【人】","00110","","妻","2024000000","","2024年","00100","","総数","00850","","71歳","","64","16","14","9","6","1","3","3","1","-","3","3","5","-"
"10300","","再婚者数【人】","00110","","妻","2024000000","","2024年","00100","","総数","00860","","72歳","","56","9","16","7","2","6","6","2","-","1","2","-","5","-"
"10300","","再婚者数【人】","00110","","妻","2024000000","","2024年","00100","","総数","00870","","73歳","","47","13","13","5","6","2","2","2","-","1","-","1","2","-"
"10300","","再婚者数【人】","00110","","妻","2024000000","","2024年","00100","","総数","00880","","74歳","","38","9","13","6","3","2","2","1","1","-","-","-","1","-"
"10300","","再婚者数【人】","00110","","妻","2024000000","","2024年","00100","","総数","00890","","75歳","","39","9","12","5","3","2","2","1","4","-","-","-","1","-"
"10300","","再婚者数【人】","00110","","妻","2024000000","","2024年","00100","","総数","00900","","76歳","","35","9","9","4","5","2","1","1","2","-","2","-","-","-"
"10300","","再婚者数【人】","00110","","妻","2024000000","","2024年","00100","","総数","00910","","77歳","","29","7","8","3","2","3","3","-","1","1","1","-","-","-"
"10300","","再婚者数【人】","00110","","妻","2024000000","","2024年","00100","","総数","00920","","78歳","","24","8","5","3","2","3","1","1","-","-","1","-","-","-"
"10300","","再婚者数【人】","00110","","妻","2024000000","","2024年","00100","","総数","00930","","79歳","","11","1","5","2","-","-","-","1","-","1","1","-","-","-"
"10300","","再婚者数【人】","00110","","妻","2024000000","","2024年","00100","","総数","00940","","80歳以上","","78","35","18","9","6","4","2","-","2","2","-","-","-","-"
"10300","","再婚者数【人】","00110","","妻","2024000000","","2024年","00100","","総数","01380","","不詳","","26","-","-","-","-","-","-","-","-","-","-","-","-","26"
"10300","","再婚者数【人】","00110","","妻","2024000000","","2024年","00110","","死別","00100","","総数","","1,832","34","93","139","114","115","92","97","90","80","70","80","821","7"
"10300","","再婚者数【人】","00110","","妻","2024000000","","2024年","00110","","死別","00290","","16歳","","2","-","-","-","-","1","-","-","-","-","-","-","1","-"
"10300","","再婚者数【人】","00110","","妻","2024000000","","2024年","00110","","死別","00300","","17歳","","1","-","-","-","-","-","-","-","1","-","-","-","-","-"
"10300","","再婚者数【人】","00110","","妻","2024000000","","2024年","00110","","死別","00310","","18歳","","1","-","-","-","-","-","-","-","-","-","-","-","1","-"
"10300","","再婚者数【人】","00110","","妻","2024000000","","2024年","00110","","死別","00320","","19歳","","4","-","-","1","-","1","-","-","-","-","-","-","2","-"
"10300","","再婚者数【人】","00110","","妻","2024000000","","2024年","00110","","死別","00330","","20歳","","6","-","-","-","-","1","-","-","-","-","1","2","2","-"
"10300","","再婚者数【人】","00110","","妻","2024000000","","2024年","00110","","死別","00340","","21歳","","7","-","-","-","1","2","-","-","-","-","-","-","4","-"
"10300","","再婚者数【人】","00110","","妻","2024000000","","2024年","00110","","死別","00350","","22歳","","16","-","2","-","-","2","1","2","-","-","-","-","9","-"
"10300","","再婚者数【人】","00110","","妻","2024000000","","2024年","00110","","死別","00360","","23歳","","16","-","1","-","-","1","2","-","-","1","-","-","11","-"
"10300","","再婚者数【人】","00110","","妻","2024000000","","2024年","00110","","死別","00370","","24歳","","21","-","1","1","3","1","1","1","2","1","-","1","9","-"
"10300","","再婚者数【人】","00110","","妻","2024000000","","2024年","00110","","死別","00380","","25歳","","27","1","4","2","2","-","-","4","3","-","-","1","10","-"
"10300","","再婚者数【人】","00110","","妻","2024000000","","2024年","00110","","死別","00390","","26歳","","30","-","-","1","2","1","2","2","-","2","3","1","16","-"
"10300","","再婚者数【人】","00110","","妻","2024000000","","2024年","00110","","死別","00400","","27歳","","48","-","2","7","4","5","5","2","1","2","-","4","16","-"
"10300","","再婚者数【人】","00110","","妻","2024000000","","2024年","00110","","死別","00410","","28歳","","40","-","1","3","3","5","5","3","-","2","2","4","12","-"
"10300","","再婚者数【人】","00110","","妻","2024000000","","2024年","00110","","死別","00420","","29歳","","45","-","2","3","2","7","4","2","3","-","-","5","17","-"
"10300","","再婚者数【人】","00110","","妻","2024000000","","2024年","00110","","死別","00430","","30歳","","46","2","2","3","-","4","4","3","2","4","3","1","18","-"
"10300","","再婚者数【人】","00110","","妻","2024000000","","2024年","00110","","死別","00440","","31歳","","51","-","-","3","5","4","4","4","3","2","4","2","20","-"
"10300","","再婚者数【人】","00110","","妻","2024000000","","2024年","00110","","死別","00450","","32歳","","47","-","1","2","5","5","2","4","3","2","3","2","18","-"
"10300","","再婚者数【人】","00110","","妻","2024000000","","2024年","00110","","死別","00460","","33歳","","43","1","4","3","2","1","1","2","-","1","4","1","23","-"
"10300","","再婚者数【人】","00110","","妻","2024000000","","2024年","00110","","死別","00470","","34歳","","61","-","1","2","3","5","3","1","3","1","2","4","36","-"
"10300","","再婚者数【人】","00110","","妻","2024000000","","2024年","00110","","死別","00480","","35歳","","49","-","3","3","4","4","-","1","3","1","2","1","27","-"
"10300","","再婚者数【人】","00110","","妻","2024000000","","2024年","00110","","死別","00490","","36歳","","49","1","1","6","1","3","1","2","3","3","3","1","24","-"
"10300","","再婚者数【人】","00110","","妻","2024000000","","2024年","00110","","死別","00500","","37歳","","46","-","-","6","2","5","1","3","2","1","-","-","26","-"
"10300","","再婚者数【人】","00110","","妻","2024000000","","2024年","00110","","死別","00510","","38歳","","55","1","3","3","2","2","-","4","3","2","-","-","35","-"
"10300","","再婚者数【人】","00110","","妻","2024000000","","2024年","00110","","死別","00520","","39歳","","71","-","1","5","8","2","3","3","1","1","2","4","41","-"
"10300","","再婚者数【人】","00110","","妻","2024000000","","2024年","00110","","死別","00530","","40歳","","58","-","2","5","4","3","-","2","5","1","2","1","33","-"
"10300","","再婚者数【人】","00110","","妻","2024000000","","2024年","00110","","死別","00540","","41歳","","61","3","3","2","2","2","2","3","4","3","1","1","35","-"
"10300","","再婚者数【人】","00110","","妻","2024000000","","2024年","00110","","死別","00550","","42歳","","37","-","2","2","1","-","1","3","4","3","2","3","16","-"
"10300","","再婚者数【人】","00110","","妻","2024000000","","2024年","00110","","死別","00560","","43歳","","54","1","2","6","2","3","2","1","1","4","-","4","28","-"
"10300","","再婚者数【人】","00110","","妻","2024000000","","2024年","00110","","死別","00570","","44歳","","35","-","1","2","1","4","2","2","2","2","4","-","15","-"
"10300","","再婚者数【人】","00110","","妻","2024000000","","2024年","00110","","死別","00580","","45歳","","49","1","2","1","3","1","3","1","2","4","-","3","28","-"
"10300","","再婚者数【人】","00110","","妻","2024000000","","2024年","00110","","死別","00590","","46歳","","46","-","1","4","3","3","2","1","2","-","3","-","27","-"
"10300","","再婚者数【人】","00110","","妻","2024000000","","2024年","00110","","死別","00600","","47歳","","44","1","1","1","4","1","2","5","4","3","1","-","21","-"
"10300","","再婚者数【人】","00110","","妻","2024000000","","2024年","00110","","死別","00610","","48歳","","35","1","2","5","5","2","2","1","1","2","-","-","14","-"
"10300","","再婚者数【人】","00110","","妻","2024000000","","2024年","00110","","死別","00620","","49歳","","34","2","4","2","1","5","1","2","3","-","-","2","12","-"
"10300","","再婚者数【人】","00110","","妻","2024000000","","2024年","00110","","死別","00630","","50歳","","41","1","2","1","1","3","1","4","1","3","2","3","19","-"
"10300","","再婚者数【人】","00110","","妻","2024000000","","2024年","00110","","死別","00640","","51歳","","43","-","-","3","2","3","1","-","4","2","2","3","23","-"
"10300","","再婚者数【人】","00110","","妻","2024000000","","2024年","00110","","死別","00650","","52歳","","36","-","1","1","4","2","1","2","2","4","3","-","16","-"
"10300","","再婚者数【人】","00110","","妻","2024000000","","2024年","00110","","死別","00660","","53歳","","39","-","1","2","4","-","4","3","2","1","-","-","22","-"
"10300","","再婚者数【人】","00110","","妻","2024000000","","2024年","00110","","死別","00670","","54歳","","33","1","3","4","-","1","-","2","1","3","2","3","13","-"
"10300","","再婚者数【人】","00110","","妻","2024000000","","2024年","00110","","死別","00690","","55歳","","33","-","2","2","-","1","2","2","1","1","1","3","18","-"
"10300","","再婚者数【人】","00110","","妻","2024000000","","2024年","00110","","死別","00700","","56歳","","27","1","2","3","2","-","3","2","-","1","2","-","11","-"
"10300","","再婚者数【人】","00110","","妻","2024000000","","2024年","00110","","死別","00710","","57歳","","29","1","1","3","-","1","2","2","3","2","1","1","12","-"
"10300","","再婚者数【人】","00110","","妻","2024000000","","2024年","00110","","死別","00720","","58歳","","27","1","3","3","3","1","2","2","2","1","1","1","7","-"
"10300","","再婚者数【人】","00110","","妻","2024000000","","2024年","00110","","死別","00730","","59歳","","23","-","2","2","1","1","1","2","4","2","2","1","5","-"
"10300","","再婚者数【人】","00110","","妻","2024000000","","2024年","00110","","死別","00740","","60歳","","24","2","1","1","2","1","1","-","1","2","-","4","9","-"
"10300","","再婚者数【人】","00110","","妻","2024000000","","2024年","00110","","死別","00750","","61歳","","35","-","1","3","2","1","2","3","1","1","3","1","17","-"
"10300","","再婚者数【人】","00110","","妻","2024000000","","2024年","00110","","死別","00760","","62歳","","29","2","4","2","-","4","2","-","1","1","-","4","9","-"
"10300","","再婚者数【人】","00110","","妻","2024000000","","2024年","00110","","死別","00770","","63歳","","24","-","3","3","2","2","1","1","-","1","1","1","9","-"
"10300","","再婚者数【人】","00110","","妻","2024000000","","2024年","00110","","死別","00780","","64歳","","12","2","-","2","1","2","-","-","-","-","1","-","4","-"
"10300","","再婚者数【人】","00110","","妻","2024000000","","2024年","00110","","死別","00790","","65歳","","16","1","1","2","2","-","3","-","-","1","1","2","3","-"
"10300","","再婚者数【人】","00110","","妻","2024000000","","2024年","00110","","死別","00800","","66歳","","16","-","2","1","2","2","-","-","1","1","-","3","4","-"
"10300","","再婚者数【人】","00110","","妻","2024000000","","2024年","00110","","死別","00810","","67歳","","14","2","-","2","-","-","-","3","-","1","3","-","3","-"
"10300","","再婚者数【人】","00110","","妻","2024000000","","2024年","00110","","死別","00820","","68歳","","9","-","2","1","2","-","1","-","1","1","1","-","-","-"
"10300","","再婚者数【人】","00110","","妻","2024000000","","2024年","00110","","死別","00830","","69歳","","10","1","-","2","1","-","1","1","1","-","-","-","3","-"
"10300","","再婚者数【人】","00110","","妻","2024000000","","2024年","00110","","死別","00840","","70歳","","11","1","-","1","2","-","1","2","-","-","-","-","4","-"
"10300","","再婚者数【人】","00110","","妻","2024000000","","2024年","00110","","死別","00850","","71歳","","11","-","-","3","-","1","1","1","-","-","2","2","1","-"
"10300","","再婚者数【人】","00110","","妻","2024000000","","2024年","00110","","死別","00860","","72歳","","9","-","2","2","-","-","3","-","-","-","-","-","2","-"
"10300","","再婚者数【人】","00110","","妻","2024000000","","2024年","00110","","死別","00870","","73歳","","9","-","2","1","4","1","1","-","-","-","-","-","-","-"
"10300","","再婚者数【人】","00110","","妻","2024000000","","2024年","00110","","死別","00880","","74歳","","5","-","-","1","1","2","-","-","1","-","-","-","-","-"
"10300","","再婚者数【人】","00110","","妻","2024000000","","2024年","00110","","死別","00890","","75歳","","5","-","1","1","-","-","1","-","2","-","-","-","-","-"
"10300","","再婚者数【人】","00110","","妻","2024000000","","2024年","00110","","死別","00900","","76歳","","2","-","1","-","1","-","-","-","-","-","-","-","-","-"
"10300","","再婚者数【人】","00110","","妻","2024000000","","2024年","00110","","死別","00910","","77歳","","4","-","2","1","-","-","-","-","-","1","-","-","-","-"
"10300","","再婚者数【人】","00110","","妻","2024000000","","2024年","00110","","死別","00920","","78歳","","4","-","1","1","-","-","1","1","-","-","-","-","-","-"
"10300","","再婚者数【人】","00110","","妻","2024000000","","2024年","00110","","死別","00930","","79歳","","3","-","2","-","-","-","-","-","-","1","-","-","-","-"
"10300","","再婚者数【人】","00110","","妻","2024000000","","2024年","00110","","死別","00940","","80歳以上","","7","3","2","1","-","-","-","-","-","1","-","-","-","-"
"10300","","再婚者数【人】","00110","","妻","2024000000","","2024年","00110","","死別","01380","","不詳","","7","-","-","-","-","-","-","-","-","-","-","-","-","7"
"10300","","再婚者数【人】","00110","","妻","2024000000","","2024年","00120","","離別","00100","","総数","","73,899","4,909","8,146","7,295","6,459","5,674","5,265","4,229","3,490","3,006","2,741","2,324","20,342","19"
"10300","","再婚者数【人】","00110","","妻","2024000000","","2024年","00120","","離別","00290","","16歳","","11","-","-","1","-","-","-","-","3","2","-","-","5","-"
"10300","","再婚者数【人】","00110","","妻","2024000000","","2024年","00120","","離別","00300","","17歳","","57","-","3","3","3","5","6","6","2","2","4","2","21","-"
"10300","","再婚者数【人】","00110","","妻","2024000000","","2024年","00120","","離別","00310","","18歳","","192","5","9","12","7","17","9","18","10","12","11","12","70","-"
"10300","","再婚者数【人】","00110","","妻","2024000000","","2024年","00120","","離別","00320","","19歳","","432","11","36","34","24","33","31","40","25","10","27","17","144","-"
"10300","","再婚者数【人】","00110","","妻","2024000000","","2024年","00120","","離別","00330","","20歳","","858","17","55","77","70","61","67","66","75","46","42","31","251","-"
"10300","","再婚者数【人】","00110","","妻","2024000000","","2024年","00120","","離別","00340","","21歳","","1,282","31","100","117","101","106","115","90","70","72","57","50","373","-"
"10300","","再婚者数【人】","00110","","妻","2024000000","","2024年","00120","","離別","00350","","22歳","","1,687","68","143","162","125","166","137","107","87","85","69","66","472","-"
"10300","","再婚者数【人】","00110","","妻","2024000000","","2024年","00120","","離別","00360","","23歳","","2,177","78","171","201","248","218","188","148","117","115","87","79","527","-"
"10300","","再婚者数【人】","00110","","妻","2024000000","","2024年","00120","","離別","00370","","24歳","","2,599","93","230","283","255","250","229","176","141","123","103","69","647","-"
"10300","","再婚者数【人】","00110","","妻","2024000000","","2024年","00120","","離別","00380","","25歳","","3,032","117","260","343","322","316","241","209","153","117","134","79","741","-"
"10300","","再婚者数【人】","00110","","妻","2024000000","","2024年","00120","","離別","00390","","26歳","","3,361","147","343","384","352","317","280","221","180","145","113","93","786","-"
"10300","","再婚者数【人】","00110","","妻","2024000000","","2024年","00120","","離別","00400","","27歳","","3,567","155","398","411","389","316","280","216","197","124","119","87","875","-"
"10300","","再婚者数【人】","00110","","妻","2024000000","","2024年","00120","","離別","00410","","28歳","","3,731","183","395","440","385","326","288","249","180","135","127","115","908","-"
"10300","","再婚者数【人】","00110","","妻","2024000000","","2024年","00120","","離別","00420","","29歳","","3,830","155","443","441","386","358","321","231","170","141","138","88","958","-"
"10300","","再婚者数【人】","00110","","妻","2024000000","","2024年","00120","","離別","00430","","30歳","","3,865","168","446","426","373","328","308","228","157","151","134","105","1,041","-"
"10300","","再婚者数【人】","00110","","妻","2024000000","","2024年","00120","","離別","00440","","31歳","","3,549","160","395","360","325","327","272","217","146","149","115","91","992","-"
"10300","","再婚者数【人】","00110","","妻","2024000000","","2024年","00120","","離別","00450","","32歳","","3,333","176","375","358","303","245","230","182","184","146","107","86","941","-"
"10300","","再婚者数【人】","00110","","妻","2024000000","","2024年","00120","","離別","00460","","33歳","","3,156","172","349","349","284","240","238","159","149","119","91","84","922","-"
"10300","","再婚者数【人】","00110","","妻","2024000000","","2024年","00120","","離別","00470","","34歳","","2,911","191","305","293","251","218","203","130","113","93","99","102","913","-"
"10300","","再婚者数【人】","00110","","妻","2024000000","","2024年","00120","","離別","00480","","35歳","","2,682","128","319","288","232","193","162","151","100","101","83","76","849","-"
"10300","","再婚者数【人】","00110","","妻","2024000000","","2024年","00120","","離別","00490","","36歳","","2,449","149","292","227","188","157","137","120","98","93","77","81","830","-"
"10300","","再婚者数【人】","00110","","妻","2024000000","","2024年","00120","","離別","00500","","37歳","","2,293","156","264","194","190","147","141","98","79","84","67","80","793","-"
"10300","","再婚者数【人】","00110","","妻","2024000000","","2024年","00120","","離別","00510","","38歳","","2,101","154","249","169","177","117","111","108","76","87","78","80","695","-"
"10300","","再婚者数【人】","00110","","妻","2024000000","","2024年","00120","","離別","00520","","39歳","","1,919","163","197","136","129","101","109","67","74","69","69","83","722","-"
"10300","","再婚者数【人】","00110","","妻","2024000000","","2024年","00120","","離別","00530","","40歳","","1,811","131","179","145","95","91","105","88","64","89","94","71","659","-"
"10300","","再婚者数【人】","00110","","妻","2024000000","","2024年","00120","","離別","00540","","41歳","","1,637","134","167","111","108","82","89","93","81","67","84","66","555","-"
"10300","","再婚者数【人】","00110","","妻","2024000000","","2024年","00120","","離別","00550","","42歳","","1,531","125","144","116","108","73","84","71","98","70","83","72","487","-"
"10300","","再婚者数【人】","00110","","妻","2024000000","","2024年","00120","","離別","00560","","43歳","","1,394","105","137","100","89","80","79","77","96","64","84","62","421","-"
"10300","","再婚者数【人】","00110","","妻","2024000000","","2024年","00120","","離別","00570","","44歳","","1,262","103","132","88","87","64","88","88","62","54","65","64","367","-"
"10300","","再婚者数【人】","00110","","妻","2024000000","","2024年","00120","","離別","00580","","45歳","","1,201","129","91","93","83","90","65","69","68","77","47","45","344","-"
"10300","","再婚者数【人】","00110","","妻","2024000000","","2024年","00120","","離別","00590","","46歳","","1,149","118","121","82","80","81","89","68","49","49","49","44","319","-"
"10300","","再婚者数【人】","00110","","妻","2024000000","","2024年","00120","","離別","00600","","47歳","","1,077","89","121","86","100","86","62","67","55","50","37","35","289","-"
"10300","","再婚者数【人】","00110","","妻","2024000000","","2024年","00120","","離別","00610","","48歳","","935","85","110","94","79","61","73","47","56","44","32","33","221","-"
"10300","","再婚者数【人】","00110","","妻","2024000000","","2024年","00120","","離別","00620","","49歳","","826","100","119","69","74","55","56","36","37","39","30","37","174","-"
"10300","","再婚者数【人】","00110","","妻","2024000000","","2024年","00120","","離別","00630","","50歳","","763","91","97","71","70","48","58","54","42","27","30","27","148","-"
"10300","","再婚者数【人】","00110","","妻","2024000000","","2024年","00120","","離別","00640","","51歳","","730","86","111","86","57","51","48","31","24","23","38","14","161","-"
"10300","","再婚者数【人】","00110","","妻","2024000000","","2024年","00120","","離別","00650","","52歳","","620","101","100","61","45","29","37","35","27","21","23","15","126","-"
"10300","","再婚者数【人】","00110","","妻","2024000000","","2024年","00120","","離別","00660","","53歳","","545","106","106","49","33","35","30","27","19","15","18","15","92","-"
"10300","","再婚者数【人】","00110","","妻","2024000000","","2024年","00120","","離別","00670","","54歳","","438","76","84","45","22","20","36","27","17","11","13","8","79","-"
"10300","","再婚者数【人】","00110","","妻","2024000000","","2024年","00120","","離別","00690","","55歳","","378","64","66","44","24","27","24","13","15","16","11","12","62","-"
"10300","","再婚者数【人】","00110","","妻","2024000000","","2024年","00120","","離別","00700","","56歳","","297","50","53","26","32","20","24","10","10","10","5","8","49","-"
"10300","","再婚者数【人】","00110","","妻","2024000000","","2024年","00120","","離別","00710","","57歳","","280","65","50","23","21","16","14","16","11","3","5","4","52","-"
"10300","","再婚者数【人】","00110","","妻","2024000000","","2024年","00120","","離別","00720","","58歳","","252","58","48","29","11","9","15","11","17","6","3","5","40","-"
"10300","","再婚者数【人】","00110","","妻","2024000000","","2024年","00120","","離別","00730","","59歳","","227","47","48","22","15","12","7","12","9","4","5","-","46","-"
"10300","","再婚者数【人】","00110","","妻","2024000000","","2024年","00120","","離別","00740","","60歳","","178","46","32","12","18","7","9","6","6","4","4","3","31","-"
"10300","","再婚者数【人】","00110","","妻","2024000000","","2024年","00120","","離別","00750","","61歳","","152","36","23","21","8","6","10","5","4","7","4","2","26","-"
"10300","","再婚者数【人】","00110","","妻","2024000000","","2024年","00120","","離別","00760","","62歳","","126","22","24","13","11","6","11","5","8","2","2","5","17","-"
"10300","","再婚者数【人】","00110","","妻","2024000000","","2024年","00120","","離別","00770","","63歳","","101","28","14","11","5","6","3","7","3","1","-","4","19","-"
"10300","","再婚者数【人】","00110","","妻","2024000000","","2024年","00120","","離別","00780","","64歳","","104","31","18","8","7","7","6","2","5","3","2","-","15","-"
"10300","","再婚者数【人】","00110","","妻","2024000000","","2024年","00120","","離別","00790","","65歳","","98","19","13","10","10","10","9","2","3","2","1","3","16","-"
"10300","","再婚者数【人】","00110","","妻","2024000000","","2024年","00120","","離別","00800","","66歳","","90","19","12","12","5","6","8","2","1","7","6","3","9","-"
"10300","","再婚者数【人】","00110","","妻","2024000000","","2024年","00120","","離別","00810","","67歳","","61","18","8","3","2","3","3","5","2","6","3","1","7","-"
"10300","","再婚者数【人】","00110","","妻","2024000000","","2024年","00120","","離別","00820","","68歳","","66","16","23","3","3","4","1","2","3","4","1","1","5","-"
"10300","","再婚者数【人】","00110","","妻","2024000000","","2024年","00120","","離別","00830","","69歳","","67","13","11","10","2","4","2","5","2","3","2","3","10","-"
"10300","","再婚者数【人】","00110","","妻","2024000000","","2024年","00120","","離別","00840","","70歳","","48","8","7","1","7","2","2","1","2","4","1","4","9","-"
"10300","","再婚者数【人】","00110","","妻","2024000000","","2024年","00120","","離別","00850","","71歳","","53","16","14","6","6","-","2","2","1","-","1","1","4","-"
"10300","","再婚者数【人】","00110","","妻","2024000000","","2024年","00120","","離別","00860","","72歳","","47","9","14","5","2","6","3","2","-","1","2","-","3","-"
"10300","","再婚者数【人】","00110","","妻","2024000000","","2024年","00120","","離別","00870","","73歳","","38","13","11","4","2","1","1","2","-","1","-","1","2","-"
"10300","","再婚者数【人】","00110","","妻","2024000000","","2024年","00120","","離別","00880","","74歳","","33","9","13","5","2","-","2","1","-","-","-","-","1","-"
"10300","","再婚者数【人】","00110","","妻","2024000000","","2024年","00120","","離別","00890","","75歳","","34","9","11","4","3","2","1","1","2","-","-","-","1","-"
"10300","","再婚者数【人】","00110","","妻","2024000000","","2024年","00120","","離別","00900","","76歳","","33","9","8","4","4","2","1","1","2","-","2","-","-","-"
"10300","","再婚者数【人】","00110","","妻","2024000000","","2024年","00120","","離別","00910","","77歳","","25","7","6","2","2","3","3","-","1","-","1","-","-","-"
"10300","","再婚者数【人】","00110","","妻","2024000000","","2024年","00120","","離別","00920","","78歳","","20","8","4","2","2","3","-","-","-","-","1","-","-","-"
"10300","","再婚者数【人】","00110","","妻","2024000000","","2024年","00120","","離別","00930","","79歳","","8","1","3","2","-","-","-","1","-","-","1","-","-","-"
"10300","","再婚者数【人】","00110","","妻","2024000000","","2024年","00120","","離別","00940","","80歳以上","","71","32","16","8","6","4","2","-","2","1","-","-","-","-"
"10300","","再婚者数【人】","00110","","妻","2024000000","","2024年","00120","","離別","01380","","不詳","","19","-","-","-","-","-","-","-","-","-","-","-","-","19"
"10300","","再婚者数【人】","00110","","妻","2023000000","","2023年","00100","","総数","00100","","総数","","76,102","4,418","8,106","7,383","6,958","6,339","5,191","4,372","3,703","3,305","2,710","2,460","21,133","24"
"10300","","再婚者数【人】","00110","","妻","2023000000","","2023年","00100","","総数","00290","","16歳","","7","-","-","-","-","-","1","1","1","-","-","-","4","-"
"10300","","再婚者数【人】","00110","","妻","2023000000","","2023年","00100","","総数","00300","","17歳","","70","-","5","7","4","9","6","2","3","6","4","2","22","-"
"10300","","再婚者数【人】","00110","","妻","2023000000","","2023年","00100","","総数","00310","","18歳","","241","5","17","12","18","17","26","17","16","15","15","10","73","-"
"10300","","再婚者数【人】","00110","","妻","2023000000","","2023年","00100","","総数","00320","","19歳","","517","10","31","39","39","46","42","36","27","36","17","16","178","-"
"10300","","再婚者数【人】","00110","","妻","2023000000","","2023年","00100","","総数","00330","","20歳","","915","25","74","67","93","78","86","57","66","40","36","34","259","-"
"10300","","再婚者数【人】","00110","","妻","2023000000","","2023年","00100","","総数","00340","","21歳","","1,428","41","115","135","117","128","110","110","79","81","47","53","412","-"
"10300","","再婚者数【人】","00110","","妻","2023000000","","2023年","00100","","総数","00350","","22歳","","1,764","51","159","147","179","178","151","136","95","81","73","58","456","-"
"10300","","再婚者数【人】","00110","","妻","2023000000","","2023年","00100","","総数","00360","","23歳","","2,181","59","191","212","235","202","206","138","118","103","79","69","569","-"
"10300","","再婚者数【人】","00110","","妻","2023000000","","2023年","00100","","総数","00370","","24歳","","2,669","74","252","269","289","284","216","174","119","127","104","83","678","-"
"10300","","再婚者数【人】","00110","","妻","2023000000","","2023年","00100","","総数","00380","","25歳","","3,007","91","285","312","337","306","229","180","164","134","104","89","776","-"
"10300","","再婚者数【人】","00110","","妻","2023000000","","2023年","00100","","総数","00390","","26歳","","3,380","118","322","371","379","331","277","215","171","152","120","108","816","-"
"10300","","再婚者数【人】","00110","","妻","2023000000","","2023年","00100","","総数","00400","","27歳","","3,649","136","365","396","403","344","269","222","188","154","130","98","944","-"
"10300","","再婚者数【人】","00110","","妻","2023000000","","2023年","00100","","総数","00410","","28歳","","3,850","150","392","435","437","355","290","234","189","178","119","97","974","-"
"10300","","再婚者数【人】","00110","","妻","2023000000","","2023年","00100","","総数","00420","","29歳","","3,848","150","422","413","378","343","303","260","194","175","108","91","1,011","-"
"10300","","再婚者数【人】","00110","","妻","2023000000","","2023年","00100","","総数","00430","","30歳","","3,922","166","388","406","412","401","298","219","197","148","132","107","1,048","-"
"10300","","再婚者数【人】","00110","","妻","2023000000","","2023年","00100","","総数","00440","","31歳","","3,590","149","380","401","387","327","264","213","177","153","130","108","901","-"
"10300","","再婚者数【人】","00110","","妻","2023000000","","2023年","00100","","総数","00450","","32歳","","3,403","153","347","360","326","290","236","225","167","129","99","97","974","-"
"10300","","再婚者数【人】","00110","","妻","2023000000","","2023年","00100","","総数","00460","","33歳","","3,256","155","334","347","316","275","235","179","138","113","103","88","973","-"
"10300","","再婚者数【人】","00110","","妻","2023000000","","2023年","00100","","総数","00470","","34歳","","2,957","141","315","306","287","234","188","180","120","109","95","82","900","-"
"10300","","再婚者数【人】","00110","","妻","2023000000","","2023年","00100","","総数","00480","","35歳","","2,762","126","286","286","228","203","171","137","137","93","85","73","937","-"
"10300","","再婚者数【人】","00110","","妻","2023000000","","2023年","00100","","総数","00490","","36歳","","2,598","149","274","258","206","215","113","124","100","103","71","83","902","-"
"10300","","再婚者数【人】","00110","","妻","2023000000","","2023年","00100","","総数","00500","","37歳","","2,316","145","254","216","173","154","108","112","94","95","88","82","795","-"
"10300","","再婚者数【人】","00110","","妻","2023000000","","2023年","00100","","総数","00510","","38歳","","2,205","155","260","197","149","138","99","113","75","102","85","79","753","-"
"10300","","再婚者数【人】","00110","","妻","2023000000","","2023年","00100","","総数","00520","","39歳","","2,056","142","228","166","138","140","102","80","87","95","92","85","701","-"
"10300","","再婚者数【人】","00110","","妻","2023000000","","2023年","00100","","総数","00530","","40歳","","1,863","118","196","140","133","104","103","88","92","83","79","92","635","-"
"10300","","再婚者数【人】","00110","","妻","2023000000","","2023年","00100","","総数","00540","","41歳","","1,664","99","172","132","110","101","100","93","84","75","77","79","542","-"
"10300","","再婚者数【人】","00110","","妻","2023000000","","2023年","00100","","総数","00550","","42歳","","1,558","102","141","102","95","100","87","80","94","107","82","76","492","-"
"10300","","再婚者数【人】","00110","","妻","2023000000","","2023年","00100","","総数","00560","","43歳","","1,457","104","150","105","87","90","80","100","86","70","72","78","435","-"
"10300","","再婚者数【人】","00110","","妻","2023000000","","2023年","00100","","総数","00570","","44歳","","1,345","102","136","87","96","104","100","82","72","74","62","50","380","-"
"10300","","再婚者数【人】","00110","","妻","2023000000","","2023年","00100","","総数","00580","","45歳","","1,234","98","131","95","99","87","85","86","62","50","59","60","322","-"
"10300","","再婚者数【人】","00110","","妻","2023000000","","2023年","00100","","総数","00590","","46歳","","1,164","84","130","100","81","103","84","65","68","58","49","41","301","-"
"10300","","再婚者数【人】","00110","","妻","2023000000","","2023年","00100","","総数","00600","","47歳","","1,008","90","106","98","92","72","57","61","44","46","48","39","255","-"
"10300","","再婚者数【人】","00110","","妻","2023000000","","2023年","00100","","総数","00610","","48歳","","990","99","138","88","70","78","42","58","58","40","35","36","248","-"
"10300","","再婚者数【人】","00110","","妻","2023000000","","2023年","00100","","総数","00620","","49歳","","908","93","130","60","83","77","48","45","57","37","35","27","216","-"
"10300","","再婚者数【人】","00110","","妻","2023000000","","2023年","00100","","総数","00630","","50歳","","781","86","117","72","71","51","60","34","25","31","23","27","184","-"
"10300","","再婚者数【人】","00110","","妻","2023000000","","2023年","00100","","総数","00640","","51歳","","698","85","97","69","54","52","45","31","40","25","22","25","153","-"
"10300","","再婚者数【人】","00110","","妻","2023000000","","2023年","00100","","総数","00650","","52歳","","621","98","80","67","55","48","42","25","21","23","21","14","127","-"
"10300","","再婚者数【人】","00110","","妻","2023000000","","2023年","00100","","総数","00660","","53歳","","557","74","85","47","34","40","43","22","27","27","11","16","131","-"
"10300","","再婚者数【人】","00110","","妻","2023000000","","2023年","00100","","総数","00670","","54歳","","504","80","83","58","34","21","29","23","22","21","12","16","105","-"
"10300","","再婚者数【人】","00110","","妻","2023000000","","2023年","00100","","総数","00690","","55歳","","363","51","47","37","37","31","21","18","16","12","15","10","68","-"
"10300","","再婚者数【人】","00110","","妻","2023000000","","2023年","00100","","総数","00700","","56歳","","365","61","51","37","23","23","24","11","18","13","13","9","82","-"
"10300","","再婚者数【人】","00110","","妻","2023000000","","2023年","00100","","総数","00710","","57歳","","284","42","43","22","26","26","17","16","14","14","2","6","56","-"
"10300","","再婚者数【人】","00110","","妻","2023000000","","2023年","00100","","総数","00720","","58歳","","275","45","57","22","26","15","10","9","11","11","10","5","54","-"
"10300","","再婚者数【人】","00110","","妻","2023000000","","2023年","00100","","総数","00730","","59歳","","225","45","32","20","9","13","22","9","6","7","2","3","57","-"
"10300","","再婚者数【人】","00110","","妻","2023000000","","2023年","00100","","総数","00740","","60歳","","189","32","41","19","10","9","7","7","5","6","5","8","40","-"
"10300","","再婚者数【人】","00110","","妻","2023000000","","2023年","00100","","総数","00750","","61歳","","165","29","21","19","11","10","8","2","4","8","3","8","42","-"
"10300","","再婚者数【人】","00110","","妻","2023000000","","2023年","00100","","総数","00760","","62歳","","130","21","23","16","7","10","8","3","4","6","3","7","22","-"
"10300","","再婚者数【人】","00110","","妻","2023000000","","2023年","00100","","総数","00770","","63歳","","145","28","28","13","6","7","3","6","6","4","5","6","33","-"
"10300","","再婚者数【人】","00110","","妻","2023000000","","2023年","00100","","総数","00780","","64歳","","98","20","18","9","6","3","3","4","4","5","4","4","18","-"
"10300","","再婚者数【人】","00110","","妻","2023000000","","2023年","00100","","総数","00790","","65歳","","106","22","15","9","8","4","4","3","7","4","6","6","18","-"
"10300","","再婚者数【人】","00110","","妻","2023000000","","2023年","00100","","総数","00800","","66歳","","81","13","10","6","7","8","3","5","8","4","1","5","11","-"
"10300","","再婚者数【人】","00110","","妻","2023000000","","2023年","00100","","総数","00810","","67歳","","88","25","10","9","5","7","3","6","5","3","2","-","13","-"
"10300","","再婚者数【人】","00110","","妻","2023000000","","2023年","00100","","総数","00820","","68歳","","92","17","11","11","8","10","8","2","7","2","2","2","12","-"
"10300","","再婚者数【人】","00110","","妻","2023000000","","2023年","00100","","総数","00830","","69歳","","74","13","18","5","7","12","3","2","2","2","5","2","3","-"
"10300","","再婚者数【人】","00110","","妻","2023000000","","2023年","00100","","総数","00840","","70歳","","71","20","12","6","5","5","2","3","3","3","4","2","6","-"
"10300","","再婚者数【人】","00110","","妻","2023000000","","2023年","00100","","総数","00850","","71歳","","62","15","10","5","8","5","4","2","3","5","-","1","4","-"
"10300","","再婚者数【人】","00110","","妻","2023000000","","2023年","00100","","総数","00860","","72歳","","65","15","14","10","8","2","1","2","2","3","1","3","4","-"
"10300","","再婚者数【人】","00110","","妻","2023000000","","2023年","00100","","総数","00870","","73歳","","41","14","10","3","-","4","1","-","-","3","1","1","4","-"
"10300","","再婚者数【人】","00110","","妻","2023000000","","2023年","00100","","総数","00880","","74歳","","39","12","9","5","1","3","3","2","1","-","-","2","1","-"
"10300","","再婚者数【人】","00110","","妻","2023000000","","2023年","00100","","総数","00890","","75歳","","35","13","7","5","3","2","1","1","2","-","-","-","1","-"
"10300","","再婚者数【人】","00110","","妻","2023000000","","2023年","00100","","総数","00900","","76歳","","29","11","4","3","2","1","2","1","1","-","1","1","2","-"
"10300","","再婚者数【人】","00110","","妻","2023000000","","2023年","00100","","総数","00910","","77歳","","24","9","8","2","3","1","-","-","-","-","1","-","-","-"
"10300","","再婚者数【人】","00110","","妻","2023000000","","2023年","00100","","総数","00920","","78歳","","22","10","3","3","3","-","1","1","-","-","1","-","-","-"
"10300","","再婚者数【人】","00110","","妻","2023000000","","2023年","00100","","総数","00930","","79歳","","12","7","2","1","1","-","-","-","-","-","-","1","-","-"
"10300","","再婚者数【人】","00110","","妻","2023000000","","2023年","00100","","総数","00940","","80歳以上","","55","25","14","8","4","2","1","-","-","1","-","-","-","-"
"10300","","再婚者数【人】","00110","","妻","2023000000","","2023年","00100","","総数","01380","","不詳","","24","-","-","-","-","-","-","-","-","-","-","-","-","24"
"10300","","再婚者数【人】","00110","","妻","2023000000","","2023年","00110","","死別","00100","","総数","","1,793","19","103","107","113","108","102","83","99","85","81","58","830","5"
"10300","","再婚者数【人】","00110","","妻","2023000000","","2023年","00110","","死別","00290","","16歳","","-","-","-","-","-","-","-","-","-","-","-","-","-","-"
"10300","","再婚者数【人】","00110","","妻","2023000000","","2023年","00110","","死別","00300","","17歳","","1","-","-","-","-","-","-","-","-","-","-","-","1","-"
"10300","","再婚者数【人】","00110","","妻","2023000000","","2023年","00110","","死別","00310","","18歳","","1","-","-","-","-","-","-","-","-","-","-","-","1","-"
"10300","","再婚者数【人】","00110","","妻","2023000000","","2023年","00110","","死別","00320","","19歳","","7","-","-","-","-","2","1","-","-","-","-","-","4","-"
"10300","","再婚者数【人】","00110","","妻","2023000000","","2023年","00110","","死別","00330","","20歳","","6","-","-","-","1","-","-","-","-","-","-","-","5","-"
"10300","","再婚者数【人】","00110","","妻","2023000000","","2023年","00110","","死別","00340","","21歳","","14","-","1","-","-","1","1","-","-","-","-","-","11","-"
"10300","","再婚者数【人】","00110","","妻","2023000000","","2023年","00110","","死別","00350","","22歳","","7","-","-","-","1","1","1","-","-","-","-","-","4","-"
"10300","","再婚者数【人】","00110","","妻","2023000000","","2023年","00110","","死別","00360","","23歳","","27","-","1","2","-","1","2","-","2","2","3","-","14","-"
"10300","","再婚者数【人】","00110","","妻","2023000000","","2023年","00110","","死別","00370","","24歳","","21","-","1","-","-","-","3","2","1","2","2","1","9","-"
"10300","","再婚者数【人】","00110","","妻","2023000000","","2023年","00110","","死別","00380","","25歳","","36","-","2","1","3","1","1","1","3","-","1","-","23","-"
"10300","","再婚者数【人】","00110","","妻","2023000000","","2023年","00110","","死別","00390","","26歳","","42","-","1","2","1","4","1","4","4","2","1","5","17","-"
"10300","","再婚者数【人】","00110","","妻","2023000000","","2023年","00110","","死別","00400","","27歳","","41","-","2","-","4","5","2","5","4","-","1","1","17","-"
"10300","","再婚者数【人】","00110","","妻","2023000000","","2023年","00110","","死別","00410","","28歳","","44","-","2","6","6","2","3","-","1","3","3","-","18","-"
"10300","","再婚者数【人】","00110","","妻","2023000000","","2023年","00110","","死別","00420","","29歳","","49","1","2","2","4","1","3","4","3","3","1","-","25","-"
"10300","","再婚者数【人】","00110","","妻","2023000000","","2023年","00110","","死別","00430","","30歳","","44","1","4","-","2","2","1","3","3","1","3","1","23","-"
"10300","","再婚者数【人】","00110","","妻","2023000000","","2023年","00110","","死別","00440","","31歳","","53","-","4","2","3","3","2","4","7","3","-","1","24","-"
"10300","","再婚者数【人】","00110","","妻","2023000000","","2023年","00110","","死別","00450","","32歳","","53","1","1","1","4","6","3","2","5","2","2","2","24","-"
"10300","","再婚者数【人】","00110","","妻","2023000000","","2023年","00110","","死別","00460","","33歳","","66","-","2","4","4","3","6","5","2","2","2","-","36","-"
"10300","","再婚者数【人】","00110","","妻","2023000000","","2023年","00110","","死別","00470","","34歳","","60","-","3","6","4","7","5","3","2","1","-","-","29","-"
"10300","","再婚者数【人】","00110","","妻","2023000000","","2023年","00110","","死別","00480","","35歳","","45","1","3","3","2","3","5","2","1","1","3","1","20","-"
"10300","","再婚者数【人】","00110","","妻","2023000000","","2023年","00110","","死別","00490","","36歳","","52","2","1","7","2","-","1","4","-","3","-","3","29","-"
"10300","","再婚者数【人】","00110","","妻","2023000000","","2023年","00110","","死別","00500","","37歳","","44","-","3","2","2","3","2","2","1","1","3","4","21","-"
"10300","","再婚者数【人】","00110","","妻","2023000000","","2023年","00110","","死別","00510","","38歳","","55","-","2","3","2","4","2","3","1","4","1","1","32","-"
"10300","","再婚者数【人】","00110","","妻","2023000000","","2023年","00110","","死別","00520","","39歳","","62","-","2","-","4","5","5","-","2","5","6","3","30","-"
"10300","","再婚者数【人】","00110","","妻","2023000000","","2023年","00110","","死別","00530","","40歳","","44","-","-","2","6","-","2","2","1","2","3","1","25","-"
"10300","","再婚者数【人】","00110","","妻","2023000000","","2023年","00110","","死別","00540","","41歳","","39","-","2","1","1","3","1","2","3","3","1","1","21","-"
"10300","","再婚者数【人】","00110","","妻","2023000000","","2023年","00110","","死別","00550","","42歳","","37","1","1","2","2","-","-","3","1","5","2","-","20","-"
"10300","","再婚者数【人】","00110","","妻","2023000000","","2023年","00110","","死別","00560","","43歳","","45","-","7","2","3","1","4","1","1","1","1","2","22","-"
"10300","","再婚者数【人】","00110","","妻","2023000000","","2023年","00110","","死別","00570","","44歳","","58","-","3","7","2","7","4","2","3","2","3","2","23","-"
"10300","","再婚者数【人】","00110","","妻","2023000000","","2023年","00110","","死別","00580","","45歳","","40","-","1","5","2","3","2","-","3","2","2","2","18","-"
"10300","","再婚者数【人】","00110","","妻","2023000000","","2023年","00110","","死別","00590","","46歳","","39","-","1","3","3","3","4","1","3","1","1","1","18","-"
"10300","","再婚者数【人】","00110","","妻","2023000000","","2023年","00110","","死別","00600","","47歳","","53","-","3","5","3","2","3","1","3","1","2","1","29","-"
"10300","","再婚者数【人】","00110","","妻","2023000000","","2023年","00110","","死別","00610","","48歳","","41","2","3","1","-","1","-","5","3","4","2","-","20","-"
"10300","","再婚者数【人】","00110","","妻","2023000000","","2023年","00110","","死別","00620","","49歳","","42","1","2","3","3","2","2","1","5","3","3","2","15","-"
"10300","","再婚者数【人】","00110","","妻","2023000000","","2023年","00110","","死別","00630","","50歳","","34","1","6","2","3","1","4","-","-","1","2","1","13","-"
"10300","","再婚者数【人】","00110","","妻","2023000000","","2023年","00110","","死別","00640","","51歳","","32","-","2","1","1","-","1","1","-","-","3","1","22","-"
"10300","","再婚者数【人】","00110","","妻","2023000000","","2023年","00110","","死別","00650","","52歳","","36","-","2","3","3","2","3","-","3","3","1","1","15","-"
"10300","","再婚者数【人】","00110","","妻","2023000000","","2023年","00110","","死別","00660","","53歳","","42","-","3","3","2","3","1","5","-","1","-","1","23","-"
"10300","","再婚者数【人】","00110","","妻","2023000000","","2023年","00110","","死別","00670","","54歳","","38","-","2","2","3","1","-","1","3","2","3","4","17","-"
"10300","","再婚者数【人】","00110","","妻","2023000000","","2023年","00110","","死別","00690","","55歳","","24","1","2","1","2","-","2","2","3","1","2","2","6","-"
"10300","","再婚者数【人】","00110","","妻","2023000000","","2023年","00110","","死別","00700","","56歳","","28","-","2","2","1","-","3","1","-","1","4","2","12","-"
"10300","","再婚者数【人】","00110","","妻","2023000000","","2023年","00110","","死別","00710","","57歳","","28","1","1","2","2","4","-","-","5","1","-","1","11","-"
"10300","","再婚者数【人】","00110","","妻","2023000000","","2023年","00110","","死別","00720","","58歳","","23","-","1","3","1","1","1","-","3","2","1","-","10","-"
"10300","","再婚者数【人】","00110","","妻","2023000000","","2023年","00110","","死別","00730","","59歳","","23","1","1","1","1","4","3","-","1","1","1","1","8","-"
"10300","","再婚者数【人】","00110","","妻","2023000000","","2023年","00110","","死別","00740","","60歳","","15","-","2","-","1","1","1","1","1","-","2","1","5","-"
"10300","","再婚者数【人】","00110","","妻","2023000000","","2023年","00110","","死別","00750","","61歳","","23","-","2","2","1","-","1","-","2","1","-","1","13","-"
"10300","","再婚者数【人】","00110","","妻","2023000000","","2023年","00110","","死別","00760","","62歳","","16","-","1","-","2","1","2","-","-","2","-","1","7","-"
"10300","","再婚者数【人】","00110","","妻","2023000000","","2023年","00110","","死別","00770","","63歳","","18","-","1","1","2","-","-","-","3","1","1","1","8","-"
"10300","","再婚者数【人】","00110","","妻","2023000000","","2023年","00110","","死別","00780","","64歳","","9","-","1","1","-","1","-","-","1","1","-","1","3","-"
"10300","","再婚者数【人】","00110","","妻","2023000000","","2023年","00110","","死別","00790","","65歳","","17","1","1","-","2","1","-","1","-","1","2","2","6","-"
"10300","","再婚者数【人】","00110","","妻","2023000000","","2023年","00110","","死別","00800","","66歳","","12","-","1","1","-","1","1","1","2","1","-","-","4","-"
"10300","","再婚者数【人】","00110","","妻","2023000000","","2023年","00110","","死別","00810","","67歳","","18","-","2","2","2","1","1","2","1","1","-","-","6","-"
"10300","","再婚者数【人】","00110","","妻","2023000000","","2023年","00110","","死別","00820","","68歳","","5","-","-","-","-","3","-","-","1","-","-","-","1","-"
"10300","","再婚者数【人】","00110","","妻","2023000000","","2023年","00110","","死別","00830","","69歳","","13","-","-","-","1","4","2","1","-","-","3","-","2","-"
"10300","","再婚者数【人】","00110","","妻","2023000000","","2023年","00110","","死別","00840","","70歳","","14","1","1","1","2","1","-","1","-","3","3","-","1","-"
"10300","","再婚者数【人】","00110","","妻","2023000000","","2023年","00110","","死別","00850","","71歳","","5","-","-","-","1","-","-","-","1","1","-","-","2","-"
"10300","","再婚者数【人】","00110","","妻","2023000000","","2023年","00110","","死別","00860","","72歳","","16","1","3","1","3","1","1","1","1","1","-","1","2","-"
"10300","","再婚者数【人】","00110","","妻","2023000000","","2023年","00110","","死別","00870","","73歳","","4","-","1","-","-","-","-","-","-","-","-","-","3","-"
"10300","","再婚者数【人】","00110","","妻","2023000000","","2023年","00110","","死別","00880","","74歳","","6","-","1","1","-","1","1","1","-","-","-","1","-","-"
"10300","","再婚者数【人】","00110","","妻","2023000000","","2023年","00110","","死別","00890","","75歳","","4","-","2","1","-","-","-","-","-","-","-","-","1","-"
"10300","","再婚者数【人】","00110","","妻","2023000000","","2023年","00110","","死別","00900","","76歳","","6","1","-","2","-","-","-","1","-","-","1","-","1","-"
"10300","","再婚者数【人】","00110","","妻","2023000000","","2023年","00110","","死別","00910","","77歳","","1","-","1","-","-","-","-","-","-","-","-","-","-","-"
"10300","","再婚者数【人】","00110","","妻","2023000000","","2023年","00110","","死別","00920","","78歳","","4","-","-","1","1","-","1","1","-","-","-","-","-","-"
"10300","","再婚者数【人】","00110","","妻","2023000000","","2023年","00110","","死別","00930","","79歳","","2","1","-","1","-","-","-","-","-","-","-","-","-","-"
"10300","","再婚者数【人】","00110","","妻","2023000000","","2023年","00110","","死別","00940","","80歳以上","","4","-","1","-","2","-","1","-","-","-","-","-","-","-"
"10300","","再婚者数【人】","00110","","妻","2023000000","","2023年","00110","","死別","01380","","不詳","","5","-","-","-","-","-","-","-","-","-","-","-","-","5"
"10300","","再婚者数【人】","00110","","妻","2023000000","","2023年","00120","","離別","00100","","総数","","74,309","4,399","8,003","7,276","6,845","6,231","5,089","4,289","3,604","3,220","2,629","2,402","20,303","19"
"10300","","再婚者数【人】","00110","","妻","2023000000","","2023年","00120","","離別","00290","","16歳","","7","-","-","-","-","-","1","1","1","-","-","-","4","-"
"10300","","再婚者数【人】","00110","","妻","2023000000","","2023年","00120","","離別","00300","","17歳","","69","-","5","7","4","9","6","2","3","6","4","2","21","-"
"10300","","再婚者数【人】","00110","","妻","2023000000","","2023年","00120","","離別","00310","","18歳","","240","5","17","12","18","17","26","17","16","15","15","10","72","-"
"10300","","再婚者数【人】","00110","","妻","2023000000","","2023年","00120","","離別","00320","","19歳","","510","10","31","39","39","44","41","36","27","36","17","16","174","-"
"10300","","再婚者数【人】","00110","","妻","2023000000","","2023年","00120","","離別","00330","","20歳","","909","25","74","67","92","78","86","57","66","40","36","34","254","-"
"10300","","再婚者数【人】","00110","","妻","2023000000","","2023年","00120","","離別","00340","","21歳","","1,414","41","114","135","117","127","109","110","79","81","47","53","401","-"
"10300","","再婚者数【人】","00110","","妻","2023000000","","2023年","00120","","離別","00350","","22歳","","1,757","51","159","147","178","177","150","136","95","81","73","58","452","-"
"10300","","再婚者数【人】","00110","","妻","2023000000","","2023年","00120","","離別","00360","","23歳","","2,154","59","190","210","235","201","204","138","116","101","76","69","555","-"
"10300","","再婚者数【人】","00110","","妻","2023000000","","2023年","00120","","離別","00370","","24歳","","2,648","74","251","269","289","284","213","172","118","125","102","82","669","-"
"10300","","再婚者数【人】","00110","","妻","2023000000","","2023年","00120","","離別","00380","","25歳","","2,971","91","283","311","334","305","228","179","161","134","103","89","753","-"
"10300","","再婚者数【人】","00110","","妻","2023000000","","2023年","00120","","離別","00390","","26歳","","3,338","118","321","369","378","327","276","211","167","150","119","103","799","-"
"10300","","再婚者数【人】","00110","","妻","2023000000","","2023年","00120","","離別","00400","","27歳","","3,608","136","363","396","399","339","267","217","184","154","129","97","927","-"
"10300","","再婚者数【人】","00110","","妻","2023000000","","2023年","00120","","離別","00410","","28歳","","3,806","150","390","429","431","353","287","234","188","175","116","97","956","-"
"10300","","再婚者数【人】","00110","","妻","2023000000","","2023年","00120","","離別","00420","","29歳","","3,799","149","420","411","374","342","300","256","191","172","107","91","986","-"
"10300","","再婚者数【人】","00110","","妻","2023000000","","2023年","00120","","離別","00430","","30歳","","3,878","165","384","406","410","399","297","216","194","147","129","106","1,025","-"
"10300","","再婚者数【人】","00110","","妻","2023000000","","2023年","00120","","離別","00440","","31歳","","3,537","149","376","399","384","324","262","209","170","150","130","107","877","-"
"10300","","再婚者数【人】","00110","","妻","2023000000","","2023年","00120","","離別","00450","","32歳","","3,350","152","346","359","322","284","233","223","162","127","97","95","950","-"
"10300","","再婚者数【人】","00110","","妻","2023000000","","2023年","00120","","離別","00460","","33歳","","3,190","155","332","343","312","272","229","174","136","111","101","88","937","-"
"10300","","再婚者数【人】","00110","","妻","2023000000","","2023年","00120","","離別","00470","","34歳","","2,897","141","312","300","283","227","183","177","118","108","95","82","871","-"
"10300","","再婚者数【人】","00110","","妻","2023000000","","2023年","00120","","離別","00480","","35歳","","2,717","125","283","283","226","200","166","135","136","92","82","72","917","-"
"10300","","再婚者数【人】","00110","","妻","2023000000","","2023年","00120","","離別","00490","","36歳","","2,546","147","273","251","204","215","112","120","100","100","71","80","873","-"
"10300","","再婚者数【人】","00110","","妻","2023000000","","2023年","00120","","離別","00500","","37歳","","2,272","145","251","214","171","151","106","110","93","94","85","78","774","-"
"10300","","再婚者数【人】","00110","","妻","2023000000","","2023年","00120","","離別","00510","","38歳","","2,150","155","258","194","147","134","97","110","74","98","84","78","721","-"
"10300","","再婚者数【人】","00110","","妻","2023000000","","2023年","00120","","離別","00520","","39歳","","1,994","142","226","166","134","135","97","80","85","90","86","82","671","-"
"10300","","再婚者数【人】","00110","","妻","2023000000","","2023年","00120","","離別","00530","","40歳","","1,819","118","196","138","127","104","101","86","91","81","76","91","610","-"
"10300","","再婚者数【人】","00110","","妻","2023000000","","2023年","00120","","離別","00540","","41歳","","1,625","99","170","131","109","98","99","91","81","72","76","78","521","-"
"10300","","再婚者数【人】","00110","","妻","2023000000","","2023年","00120","","離別","00550","","42歳","","1,521","101","140","100","93","100","87","77","93","102","80","76","472","-"
"10300","","再婚者数【人】","00110","","妻","2023000000","","2023年","00120","","離別","00560","","43歳","","1,412","104","143","103","84","89","76","99","85","69","71","76","413","-"
"10300","","再婚者数【人】","00110","","妻","2023000000","","2023年","00120","","離別","00570","","44歳","","1,287","102","133","80","94","97","96","80","69","72","59","48","357","-"
"10300","","再婚者数【人】","00110","","妻","2023000000","","2023年","00120","","離別","00580","","45歳","","1,194","98","130","90","97","84","83","86","59","48","57","58","304","-"
"10300","","再婚者数【人】","00110","","妻","2023000000","","2023年","00120","","離別","00590","","46歳","","1,125","84","129","97","78","100","80","64","65","57","48","40","283","-"
"10300","","再婚者数【人】","00110","","妻","2023000000","","2023年","00120","","離別","00600","","47歳","","955","90","103","93","89","70","54","60","41","45","46","38","226","-"
"10300","","再婚者数【人】","00110","","妻","2023000000","","2023年","00120","","離別","00610","","48歳","","949","97","135","87","70","77","42","53","55","36","33","36","228","-"
"10300","","再婚者数【人】","00110","","妻","2023000000","","2023年","00120","","離別","00620","","49歳","","866","92","128","57","80","75","46","44","52","34","32","25","201","-"
"10300","","再婚者数【人】","00110","","妻","2023000000","","2023年","00120","","離別","00630","","50歳","","747","85","111","70","68","50","56","34","25","30","21","26","171","-"
"10300","","再婚者数【人】","00110","","妻","2023000000","","2023年","00120","","離別","00640","","51歳","","666","85","95","68","53","52","44","30","40","25","19","24","131","-"
"10300","","再婚者数【人】","00110","","妻","2023000000","","2023年","00120","","離別","00650","","52歳","","585","98","78","64","52","46","39","25","18","20","20","13","112","-"
"10300","","再婚者数【人】","00110","","妻","2023000000","","2023年","00120","","離別","00660","","53歳","","515","74","82","44","32","37","42","17","27","26","11","15","108","-"
"10300","","再婚者数【人】","00110","","妻","2023000000","","2023年","00120","","離別","00670","","54歳","","466","80","81","56","31","20","29","22","19","19","9","12","88","-"
"10300","","再婚者数【人】","00110","","妻","2023000000","","2023年","00120","","離別","00690","","55歳","","339","50","45","36","35","31","19","16","13","11","13","8","62","-"
"10300","","再婚者数【人】","00110","","妻","2023000000","","2023年","00120","","離別","00700","","56歳","","337","61","49","35","22","23","21","10","18","12","9","7","70","-"
"10300","","再婚者数【人】","00110","","妻","2023000000","","2023年","00120","","離別","00710","","57歳","","256","41","42","20","24","22","17","16","9","13","2","5","45","-"
"10300","","再婚者数【人】","00110","","妻","2023000000","","2023年","00120","","離別","00720","","58歳","","252","45","56","19","25","14","9","9","8","9","9","5","44","-"
"10300","","再婚者数【人】","00110","","妻","2023000000","","2023年","00120","","離別","00730","","59歳","","202","44","31","19","8","9","19","9","5","6","1","2","49","-"
"10300","","再婚者数【人】","00110","","妻","2023000000","","2023年","00120","","離別","00740","","60歳","","174","32","39","19","9","8","6","6","4","6","3","7","35","-"
"10300","","再婚者数【人】","00110","","妻","2023000000","","2023年","00120","","離別","00750","","61歳","","142","29","19","17","10","10","7","2","2","7","3","7","29","-"
"10300","","再婚者数【人】","00110","","妻","2023000000","","2023年","00120","","離別","00760","","62歳","","114","21","22","16","5","9","6","3","4","4","3","6","15","-"
"10300","","再婚者数【人】","00110","","妻","2023000000","","2023年","00120","","離別","00770","","63歳","","127","28","27","12","4","7","3","6","3","3","4","5","25","-"
"10300","","再婚者数【人】","00110","","妻","2023000000","","2023年","00120","","離別","00780","","64歳","","89","20","17","8","6","2","3","4","3","4","4","3","15","-"
"10300","","再婚者数【人】","00110","","妻","2023000000","","2023年","00120","","離別","00790","","65歳","","89","21","14","9","6","3","4","2","7","3","4","4","12","-"
"10300","","再婚者数【人】","00110","","妻","2023000000","","2023年","00120","","離別","00800","","66歳","","69","13","9","5","7","7","2","4","6","3","1","5","7","-"
"10300","","再婚者数【人】","00110","","妻","2023000000","","2023年","00120","","離別","00810","","67歳","","70","25","8","7","3","6","2","4","4","2","2","-","7","-"
"10300","","再婚者数【人】","00110","","妻","2023000000","","2023年","00120","","離別","00820","","68歳","","87","17","11","11","8","7","8","2","6","2","2","2","11","-"
"10300","","再婚者数【人】","00110","","妻","2023000000","","2023年","00120","","離別","00830","","69歳","","61","13","18","5","6","8","1","1","2","2","2","2","1","-"
"10300","","再婚者数【人】","00110","","妻","2023000000","","2023年","00120","","離別","00840","","70歳","","57","19","11","5","3","4","2","2","3","-","1","2","5","-"
"10300","","再婚者数【人】","00110","","妻","2023000000","","2023年","00120","","離別","00850","","71歳","","57","15","10","5","7","5","4","2","2","4","-","1","2","-"
"10300","","再婚者数【人】","00110","","妻","2023000000","","2023年","00120","","離別","00860","","72歳","","49","14","11","9","5","1","-","1","1","2","1","2","2","-"
"10300","","再婚者数【人】","00110","","妻","2023000000","","2023年","00120","","離別","00870","","73歳","","37","14","9","3","-","4","1","-","-","3","1","1","1","-"
"10300","","再婚者数【人】","00110","","妻","2023000000","","2023年","00120","","離別","00880","","74歳","","33","12","8","4","1","2","2","1","1","-","-","1","1","-"
"10300","","再婚者数【人】","00110","","妻","2023000000","","2023年","00120","","離別","00890","","75歳","","31","13","5","4","3","2","1","1","2","-","-","-","-","-"
"10300","","再婚者数【人】","00110","","妻","2023000000","","2023年","00120","","離別","00900","","76歳","","23","10","4","1","2","1","2","-","1","-","-","1","1","-"
"10300","","再婚者数【人】","00110","","妻","2023000000","","2023年","00120","","離別","00910","","77歳","","23","9","7","2","3","1","-","-","-","-","1","-","-","-"
"10300","","再婚者数【人】","00110","","妻","2023000000","","2023年","00120","","離別","00920","","78歳","","18","10","3","2","2","-","-","-","-","-","1","-","-","-"
"10300","","再婚者数【人】","00110","","妻","2023000000","","2023年","00120","","離別","00930","","79歳","","10","6","2","-","1","-","-","-","-","-","-","1","-","-"
"10300","","再婚者数【人】","00110","","妻","2023000000","","2023年","00120","","離別","00940","","80歳以上","","51","25","13","8","2","2","-","-","-","1","-","-","-","-"
"10300","","再婚者数【人】","00110","","妻","2023000000","","2023年","00120","","離別","01380","","不詳","","19","-","-","-","-","-","-","-","-","-","-","-","-","19"
"10300","","再婚者数【人】","00110","","妻","2022000000","","2022年","00100","","総数","00100","","総数","","80,648","4,285","8,332","8,749","8,050","6,600","5,530","4,723","3,975","3,359","2,867","2,560","21,603","15"
"10300","","再婚者数【人】","00110","","妻","2022000000","","2022年","00100","","総数","00290","","16歳","","9","-","-","-","1","2","2","-","-","-","-","1","3","-"
"10300","","再婚者数【人】","00110","","妻","2022000000","","2022年","00100","","総数","00300","","17歳","","60","2","3","4","6","3","5","5","1","6","4","1","20","-"
"10300","","再婚者数【人】","00110","","妻","2022000000","","2022年","00100","","総数","00310","","18歳","","214","4","4","15","17","19","25","22","13","15","8","4","68","-"
"10300","","再婚者数【人】","00110","","妻","2022000000","","2022年","00100","","総数","00320","","19歳","","541","11","46","44","43","41","41","41","38","32","21","32","151","-"
"10300","","再婚者数【人】","00110","","妻","2022000000","","2022年","00100","","総数","00330","","20歳","","1,020","28","68","90","94","95","101","69","57","56","34","36","292","-"
"10300","","再婚者数【人】","00110","","妻","2022000000","","2022年","00100","","総数","00340","","21歳","","1,488","32","106","137","133","138","143","90","103","82","65","45","414","-"
"10300","","再婚者数【人】","00110","","妻","2022000000","","2022年","00100","","総数","00350","","22歳","","2,064","51","166","216","254","195","154","129","100","116","69","66","548","-"
"10300","","再婚者数【人】","00110","","妻","2022000000","","2022年","00100","","総数","00360","","23歳","","2,382","68","179","228","281","237","221","164","111","120","80","74","619","-"
"10300","","再婚者数【人】","00110","","妻","2022000000","","2022年","00100","","総数","00370","","24歳","","2,774","85","229","303","292","263","195","162","149","127","98","87","784","-"
"10300","","再婚者数【人】","00110","","妻","2022000000","","2022年","00100","","総数","00380","","25歳","","3,276","96","284","363","384","299","290","203","169","155","113","97","823","-"
"10300","","再婚者数【人】","00110","","妻","2022000000","","2022年","00100","","総数","00390","","26歳","","3,655","106","341","424","407","345","269","243","202","148","149","119","902","-"
"10300","","再婚者数【人】","00110","","妻","2022000000","","2022年","00100","","総数","00400","","27歳","","3,923","131","360","501","467","355","272","254","226","167","141","125","924","-"
"10300","","再婚者数【人】","00110","","妻","2022000000","","2022年","00100","","総数","00410","","28歳","","4,206","148","426","526","474","391","308","254","218","165","146","122","1,028","-"
"10300","","再婚者数【人】","00110","","妻","2022000000","","2022年","00100","","総数","00420","","29歳","","4,243","139","425","498","464","421","305","286","198","173","147","127","1,060","-"
"10300","","再婚者数【人】","00110","","妻","2022000000","","2022年","00100","","総数","00430","","30歳","","4,118","155","398","490","462","411","280","250","196","161","138","107","1,070","-"
"10300","","再婚者数【人】","00110","","妻","2022000000","","2022年","00100","","総数","00440","","31歳","","3,990","131","361","481","436","391","316","229","201","155","138","110","1,041","-"
"10300","","再婚者数【人】","00110","","妻","2022000000","","2022年","00100","","総数","00450","","32歳","","3,628","131","363","436","398","290","241","215","166","132","127","96","1,033","-"
"10300","","再婚者数【人】","00110","","妻","2022000000","","2022年","00100","","総数","00460","","33歳","","3,415","140","308","416","378","300","252","194","159","122","113","94","939","-"
"10300","","再婚者数【人】","00110","","妻","2022000000","","2022年","00100","","総数","00470","","34歳","","3,137","150","329","363","309","244","216","165","129","121","79","83","949","-"
"10300","","再婚者数【人】","00110","","妻","2022000000","","2022年","00100","","総数","00480","","35歳","","3,034","148","340","336","280","223","201","154","129","108","87","79","949","-"
"10300","","再婚者数【人】","00110","","妻","2022000000","","2022年","00100","","総数","00490","","36歳","","2,729","128","309","292","241","209","153","152","122","101","88","97","837","-"
"10300","","再婚者数【人】","00110","","妻","2022000000","","2022年","00100","","総数","00500","","37歳","","2,601","136","274","289","222","179","154","143","111","94","108","86","805","-"
"10300","","再婚者数【人】","00110","","妻","2022000000","","2022年","00100","","総数","00510","","38歳","","2,253","144","237","229","171","142","121","110","119","113","81","81","705","-"
"10300","","再婚者数【人】","00110","","妻","2022000000","","2022年","00100","","総数","00520","","39歳","","2,019","126","243","180","166","138","99","108","80","73","84","84","638","-"
"10300","","再婚者数【人】","00110","","妻","2022000000","","2022年","00100","","総数","00530","","40歳","","1,966","117","221","186","162","104","95","98","95","77","74","81","656","-"
"10300","","再婚者数【人】","00110","","妻","2022000000","","2022年","00100","","総数","00540","","41歳","","1,731","112","186","168","114","99","85","84","94","85","87","81","536","-"
"10300","","再婚者数【人】","00110","","妻","2022000000","","2022年","00100","","総数","00550","","42歳","","1,623","132","161","134","113","97","103","112","80","85","85","58","463","-"
"10300","","再婚者数【人】","00110","","妻","2022000000","","2022年","00100","","総数","00560","","43歳","","1,523","106","139","130","116","111","97","95","100","62","61","57","449","-"
"10300","","再婚者数【人】","00110","","妻","2022000000","","2022年","00100","","総数","00570","","44歳","","1,359","85","159","116","127","101","90","83","72","49","59","56","362","-"
"10300","","再婚者数【人】","00110","","妻","2022000000","","2022年","00100","","総数","00580","","45歳","","1,315","96","141","132","107","95","116","62","68","55","51","46","346","-"
"10300","","再婚者数【人】","00110","","妻","2022000000","","2022年","00100","","総数","00590","","46歳","","1,148","86","137","102","118","73","70","62","67","63","48","33","289","-"
"10300","","再婚者数【人】","00110","","妻","2022000000","","2022年","00100","","総数","00600","","47歳","","1,038","81","114","102","104","70","62","62","50","50","44","40","259","-"
"10300","","再婚者数【人】","00110","","妻","2022000000","","2022年","00100","","総数","00610","","48歳","","982","100","144","89","86","74","51","60","38","38","41","32","229","-"
"10300","","再婚者数【人】","00110","","妻","2022000000","","2022年","00100","","総数","00620","","49歳","","888","91","126","74","76","63","58","44","42","30","35","38","211","-"
"10300","","再婚者数【人】","00110","","妻","2022000000","","2022年","00100","","総数","00630","","50歳","","806","115","125","73","68","47","50","36","37","30","22","32","171","-"
"10300","","再婚者数【人】","00110","","妻","2022000000","","2022年","00100","","総数","00640","","51歳","","735","115","97","73","79","47","36","40","26","31","24","20","147","-"
"10300","","再婚者数【人】","00110","","妻","2022000000","","2022年","00100","","総数","00650","","52歳","","632","78","94","66","56","45","35","39","33","26","16","19","125","-"
"10300","","再婚者数【人】","00110","","妻","2022000000","","2022年","00100","","総数","00660","","53歳","","556","68","99","65","37","37","27","32","31","12","13","16","119","-"
"10300","","再婚者数【人】","00110","","妻","2022000000","","2022年","00100","","総数","00670","","54歳","","464","66","79","40","42","36","22","27","28","19","12","10","83","-"
"10300","","再婚者数【人】","00110","","妻","2022000000","","2022年","00100","","総数","00690","","55歳","","371","49","54","49","31","20","16","20","14","7","7","12","92","-"
"10300","","再婚者数【人】","00110","","妻","2022000000","","2022年","00100","","総数","00700","","56歳","","342","44","55","25","39","23","17","17","11","13","11","14","73","-"
"10300","","再婚者数【人】","00110","","妻","2022000000","","2022年","00100","","総数","00710","","57歳","","287","40","42","31","28","14","21","13","9","7","9","7","66","-"
"10300","","再婚者数【人】","00110","","妻","2022000000","","2022年","00100","","総数","00720","","58歳","","251","41","42","32","19","11","11","14","11","6","7","4","53","-"
"10300","","再婚者数【人】","00110","","妻","2022000000","","2022年","00100","","総数","00730","","59歳","","230","46","45","21","17","6","13","5","9","10","4","8","46","-"
"10300","","再婚者数【人】","00110","","妻","2022000000","","2022年","00100","","総数","00740","","60歳","","190","29","28","21","14","12","10","3","9","7","3","4","50","-"
"10300","","再婚者数【人】","00110","","妻","2022000000","","2022年","00100","","総数","00750","","61歳","","164","28","25","15","14","6","9","7","4","2","3","9","42","-"
"10300","","再婚者数【人】","00110","","妻","2022000000","","2022年","00100","","総数","00760","","62歳","","158","26","29","19","11","5","7","7","6","8","4","7","29","-"
"10300","","再婚者数【人】","00110","","妻","2022000000","","2022年","00100","","総数","00770","","63歳","","112","20","12","10","12","11","3","11","5","4","4","4","16","-"
"10300","","再婚者数【人】","00110","","妻","2022000000","","2022年","00100","","総数","00780","","64歳","","108","21","21","8","9","4","3","7","10","-","7","1","17","-"
"10300","","再婚者数【人】","00110","","妻","2022000000","","2022年","00100","","総数","00790","","65歳","","108","16","16","12","8","7","8","4","8","8","7","4","10","-"
"10300","","再婚者数【人】","00110","","妻","2022000000","","2022年","00100","","総数","00800","","66歳","","115","10","19","13","5","11","11","7","8","9","3","1","18","-"
"10300","","再婚者数【人】","00110","","妻","2022000000","","2022年","00100","","総数","00810","","67歳","","109","24","19","9","7","6","11","5","3","7","2","1","15","-"
"10300","","再婚者数【人】","00110","","妻","2022000000","","2022年","00100","","総数","00820","","68歳","","71","16","6","17","7","5","6","7","-","-","-","1","6","-"
"10300","","再婚者数【人】","00110","","妻","2022000000","","2022年","00100","","総数","00830","","69歳","","62","13","10","7","5","5","5","4","1","5","-","3","4","-"
"10300","","再婚者数【人】","00110","","妻","2022000000","","2022年","00100","","総数","00840","","70歳","","58","14","11","7","5","4","3","3","1","2","1","3","4","-"
"10300","","再婚者数【人】","00110","","妻","2022000000","","2022年","00100","","総数","00850","","71歳","","64","18","8","5","8","5","4","-","4","3","2","2","5","-"
"10300","","再婚者数【人】","00110","","妻","2022000000","","2022年","00100","","総数","00860","","72歳","","53","10","13","8","3","4","3","2","-","4","-","2","4","-"
"10300","","再婚者数【人】","00110","","妻","2022000000","","2022年","00100","","総数","00870","","73歳","","39","12","11","5","3","1","-","1","1","1","2","-","2","-"
"10300","","再婚者数【人】","00110","","妻","2022000000","","2022年","00100","","総数","00880","","74歳","","40","19","6","5","5","2","1","-","1","1","-","-","-","-"
"10300","","再婚者数【人】","00110","","妻","2022000000","","2022年","00100","","総数","00890","","75歳","","33","5","13","2","6","1","2","3","1","-","-","-","-","-"
"10300","","再婚者数【人】","00110","","妻","2022000000","","2022年","00100","","総数","00900","","76歳","","21","6","5","5","-","2","1","-","-","-","-","1","1","-"
"10300","","再婚者数【人】","00110","","妻","2022000000","","2022年","00100","","総数","00910","","77歳","","23","5","6","2","4","-","2","1","1","1","1","-","-","-"
"10300","","再婚者数【人】","00110","","妻","2022000000","","2022年","00100","","総数","00920","","78歳","","20","5","7","2","-","3","-","2","-","-","-","-","1","-"
"10300","","再婚者数【人】","00110","","妻","2022000000","","2022年","00100","","総数","00930","","79歳","","18","8","3","2","1","1","2","1","-","-","-","-","-","-"
"10300","","再婚者数【人】","00110","","妻","2022000000","","2022年","00100","","総数","00940","","80歳以上","","41","22","5","6","4","1","-","1","-","-","-","-","2","-"
"10300","","再婚者数【人】","00110","","妻","2022000000","","2022年","00100","","総数","01380","","不詳","","15","-","-","-","-","-","-","-","-","-","-","-","-","15"
"10300","","再婚者数【人】","00110","","妻","2022000000","","2022年","00110","","死別","00100","","総数","","1,953","32","109","142","133","99","109","98","112","98","80","75","863","3"
"10300","","再婚者数【人】","00110","","妻","2022000000","","2022年","00110","","死別","00290","","16歳","","1","-","-","-","-","-","-","-","-","-","-","-","1","-"
"10300","","再婚者数【人】","00110","","妻","2022000000","","2022年","00110","","死別","00300","","17歳","","-","-","-","-","-","-","-","-","-","-","-","-","-","-"
"10300","","再婚者数【人】","00110","","妻","2022000000","","2022年","00110","","死別","00310","","18歳","","-","-","-","-","-","-","-","-","-","-","-","-","-","-"
"10300","","再婚者数【人】","00110","","妻","2022000000","","2022年","00110","","死別","00320","","19歳","","4","-","-","1","-","-","1","-","-","-","-","-","2","-"
"10300","","再婚者数【人】","00110","","妻","2022000000","","2022年","00110","","死別","00330","","20歳","","9","-","-","-","1","1","-","-","-","-","-","2","5","-"
"10300","","再婚者数【人】","00110","","妻","2022000000","","2022年","00110","","死別","00340","","21歳","","4","-","-","-","-","-","-","-","2","-","-","-","2","-"
"10300","","再婚者数【人】","00110","","妻","2022000000","","2022年","00110","","死別","00350","","22歳","","20","-","3","1","1","1","1","-","2","1","-","1","9","-"
"10300","","再婚者数【人】","00110","","妻","2022000000","","2022年","00110","","死別","00360","","23歳","","13","-","-","-","2","-","2","-","-","-","-","-","9","-"
"10300","","再婚者数【人】","00110","","妻","2022000000","","2022年","00110","","死別","00370","","24歳","","25","-","2","3","2","2","2","2","1","1","2","-","8","-"
"10300","","再婚者数【人】","00110","","妻","2022000000","","2022年","00110","","死別","00380","","25歳","","24","-","-","1","1","2","-","-","-","2","-","1","17","-"
"10300","","再婚者数【人】","00110","","妻","2022000000","","2022年","00110","","死別","00390","","26歳","","37","1","-","2","4","2","3","4","5","2","-","-","14","-"
"10300","","再婚者数【人】","00110","","妻","2022000000","","2022年","00110","","死別","00400","","27歳","","48","1","-","3","2","1","2","-","7","3","3","3","23","-"
"10300","","再婚者数【人】","00110","","妻","2022000000","","2022年","00110","","死別","00410","","28歳","","39","-","3","2","3","3","3","1","1","4","2","1","16","-"
"10300","","再婚者数【人】","00110","","妻","2022000000","","2022年","00110","","死別","00420","","29歳","","48","-","-","4","2","2","3","1","2","1","1","2","30","-"
"10300","","再婚者数【人】","00110","","妻","2022000000","","2022年","00110","","死別","00430","","30歳","","59","1","3","4","4","4","3","2","5","2","2","2","27","-"
"10300","","再婚者数【人】","00110","","妻","2022000000","","2022年","00110","","死別","00440","","31歳","","60","1","-","3","8","2","8","2","3","4","1","1","27","-"
"10300","","再婚者数【人】","00110","","妻","2022000000","","2022年","00110","","死別","00450","","32歳","","56","-","4","6","1","2","1","2","2","3","3","1","31","-"
"10300","","再婚者数【人】","00110","","妻","2022000000","","2022年","00110","","死別","00460","","33歳","","72","-","1","5","3","8","2","5","7","4","2","1","34","-"
"10300","","再婚者数【人】","00110","","妻","2022000000","","2022年","00110","","死別","00470","","34歳","","63","2","4","4","5","4","2","2","2","-","2","3","33","-"
"10300","","再婚者数【人】","00110","","妻","2022000000","","2022年","00110","","死別","00480","","35歳","","46","-","-","3","1","3","2","4","6","-","1","2","24","-"
"10300","","再婚者数【人】","00110","","妻","2022000000","","2022年","00110","","死別","00490","","36歳","","60","1","2","6","4","2","3","4","4","3","2","1","28","-"
"10300","","再婚者数【人】","00110","","妻","2022000000","","2022年","00110","","死別","00500","","37歳","","60","1","2","9","3","2","3","2","-","3","6","2","27","-"
"10300","","再婚者数【人】","00110","","妻","2022000000","","2022年","00110","","死別","00510","","38歳","","58","1","2","7","3","1","3","3","5","2","2","2","27","-"
"10300","","再婚者数【人】","00110","","妻","2022000000","","2022年","00110","","死別","00520","","39歳","","47","2","1","2","3","2","4","2","2","1","4","2","22","-"
"10300","","再婚者数【人】","00110","","妻","2022000000","","2022年","00110","","死別","00530","","40歳","","66","-","5","3","5","2","1","2","1","2","4","6","35","-"
"10300","","再婚者数【人】","00110","","妻","2022000000","","2022年","00110","","死別","00540","","41歳","","72","1","5","5","2","4","3","3","-","4","3","4","38","-"
"10300","","再婚者数【人】","00110","","妻","2022000000","","2022年","00110","","死別","00550","","42歳","","41","-","2","1","4","2","-","4","1","3","2","1","21","-"
"10300","","再婚者数【人】","00110","","妻","2022000000","","2022年","00110","","死別","00560","","43歳","","57","1","6","2","2","3","2","-","1","3","2","2","33","-"
"10300","","再婚者数【人】","00110","","妻","2022000000","","2022年","00110","","死別","00570","","44歳","","55","-","5","3","4","2","3","2","1","2","-","2","31","-"
"10300","","再婚者数【人】","00110","","妻","2022000000","","2022年","00110","","死別","00580","","45歳","","44","-","-","-","1","2","4","2","5","4","1","3","22","-"
"10300","","再婚者数【人】","00110","","妻","2022000000","","2022年","00110","","死別","00590","","46歳","","52","2","3","6","5","4","2","4","2","3","3","1","17","-"
"10300","","再婚者数【人】","00110","","妻","2022000000","","2022年","00110","","死別","00600","","47歳","","47","-","4","1","5","4","-","1","1","3","4","1","23","-"
"10300","","再婚者数【人】","00110","","妻","2022000000","","2022年","00110","","死別","00610","","48歳","","48","1","3","5","4","3","3","2","5","1","2","3","16","-"
"10300","","再婚者数【人】","00110","","妻","2022000000","","2022年","00110","","死別","00620","","49歳","","53","1","3","4","4","2","2","1","3","2","2","4","25","-"
"10300","","再婚者数【人】","00110","","妻","2022000000","","2022年","00110","","死別","00630","","50歳","","39","-","2","2","1","1","1","3","2","5","2","1","19","-"
"10300","","再婚者数【人】","00110","","妻","2022000000","","2022年","00110","","死別","00640","","51歳","","39","1","3","2","2","-","1","2","2","1","4","1","20","-"
"10300","","再婚者数【人】","00110","","妻","2022000000","","2022年","00110","","死別","00650","","52歳","","33","-","5","3","2","3","2","2","-","2","-","-","14","-"
"10300","","再婚者数【人】","00110","","妻","2022000000","","2022年","00110","","死別","00660","","53歳","","40","-","4","4","1","1","1","1","5","3","1","-","19","-"
"10300","","再婚者数【人】","00110","","妻","2022000000","","2022年","00110","","死別","00670","","54歳","","31","-","1","1","3","2","2","3","-","2","1","-","16","-"
"10300","","再婚者数【人】","00110","","妻","2022000000","","2022年","00110","","死別","00690","","55歳","","38","1","3","2","5","3","1","1","2","1","2","2","15","-"
"10300","","再婚者数【人】","00110","","妻","2022000000","","2022年","00110","","死別","00700","","56歳","","27","-","2","3","3","1","1","1","1","1","1","2","11","-"
"10300","","再婚者数【人】","00110","","妻","2022000000","","2022年","00110","","死別","00710","","57歳","","23","-","2","2","2","2","1","2","3","2","1","1","5","-"
"10300","","再婚者数【人】","00110","","妻","2022000000","","2022年","00110","","死別","00720","","58歳","","25","-","1","3","4","1","-","2","1","3","3","-","7","-"
"10300","","再婚者数【人】","00110","","妻","2022000000","","2022年","00110","","死別","00730","","59歳","","23","2","3","1","-","-","3","-","5","1","-","1","7","-"
"10300","","再婚者数【人】","00110","","妻","2022000000","","2022年","00110","","死別","00740","","60歳","","18","1","3","-","2","-","2","-","1","1","-","-","8","-"
"10300","","再婚者数【人】","00110","","妻","2022000000","","2022年","00110","","死別","00750","","61歳","","30","-","2","1","3","-","6","1","1","1","2","3","10","-"
"10300","","再婚者数【人】","00110","","妻","2022000000","","2022年","00110","","死別","00760","","62歳","","24","-","1","2","2","1","4","1","2","2","1","2","6","-"
"10300","","再婚者数【人】","00110","","妻","2022000000","","2022年","00110","","死別","00770","","63歳","","14","-","-","1","-","1","1","5","-","2","-","1","3","-"
"10300","","再婚者数【人】","00110","","妻","2022000000","","2022年","00110","","死別","00780","","64歳","","17","-","2","1","1","-","1","3","2","-","-","-","7","-"
"10300","","再婚者数【人】","00110","","妻","2022000000","","2022年","00110","","死別","00790","","65歳","","13","-","1","3","-","1","-","-","3","-","2","1","2","-"
"10300","","再婚者数【人】","00110","","妻","2022000000","","2022年","00110","","死別","00800","","66歳","","13","-","-","-","-","-","1","4","3","2","1","-","2","-"
"10300","","再婚者数【人】","00110","","妻","2022000000","","2022年","00110","","死別","00810","","67歳","","16","3","1","-","-","3","3","2","1","1","-","-","2","-"
"10300","","再婚者数【人】","00110","","妻","2022000000","","2022年","00110","","死別","00820","","68歳","","10","1","-","3","-","-","3","2","-","-","-","1","-","-"
"10300","","再婚者数【人】","00110","","妻","2022000000","","2022年","00110","","死別","00830","","69歳","","11","-","2","-","1","-","2","1","-","2","-","-","3","-"
"10300","","再婚者数【人】","00110","","妻","2022000000","","2022年","00110","","死別","00840","","70歳","","14","1","2","3","1","1","1","-","-","-","-","2","3","-"
"10300","","再婚者数【人】","00110","","妻","2022000000","","2022年","00110","","死別","00850","","71歳","","15","1","-","-","4","1","1","-","2","2","2","1","1","-"
"10300","","再婚者数【人】","00110","","妻","2022000000","","2022年","00110","","死別","00860","","72歳","","13","-","2","3","1","1","1","1","-","1","-","1","2","-"
"10300","","再婚者数【人】","00110","","妻","2022000000","","2022年","00110","","死別","00870","","73歳","","5","-","1","1","-","-","-","1","-","-","1","-","1","-"
"10300","","再婚者数【人】","00110","","妻","2022000000","","2022年","00110","","死別","00880","","74歳","","7","2","-","2","-","2","1","-","-","-","-","-","-","-"
"10300","","再婚者数【人】","00110","","妻","2022000000","","2022年","00110","","死別","00890","","75歳","","7","-","1","1","3","1","-","1","-","-","-","-","-","-"
"10300","","再婚者数【人】","00110","","妻","2022000000","","2022年","00110","","死別","00900","","76歳","","6","-","1","1","-","1","1","-","-","-","-","1","1","-"
"10300","","再婚者数【人】","00110","","妻","2022000000","","2022年","00110","","死別","00910","","77歳","","3","1","-","-","2","-","-","-","-","-","-","-","-","-"
"10300","","再婚者数【人】","00110","","妻","2022000000","","2022年","00110","","死別","00920","","78歳","","1","-","1","-","-","-","-","-","-","-","-","-","-","-"
"10300","","再婚者数【人】","00110","","妻","2022000000","","2022年","00110","","死別","00930","","79歳","","2","1","-","-","-","-","-","1","-","-","-","-","-","-"
"10300","","再婚者数【人】","00110","","妻","2022000000","","2022年","00110","","死別","00940","","80歳以上","","5","-","-","1","1","-","-","1","-","-","-","-","2","-"
"10300","","再婚者数【人】","00110","","妻","2022000000","","2022年","00110","","死別","01380","","不詳","","3","-","-","-","-","-","-","-","-","-","-","-","-","3"
"10300","","再婚者数【人】","00110","","妻","2022000000","","2022年","00120","","離別","00100","","総数","","78,695","4,253","8,223","8,607","7,917","6,501","5,421","4,625","3,863","3,261","2,787","2,485","20,740","12"
"10300","","再婚者数【人】","00110","","妻","2022000000","","2022年","00120","","離別","00290","","16歳","","8","-","-","-","1","2","2","-","-","-","-","1","2","-"
"10300","","再婚者数【人】","00110","","妻","2022000000","","2022年","00120","","離別","00300","","17歳","","60","2","3","4","6","3","5","5","1","6","4","1","20","-"
"10300","","再婚者数【人】","00110","","妻","2022000000","","2022年","00120","","離別","00310","","18歳","","214","4","4","15","17","19","25","22","13","15","8","4","68","-"
"10300","","再婚者数【人】","00110","","妻","2022000000","","2022年","00120","","離別","00320","","19歳","","537","11","46","43","43","41","40","41","38","32","21","32","149","-"
"10300","","再婚者数【人】","00110","","妻","2022000000","","2022年","00120","","離別","00330","","20歳","","1,011","28","68","90","93","94","101","69","57","56","34","34","287","-"
"10300","","再婚者数【人】","00110","","妻","2022000000","","2022年","00120","","離別","00340","","21歳","","1,484","32","106","137","133","138","143","90","101","82","65","45","412","-"
"10300","","再婚者数【人】","00110","","妻","2022000000","","2022年","00120","","離別","00350","","22歳","","2,044","51","163","215","253","194","153","129","98","115","69","65","539","-"
"10300","","再婚者数【人】","00110","","妻","2022000000","","2022年","00120","","離別","00360","","23歳","","2,369","68","179","228","279","237","219","164","111","120","80","74","610","-"
"10300","","再婚者数【人】","00110","","妻","2022000000","","2022年","00120","","離別","00370","","24歳","","2,749","85","227","300","290","261","193","160","148","126","96","87","776","-"
"10300","","再婚者数【人】","00110","","妻","2022000000","","2022年","00120","","離別","00380","","25歳","","3,252","96","284","362","383","297","290","203","169","153","113","96","806","-"
"10300","","再婚者数【人】","00110","","妻","2022000000","","2022年","00120","","離別","00390","","26歳","","3,618","105","341","422","403","343","266","239","197","146","149","119","888","-"
"10300","","再婚者数【人】","00110","","妻","2022000000","","2022年","00120","","離別","00400","","27歳","","3,875","130","360","498","465","354","270","254","219","164","138","122","901","-"
"10300","","再婚者数【人】","00110","","妻","2022000000","","2022年","00120","","離別","00410","","28歳","","4,167","148","423","524","471","388","305","253","217","161","144","121","1,012","-"
"10300","","再婚者数【人】","00110","","妻","2022000000","","2022年","00120","","離別","00420","","29歳","","4,195","139","425","494","462","419","302","285","196","172","146","125","1,030","-"
"10300","","再婚者数【人】","00110","","妻","2022000000","","2022年","00120","","離別","00430","","30歳","","4,059","154","395","486","458","407","277","248","191","159","136","105","1,043","-"
"10300","","再婚者数【人】","00110","","妻","2022000000","","2022年","00120","","離別","00440","","31歳","","3,930","130","361","478","428","389","308","227","198","151","137","109","1,014","-"
"10300","","再婚者数【人】","00110","","妻","2022000000","","2022年","00120","","離別","00450","","32歳","","3,572","131","359","430","397","288","240","213","164","129","124","95","1,002","-"
"10300","","再婚者数【人】","00110","","妻","2022000000","","2022年","00120","","離別","00460","","33歳","","3,343","140","307","411","375","292","250","189","152","118","111","93","905","-"
"10300","","再婚者数【人】","00110","","妻","2022000000","","2022年","00120","","離別","00470","","34歳","","3,074","148","325","359","304","240","214","163","127","121","77","80","916","-"
"10300","","再婚者数【人】","00110","","妻","2022000000","","2022年","00120","","離別","00480","","35歳","","2,988","148","340","333","279","220","199","150","123","108","86","77","925","-"
"10300","","再婚者数【人】","00110","","妻","2022000000","","2022年","00120","","離別","00490","","36歳","","2,669","127","307","286","237","207","150","148","118","98","86","96","809","-"
"10300","","再婚者数【人】","00110","","妻","2022000000","","2022年","00120","","離別","00500","","37歳","","2,541","135","272","280","219","177","151","141","111","91","102","84","778","-"
"10300","","再婚者数【人】","00110","","妻","2022000000","","2022年","00120","","離別","00510","","38歳","","2,195","143","235","222","168","141","118","107","114","111","79","79","678","-"
"10300","","再婚者数【人】","00110","","妻","2022000000","","2022年","00120","","離別","00520","","39歳","","1,972","124","242","178","163","136","95","106","78","72","80","82","616","-"
"10300","","再婚者数【人】","00110","","妻","2022000000","","2022年","00120","","離別","00530","","40歳","","1,900","117","216","183","157","102","94","96","94","75","70","75","621","-"
"10300","","再婚者数【人】","00110","","妻","2022000000","","2022年","00120","","離別","00540","","41歳","","1,659","111","181","163","112","95","82","81","94","81","84","77","498","-"
"10300","","再婚者数【人】","00110","","妻","2022000000","","2022年","00120","","離別","00550","","42歳","","1,582","132","159","133","109","95","103","108","79","82","83","57","442","-"
"10300","","再婚者数【人】","00110","","妻","2022000000","","2022年","00120","","離別","00560","","43歳","","1,466","105","133","128","114","108","95","95","99","59","59","55","416","-"
"10300","","再婚者数【人】","00110","","妻","2022000000","","2022年","00120","","離別","00570","","44歳","","1,304","85","154","113","123","99","87","81","71","47","59","54","331","-"
"10300","","再婚者数【人】","00110","","妻","2022000000","","2022年","00120","","離別","00580","","45歳","","1,271","96","141","132","106","93","112","60","63","51","50","43","324","-"
"10300","","再婚者数【人】","00110","","妻","2022000000","","2022年","00120","","離別","00590","","46歳","","1,096","84","134","96","113","69","68","58","65","60","45","32","272","-"
"10300","","再婚者数【人】","00110","","妻","2022000000","","2022年","00120","","離別","00600","","47歳","","991","81","110","101","99","66","62","61","49","47","40","39","236","-"
"10300","","再婚者数【人】","00110","","妻","2022000000","","2022年","00120","","離別","00610","","48歳","","934","99","141","84","82","71","48","58","33","37","39","29","213","-"
"10300","","再婚者数【人】","00110","","妻","2022000000","","2022年","00120","","離別","00620","","49歳","","835","90","123","70","72","61","56","43","39","28","33","34","186","-"
"10300","","再婚者数【人】","00110","","妻","2022000000","","2022年","00120","","離別","00630","","50歳","","767","115","123","71","67","46","49","33","35","25","20","31","152","-"
"10300","","再婚者数【人】","00110","","妻","2022000000","","2022年","00120","","離別","00640","","51歳","","696","114","94","71","77","47","35","38","24","30","20","19","127","-"
"10300","","再婚者数【人】","00110","","妻","2022000000","","2022年","00120","","離別","00650","","52歳","","599","78","89","63","54","42","33","37","33","24","16","19","111","-"
"10300","","再婚者数【人】","00110","","妻","2022000000","","2022年","00120","","離別","00660","","53歳","","516","68","95","61","36","36","26","31","26","9","12","16","100","-"
"10300","","再婚者数【人】","00110","","妻","2022000000","","2022年","00120","","離別","00670","","54歳","","433","66","78","39","39","34","20","24","28","17","11","10","67","-"
"10300","","再婚者数【人】","00110","","妻","2022000000","","2022年","00120","","離別","00690","","55歳","","333","48","51","47","26","17","15","19","12","6","5","10","77","-"
"10300","","再婚者数【人】","00110","","妻","2022000000","","2022年","00120","","離別","00700","","56歳","","315","44","53","22","36","22","16","16","10","12","10","12","62","-"
"10300","","再婚者数【人】","00110","","妻","2022000000","","2022年","00120","","離別","00710","","57歳","","264","40","40","29","26","12","20","11","6","5","8","6","61","-"
"10300","","再婚者数【人】","00110","","妻","2022000000","","2022年","00120","","離別","00720","","58歳","","226","41","41","29","15","10","11","12","10","3","4","4","46","-"
"10300","","再婚者数【人】","00110","","妻","2022000000","","2022年","00120","","離別","00730","","59歳","","207","44","42","20","17","6","10","5","4","9","4","7","39","-"
"10300","","再婚者数【人】","00110","","妻","2022000000","","2022年","00120","","離別","00740","","60歳","","172","28","25","21","12","12","8","3","8","6","3","4","42","-"
"10300","","再婚者数【人】","00110","","妻","2022000000","","2022年","00120","","離別","00750","","61歳","","134","28","23","14","11","6","3","6","3","1","1","6","32","-"
"10300","","再婚者数【人】","00110","","妻","2022000000","","2022年","00120","","離別","00760","","62歳","","134","26","28","17","9","4","3","6","4","6","3","5","23","-"
"10300","","再婚者数【人】","00110","","妻","2022000000","","2022年","00120","","離別","00770","","63歳","","98","20","12","9","12","10","2","6","5","2","4","3","13","-"
"10300","","再婚者数【人】","00110","","妻","2022000000","","2022年","00120","","離別","00780","","64歳","","91","21","19","7","8","4","2","4","8","-","7","1","10","-"
"10300","","再婚者数【人】","00110","","妻","2022000000","","2022年","00120","","離別","00790","","65歳","","95","16","15","9","8","6","8","4","5","8","5","3","8","-"
"10300","","再婚者数【人】","00110","","妻","2022000000","","2022年","00120","","離別","00800","","66歳","","102","10","19","13","5","11","10","3","5","7","2","1","16","-"
"10300","","再婚者数【人】","00110","","妻","2022000000","","2022年","00120","","離別","00810","","67歳","","93","21","18","9","7","3","8","3","2","6","2","1","13","-"
"10300","","再婚者数【人】","00110","","妻","2022000000","","2022年","00120","","離別","00820","","68歳","","61","15","6","14","7","5","3","5","-","-","-","-","6","-"
"10300","","再婚者数【人】","00110","","妻","2022000000","","2022年","00120","","離別","00830","","69歳","","51","13","8","7","4","5","3","3","1","3","-","3","1","-"
"10300","","再婚者数【人】","00110","","妻","2022000000","","2022年","00120","","離別","00840","","70歳","","44","13","9","4","4","3","2","3","1","2","1","1","1","-"
"10300","","再婚者数【人】","00110","","妻","2022000000","","2022年","00120","","離別","00850","","71歳","","49","17","8","5","4","4","3","-","2","1","-","1","4","-"
"10300","","再婚者数【人】","00110","","妻","2022000000","","2022年","00120","","離別","00860","","72歳","","40","10","11","5","2","3","2","1","-","3","-","1","2","-"
"10300","","再婚者数【人】","00110","","妻","2022000000","","2022年","00120","","離別","00870","","73歳","","34","12","10","4","3","1","-","-","1","1","1","-","1","-"
"10300","","再婚者数【人】","00110","","妻","2022000000","","2022年","00120","","離別","00880","","74歳","","33","17","6","3","5","-","-","-","1","1","-","-","-","-"
"10300","","再婚者数【人】","00110","","妻","2022000000","","2022年","00120","","離別","00890","","75歳","","26","5","12","1","3","-","2","2","1","-","-","-","-","-"
"10300","","再婚者数【人】","00110","","妻","2022000000","","2022年","00120","","離別","00900","","76歳","","15","6","4","4","-","1","-","-","-","-","-","-","-","-"
"10300","","再婚者数【人】","00110","","妻","2022000000","","2022年","00120","","離別","00910","","77歳","","20","4","6","2","2","-","2","1","1","1","1","-","-","-"
"10300","","再婚者数【人】","00110","","妻","2022000000","","2022年","00120","","離別","00920","","78歳","","19","5","6","2","-","3","-","2","-","-","-","-","1","-"
"10300","","再婚者数【人】","00110","","妻","2022000000","","2022年","00120","","離別","00930","","79歳","","16","7","3","2","1","1","2","-","-","-","-","-","-","-"
"10300","","再婚者数【人】","00110","","妻","2022000000","","2022年","00120","","離別","00940","","80歳以上","","36","22","5","5","3","1","-","-","-","-","-","-","-","-"
"10300","","再婚者数【人】","00110","","妻","2022000000","","2022年","00120","","離別","01380","","不詳","","12","-","-","-","-","-","-","-","-","-","-","-","-","12"
"10300","","再婚者数【人】","00110","","妻","2021000000","","2021年","00100","","総数","00100","","総数","","83,355","4,491","9,298","9,452","8,127","6,874","5,741","4,943","4,026","3,451","2,853","2,489","21,595","15"
"10300","","再婚者数【人】","00110","","妻","2021000000","","2021年","00100","","総数","00290","","16歳","","15","-","-","-","3","-","-","1","2","1","1","2","5","-"
"10300","","再婚者数【人】","00110","","妻","2021000000","","2021年","00100","","総数","00300","","17歳","","67","1","6","6","7","4","4","7","3","5","5","4","15","-"
"10300","","再婚者数【人】","00110","","妻","2021000000","","2021年","00100","","総数","00310","","18歳","","266","9","18","20","29","20","18","18","14","9","18","10","83","-"
"10300","","再婚者数【人】","00110","","妻","2021000000","","2021年","00100","","総数","00320","","19歳","","612","11","45","63","57","50","59","36","35","28","29","20","179","-"
"10300","","再婚者数【人】","00110","","妻","2021000000","","2021年","00100","","総数","00330","","20歳","","1,099","22","89","102","121","98","110","93","66","47","44","29","278","-"
"10300","","再婚者数【人】","00110","","妻","2021000000","","2021年","00100","","総数","00340","","21歳","","1,603","37","135","154","162","151","157","122","90","63","65","54","413","-"
"10300","","再婚者数【人】","00110","","妻","2021000000","","2021年","00100","","総数","00350","","22歳","","2,223","72","200","228","262","218","158","152","129","97","105","60","542","-"
"10300","","再婚者数【人】","00110","","妻","2021000000","","2021年","00100","","総数","00360","","23歳","","2,620","70","223","296","282","264","216","165","156","107","83","84","674","-"
"10300","","再婚者数【人】","00110","","妻","2021000000","","2021年","00100","","総数","00370","","24歳","","2,926","80","280","334","331","258","207","203","160","125","107","81","760","-"
"10300","","再婚者数【人】","00110","","妻","2021000000","","2021年","00100","","総数","00380","","25歳","","3,412","113","325","409","395","308","260","207","184","161","117","99","834","-"
"10300","","再婚者数【人】","00110","","妻","2021000000","","2021年","00100","","総数","00390","","26歳","","3,766","120","368","486","411","343","285","242","180","172","132","124","903","-"
"10300","","再婚者数【人】","00110","","妻","2021000000","","2021年","00100","","総数","00400","","27歳","","3,958","139","416","532","428","350","281","288","202","165","121","124","912","-"
"10300","","再婚者数【人】","00110","","妻","2021000000","","2021年","00100","","総数","00410","","28歳","","4,423","166","467","561","460","373","343","294","242","170","155","118","1,074","-"
"10300","","再婚者数【人】","00110","","妻","2021000000","","2021年","00100","","総数","00420","","29歳","","4,234","138","426","516","491","380","345","284","230","185","137","114","988","-"
"10300","","再婚者数【人】","00110","","妻","2021000000","","2021年","00100","","総数","00430","","30歳","","4,251","157","438","561","454","387","324","275","196","181","132","117","1,029","-"
"10300","","再婚者数【人】","00110","","妻","2021000000","","2021年","00100","","総数","00440","","31歳","","3,994","149","430","480","451","347","302","248","175","144","134","113","1,021","-"
"10300","","再婚者数【人】","00110","","妻","2021000000","","2021年","00100","","総数","00450","","32歳","","3,814","128","396","490","396","340","268","211","211","155","119","99","1,001","-"
"10300","","再婚者数【人】","00110","","妻","2021000000","","2021年","00100","","総数","00460","","33歳","","3,643","143","390","471","347","303","269","215","159","136","94","101","1,015","-"
"10300","","再婚者数【人】","00110","","妻","2021000000","","2021年","00100","","総数","00470","","34歳","","3,286","182","361","361","339","273","211","174","144","116","94","91","940","-"
"10300","","再婚者数【人】","00110","","妻","2021000000","","2021年","00100","","総数","00480","","35歳","","3,128","131","389","389","283","249","199","154","124","106","103","76","925","-"
"10300","","再婚者数【人】","00110","","妻","2021000000","","2021年","00100","","総数","00490","","36歳","","2,753","144","331","336","263","196","156","148","120","84","97","92","786","-"
"10300","","再婚者数【人】","00110","","妻","2021000000","","2021年","00100","","総数","00500","","37歳","","2,643","131","353","295","229","210","147","107","121","105","82","91","772","-"
"10300","","再婚者数【人】","00110","","妻","2021000000","","2021年","00100","","総数","00510","","38歳","","2,327","148","293","225","183","163","133","121","99","85","83","88","706","-"
"10300","","再婚者数【人】","00110","","妻","2021000000","","2021年","00100","","総数","00520","","39歳","","2,108","149","237","204","168","149","122","100","97","105","76","76","625","-"
"10300","","再婚者数【人】","00110","","妻","2021000000","","2021年","00100","","総数","00530","","40歳","","1,955","131","207","186","137","157","91","118","98","87","83","68","592","-"
"10300","","再婚者数【人】","00110","","妻","2021000000","","2021年","00100","","総数","00540","","41歳","","1,869","135","218","155","130","123","99","105","87","99","80","67","571","-"
"10300","","再婚者数【人】","00110","","妻","2021000000","","2021年","00100","","総数","00550","","42歳","","1,614","109","186","137","110","117","90","111","66","90","67","58","473","-"
"10300","","再婚者数【人】","00110","","妻","2021000000","","2021年","00100","","総数","00560","","43歳","","1,494","106","158","126","118","105","123","99","70","73","61","52","403","-"
"10300","","再婚者数【人】","00110","","妻","2021000000","","2021年","00100","","総数","00570","","44歳","","1,407","102","170","134","91","98","88","81","72","78","62","50","381","-"
"10300","","再婚者数【人】","00110","","妻","2021000000","","2021年","00100","","総数","00580","","45歳","","1,257","122","125","129","101","95","67","71","58","57","40","43","349","-"
"10300","","再婚者数【人】","00110","","妻","2021000000","","2021年","00100","","総数","00590","","46歳","","1,167","92","157","101","91","98","99","67","53","59","28","28","294","-"
"10300","","再婚者数【人】","00110","","妻","2021000000","","2021年","00100","","総数","00600","","47歳","","1,076","108","153","121","76","79","64","50","37","52","44","23","269","-"
"10300","","再婚者数【人】","00110","","妻","2021000000","","2021年","00100","","総数","00610","","48歳","","995","108","126","89","81","87","60","57","47","43","28","26","243","-"
"10300","","再婚者数【人】","00110","","妻","2021000000","","2021年","00100","","総数","00620","","49歳","","908","86","132","91","81","66","58","39","40","38","29","23","225","-"
"10300","","再婚者数【人】","00110","","妻","2021000000","","2021年","00100","","総数","00630","","50歳","","914","119","139","100","89","63","43","47","37","30","27","33","187","-"
"10300","","再婚者数【人】","00110","","妻","2021000000","","2021年","00100","","総数","00640","","51歳","","698","75","106","71","65","50","41","20","32","31","24","22","161","-"
"10300","","再婚者数【人】","00110","","妻","2021000000","","2021年","00100","","総数","00650","","52歳","","582","78","94","57","49","44","27","19","24","17","17","23","133","-"
"10300","","再婚者数【人】","00110","","妻","2021000000","","2021年","00100","","総数","00660","","53歳","","558","86","94","52","47","33","34","10","17","14","19","12","140","-"
"10300","","再婚者数【人】","00110","","妻","2021000000","","2021年","00100","","総数","00670","","54歳","","466","59","59","57","42","35","27","24","13","19","13","13","105","-"
"10300","","再婚者数【人】","00110","","妻","2021000000","","2021年","00100","","総数","00690","","55歳","","398","44","63","49","33","23","17","21","11","11","18","9","99","-"
"10300","","再婚者数【人】","00110","","妻","2021000000","","2021年","00100","","総数","00700","","56歳","","371","44","74","25","23","25","20","13","18","14","13","8","94","-"
"10300","","再婚者数【人】","00110","","妻","2021000000","","2021年","00100","","総数","00710","","57歳","","307","51","47","30","31","19","16","17","12","7","10","7","60","-"
"10300","","再婚者数【人】","00110","","妻","2021000000","","2021年","00100","","総数","00720","","58歳","","267","45","40","33","19","16","13","12","15","8","8","2","56","-"
"10300","","再婚者数【人】","00110","","妻","2021000000","","2021年","00100","","総数","00730","","59歳","","200","24","30","21","13","11","8","7","10","7","8","7","54","-"
"10300","","再婚者数【人】","00110","","妻","2021000000","","2021年","00100","","総数","00740","","60歳","","224","27","38","19","27","13","10","8","12","11","5","12","42","-"
"10300","","再婚者数【人】","00110","","妻","2021000000","","2021年","00100","","総数","00750","","61歳","","182","30","28","17","8","9","8","9","4","12","3","6","48","-"
"10300","","再婚者数【人】","00110","","妻","2021000000","","2021年","00100","","総数","00760","","62歳","","142","26","29","7","14","7","6","7","8","6","6","5","21","-"
"10300","","再婚者数【人】","00110","","妻","2021000000","","2021年","00100","","総数","00770","","63歳","","135","22","26","17","11","8","7","3","5","3","4","6","23","-"
"10300","","再婚者数【人】","00110","","妻","2021000000","","2021年","00100","","総数","00780","","64歳","","116","13","18","4","9","6","11","8","7","5","7","2","26","-"
"10300","","再婚者数【人】","00110","","妻","2021000000","","2021年","00100","","総数","00790","","65歳","","102","21","11","8","8","10","3","8","7","4","3","3","16","-"
"10300","","再婚者数【人】","00110","","妻","2021000000","","2021年","00100","","総数","00800","","66歳","","99","12","20","13","9","6","3","8","2","5","2","3","16","-"
"10300","","再婚者数【人】","00110","","妻","2021000000","","2021年","00100","","総数","00810","","67歳","","98","22","7","11","11","6","6","10","6","3","2","1","13","-"
"10300","","再婚者数【人】","00110","","妻","2021000000","","2021年","00100","","総数","00820","","68歳","","80","12","12","11","12","10","3","4","2","3","3","3","5","-"
"10300","","再婚者数【人】","00110","","妻","2021000000","","2021年","00100","","総数","00830","","69歳","","70","11","18","10","5","7","4","3","4","1","1","3","3","-"
"10300","","再婚者数【人】","00110","","妻","2021000000","","2021年","00100","","総数","00840","","70歳","","60","15","9","4","7","1","5","6","4","3","2","2","2","-"
"10300","","再婚者数【人】","00110","","妻","2021000000","","2021年","00100","","総数","00850","","71歳","","51","12","17","6","6","2","1","3","1","1","1","-","1","-"
"10300","","再婚者数【人】","00110","","妻","2021000000","","2021年","00100","","総数","00860","","72歳","","57","22","13","7","2","1","1","4","3","2","-","-","2","-"
"10300","","再婚者数【人】","00110","","妻","2021000000","","2021年","00100","","総数","00870","","73歳","","45","18","6","6","2","1","2","4","-","1","-","-","5","-"
"10300","","再婚者数【人】","00110","","妻","2021000000","","2021年","00100","","総数","00880","","74歳","","46","17","7","6","3","4","5","-","1","1","-","1","1","-"
"10300","","再婚者数【人】","00110","","妻","2021000000","","2021年","00100","","総数","00890","","75歳","","32","6","6","6","4","-","1","1","3","2","1","1","1","-"
"10300","","再婚者数【人】","00110","","妻","2021000000","","2021年","00100","","総数","00900","","76歳","","26","7","10","1","3","-","3","1","-","1","-","-","-","-"
"10300","","再婚者数【人】","00110","","妻","2021000000","","2021年","00100","","総数","00910","","77歳","","22","5","6","7","3","-","1","-","-","-","-","-","-","-"
"10300","","再婚者数【人】","00110","","妻","2021000000","","2021年","00100","","総数","00920","","78歳","","23","10","6","2","2","-","1","1","-","1","-","-","-","-"
"10300","","再婚者数【人】","00110","","妻","2021000000","","2021年","00100","","総数","00930","","79歳","","15","8","4","1","-","1","-","1","-","-","-","-","-","-"
"10300","","再婚者数【人】","00110","","妻","2021000000","","2021年","00100","","総数","00940","","80歳以上","","40","11","13","6","2","4","1","1","1","-","1","-","-","-"
"10300","","再婚者数【人】","00110","","妻","2021000000","","2021年","00100","","総数","01380","","不詳","","16","-","-","-","-","-","-","-","-","-","-","-","1","15"
"10300","","再婚者数【人】","00110","","妻","2021000000","","2021年","00110","","死別","00100","","総数","","1,931","28","100","131","130","139","121","127","96","91","74","77","814","3"
"10300","","再婚者数【人】","00110","","妻","2021000000","","2021年","00110","","死別","00290","","16歳","","-","-","-","-","-","-","-","-","-","-","-","-","-","-"
"10300","","再婚者数【人】","00110","","妻","2021000000","","2021年","00110","","死別","00300","","17歳","","2","-","-","-","-","1","-","1","-","-","-","-","-","-"
"10300","","再婚者数【人】","00110","","妻","2021000000","","2021年","00110","","死別","00310","","18歳","","1","-","-","-","-","-","-","-","-","-","-","-","1","-"
"10300","","再婚者数【人】","00110","","妻","2021000000","","2021年","00110","","死別","00320","","19歳","","6","-","-","-","1","-","1","1","-","-","-","-","3","-"
"10300","","再婚者数【人】","00110","","妻","2021000000","","2021年","00110","","死別","00330","","20歳","","12","-","-","-","2","1","-","1","-","-","-","1","7","-"
"10300","","再婚者数【人】","00110","","妻","2021000000","","2021年","00110","","死別","00340","","21歳","","10","-","1","2","-","1","-","2","-","-","-","-","4","-"
"10300","","再婚者数【人】","00110","","妻","2021000000","","2021年","00110","","死別","00350","","22歳","","22","1","2","1","3","3","-","-","2","1","1","1","7","-"
"10300","","再婚者数【人】","00110","","妻","2021000000","","2021年","00110","","死別","00360","","23歳","","20","-","1","-","1","3","1","1","1","1","1","-","10","-"
"10300","","再婚者数【人】","00110","","妻","2021000000","","2021年","00110","","死別","00370","","24歳","","18","-","-","3","-","1","-","2","-","-","2","1","9","-"
"10300","","再婚者数【人】","00110","","妻","2021000000","","2021年","00110","","死別","00380","","25歳","","31","-","1","1","2","3","3","6","2","3","-","-","10","-"
"10300","","再婚者数【人】","00110","","妻","2021000000","","2021年","00110","","死別","00390","","26歳","","41","1","1","4","4","3","2","3","3","2","1","3","14","-"
"10300","","再婚者数【人】","00110","","妻","2021000000","","2021年","00110","","死別","00400","","27歳","","43","1","1","3","1","4","2","3","1","2","3","3","19","-"
"10300","","再婚者数【人】","00110","","妻","2021000000","","2021年","00110","","死別","00410","","28歳","","52","1","1","5","4","5","4","1","5","2","4","-","20","-"
"10300","","再婚者数【人】","00110","","妻","2021000000","","2021年","00110","","死別","00420","","29歳","","58","1","1","5","6","4","5","7","4","3","1","2","19","-"
"10300","","再婚者数【人】","00110","","妻","2021000000","","2021年","00110","","死別","00430","","30歳","","55","-","3","6","2","5","4","6","1","5","2","2","19","-"
"10300","","再婚者数【人】","00110","","妻","2021000000","","2021年","00110","","死別","00440","","31歳","","60","1","1","5","9","6","4","4","5","2","3","3","17","-"
"10300","","再婚者数【人】","00110","","妻","2021000000","","2021年","00110","","死別","00450","","32歳","","56","-","1","7","4","6","4","4","-","2","-","-","28","-"
"10300","","再婚者数【人】","00110","","妻","2021000000","","2021年","00110","","死別","00460","","33歳","","67","-","1","6","5","4","6","3","2","2","3","2","33","-"
"10300","","再婚者数【人】","00110","","妻","2021000000","","2021年","00110","","死別","00470","","34歳","","52","1","2","3","4","1","2","4","2","4","1","3","25","-"
"10300","","再婚者数【人】","00110","","妻","2021000000","","2021年","00110","","死別","00480","","35歳","","60","-","1","2","4","6","1","1","3","3","2","-","37","-"
"10300","","再婚者数【人】","00110","","妻","2021000000","","2021年","00110","","死別","00490","","36歳","","59","-","4","2","4","4","4","4","3","5","1","4","24","-"
"10300","","再婚者数【人】","00110","","妻","2021000000","","2021年","00110","","死別","00500","","37歳","","53","1","1","5","-","5","4","2","2","-","1","2","30","-"
"10300","","再婚者数【人】","00110","","妻","2021000000","","2021年","00110","","死別","00510","","38歳","","47","-","1","2","3","4","3","3","3","-","1","2","25","-"
"10300","","再婚者数【人】","00110","","妻","2021000000","","2021年","00110","","死別","00520","","39歳","","75","2","1","4","4","4","3","7","2","4","3","3","38","-"
"10300","","再婚者数【人】","00110","","妻","2021000000","","2021年","00110","","死別","00530","","40歳","","57","-","2","2","5","5","-","3","2","3","5","1","29","-"
"10300","","再婚者数【人】","00110","","妻","2021000000","","2021年","00110","","死別","00540","","41歳","","46","1","5","3","2","4","2","1","1","3","1","1","22","-"
"10300","","再婚者数【人】","00110","","妻","2021000000","","2021年","00110","","死別","00550","","42歳","","51","-","3","6","3","3","1","2","2","3","1","-","27","-"
"10300","","再婚者数【人】","00110","","妻","2021000000","","2021年","00110","","死別","00560","","43歳","","40","1","3","2","-","3","2","2","2","2","1","2","20","-"
"10300","","再婚者数【人】","00110","","妻","2021000000","","2021年","00110","","死別","00570","","44歳","","56","2","4","3","3","2","4","3","4","-","2","1","28","-"
"10300","","再婚者数【人】","00110","","妻","2021000000","","2021年","00110","","死別","00580","","45歳","","64","3","2","8","7","1","6","3","-","3","2","3","26","-"
"10300","","再婚者数【人】","00110","","妻","2021000000","","2021年","00110","","死別","00590","","46歳","","44","-","5","1","1","1","2","9","1","1","-","2","21","-"
"10300","","再婚者数【人】","00110","","妻","2021000000","","2021年","00110","","死別","00600","","47歳","","55","-","5","-","-","5","5","3","2","4","1","2","28","-"
"10300","","再婚者数【人】","00110","","妻","2021000000","","2021年","00110","","死別","00610","","48歳","","35","-","-","1","2","5","4","2","2","1","2","-","16","-"
"10300","","再婚者数【人】","00110","","妻","2021000000","","2021年","00110","","死別","00620","","49歳","","35","-","2","1","1","-","2","3","2","2","1","1","20","-"
"10300","","再婚者数【人】","00110","","妻","2021000000","","2021年","00110","","死別","00630","","50歳","","57","1","5","1","7","6","3","1","2","1","4","1","25","-"
"10300","","再婚者数【人】","00110","","妻","2021000000","","2021年","00110","","死別","00640","","51歳","","36","2","1","2","1","1","6","-","1","2","3","1","16","-"
"10300","","再婚者数【人】","00110","","妻","2021000000","","2021年","00110","","死別","00650","","52歳","","30","-","1","2","3","2","2","2","1","-","1","3","13","-"
"10300","","再婚者数【人】","00110","","妻","2021000000","","2021年","00110","","死別","00660","","53歳","","26","1","2","2","2","-","-","-","1","-","3","3","12","-"
"10300","","再婚者数【人】","00110","","妻","2021000000","","2021年","00110","","死別","00670","","54歳","","37","-","2","-","-","2","1","3","3","2","2","4","18","-"
"10300","","再婚者数【人】","00110","","妻","2021000000","","2021年","00110","","死別","00690","","55歳","","32","-","1","2","2","1","-","2","2","2","-","1","19","-"
"10300","","再婚者数【人】","00110","","妻","2021000000","","2021年","00110","","死別","00700","","56歳","","24","-","3","1","1","-","2","-","-","3","-","1","13","-"
"10300","","再婚者数【人】","00110","","妻","2021000000","","2021年","00110","","死別","00710","","57歳","","31","-","-","5","2","1","2","3","3","4","1","1","9","-"
"10300","","再婚者数【人】","00110","","妻","2021000000","","2021年","00110","","死別","00720","","58歳","","27","-","3","2","2","3","3","-","2","2","4","-","6","-"
"10300","","再婚者数【人】","00110","","妻","2021000000","","2021年","00110","","死別","00730","","59歳","","21","-","1","1","-","2","5","1","4","1","-","-","6","-"
"10300","","再婚者数【人】","00110","","妻","2021000000","","2021年","00110","","死別","00740","","60歳","","26","2","1","1","4","1","2","3","-","3","1","3","5","-"
"10300","","再婚者数【人】","00110","","妻","2021000000","","2021年","00110","","死別","00750","","61歳","","19","-","1","3","-","1","1","-","-","2","-","2","9","-"
"10300","","再婚者数【人】","00110","","妻","2021000000","","2021年","00110","","死別","00760","","62歳","","20","-","4","-","1","1","1","3","2","2","1","2","3","-"
"10300","","再婚者数【人】","00110","","妻","2021000000","","2021年","00110","","死別","00770","","63歳","","17","2","2","-","-","3","1","-","2","-","-","1","6","-"
"10300","","再婚者数【人】","00110","","妻","2021000000","","2021年","00110","","死別","00780","","64歳","","18","-","-","1","4","1","1","1","2","-","4","1","3","-"
"10300","","再婚者数【人】","00110","","妻","2021000000","","2021年","00110","","死別","00790","","65歳","","11","-","-","2","-","1","-","1","1","-","1","-","5","-"
"10300","","再婚者数【人】","00110","","妻","2021000000","","2021年","00110","","死別","00800","","66歳","","19","1","2","1","1","2","2","3","-","2","-","2","3","-"
"10300","","再婚者数【人】","00110","","妻","2021000000","","2021年","00110","","死別","00810","","67歳","","12","1","-","1","2","2","-","1","2","-","1","1","1","-"
"10300","","再婚者数【人】","00110","","妻","2021000000","","2021年","00110","","死別","00820","","68歳","","13","-","2","1","2","3","-","-","1","-","1","1","2","-"
"10300","","再婚者数【人】","00110","","妻","2021000000","","2021年","00110","","死別","00830","","69歳","","14","-","3","1","2","1","1","-","3","-","-","2","1","-"
"10300","","再婚者数【人】","00110","","妻","2021000000","","2021年","00110","","死別","00840","","70歳","","11","-","-","1","2","-","1","-","3","1","1","1","1","-"
"10300","","再婚者数【人】","00110","","妻","2021000000","","2021年","00110","","死別","00850","","71歳","","2","-","1","-","-","1","-","-","-","-","-","-","-","-"
"10300","","再婚者数【人】","00110","","妻","2021000000","","2021年","00110","","死別","00860","","72歳","","7","-","-","2","-","1","1","3","-","-","-","-","-","-"
"10300","","再婚者数【人】","00110","","妻","2021000000","","2021年","00110","","死別","00870","","73歳","","9","-","1","1","2","-","2","1","-","1","-","-","1","-"
"10300","","再婚者数【人】","00110","","妻","2021000000","","2021年","00110","","死別","00880","","74歳","","5","-","1","2","1","-","1","-","-","-","-","-","-","-"
"10300","","再婚者数【人】","00110","","妻","2021000000","","2021年","00110","","死別","00890","","75歳","","6","-","-","1","1","-","-","-","2","-","-","1","1","-"
"10300","","再婚者数【人】","00110","","妻","2021000000","","2021年","00110","","死別","00900","","76歳","","3","-","-","-","-","-","2","1","-","-","-","-","-","-"
"10300","","再婚者数【人】","00110","","妻","2021000000","","2021年","00110","","死別","00910","","77歳","","3","1","2","-","-","-","-","-","-","-","-","-","-","-"
"10300","","再婚者数【人】","00110","","妻","2021000000","","2021年","00110","","死別","00920","","78歳","","3","-","1","1","1","-","-","-","-","-","-","-","-","-"
"10300","","再婚者数【人】","00110","","妻","2021000000","","2021年","00110","","死別","00930","","79歳","","1","-","1","-","-","-","-","-","-","-","-","-","-","-"
"10300","","再婚者数【人】","00110","","妻","2021000000","","2021年","00110","","死別","00940","","80歳以上","","5","-","3","1","-","-","-","1","-","-","-","-","-","-"
"10300","","再婚者数【人】","00110","","妻","2021000000","","2021年","00110","","死別","01380","","不詳","","3","-","-","-","-","-","-","-","-","-","-","-","-","3"
"10300","","再婚者数【人】","00110","","妻","2021000000","","2021年","00120","","離別","00100","","総数","","81,424","4,463","9,198","9,321","7,997","6,735","5,620","4,816","3,930","3,360","2,779","2,412","20,781","12"
"10300","","再婚者数【人】","00110","","妻","2021000000","","2021年","00120","","離別","00290","","16歳","","15","-","-","-","3","-","-","1","2","1","1","2","5","-"
"10300","","再婚者数【人】","00110","","妻","2021000000","","2021年","00120","","離別","00300","","17歳","","65","1","6","6","7","3","4","6","3","5","5","4","15","-"
"10300","","再婚者数【人】","00110","","妻","2021000000","","2021年","00120","","離別","00310","","18歳","","265","9","18","20","29","20","18","18","14","9","18","10","82","-"
"10300","","再婚者数【人】","00110","","妻","2021000000","","2021年","00120","","離別","00320","","19歳","","606","11","45","63","56","50","58","35","35","28","29","20","176","-"
"10300","","再婚者数【人】","00110","","妻","2021000000","","2021年","00120","","離別","00330","","20歳","","1,087","22","89","102","119","97","110","92","66","47","44","28","271","-"
"10300","","再婚者数【人】","00110","","妻","2021000000","","2021年","00120","","離別","00340","","21歳","","1,593","37","134","152","162","150","157","120","90","63","65","54","409","-"
"10300","","再婚者数【人】","00110","","妻","2021000000","","2021年","00120","","離別","00350","","22歳","","2,201","71","198","227","259","215","158","152","127","96","104","59","535","-"
"10300","","再婚者数【人】","00110","","妻","2021000000","","2021年","00120","","離別","00360","","23歳","","2,600","70","222","296","281","261","215","164","155","106","82","84","664","-"
"10300","","再婚者数【人】","00110","","妻","2021000000","","2021年","00120","","離別","00370","","24歳","","2,908","80","280","331","331","257","207","201","160","125","105","80","751","-"
"10300","","再婚者数【人】","00110","","妻","2021000000","","2021年","00120","","離別","00380","","25歳","","3,381","113","324","408","393","305","257","201","182","158","117","99","824","-"
"10300","","再婚者数【人】","00110","","妻","2021000000","","2021年","00120","","離別","00390","","26歳","","3,725","119","367","482","407","340","283","239","177","170","131","121","889","-"
"10300","","再婚者数【人】","00110","","妻","2021000000","","2021年","00120","","離別","00400","","27歳","","3,915","138","415","529","427","346","279","285","201","163","118","121","893","-"
"10300","","再婚者数【人】","00110","","妻","2021000000","","2021年","00120","","離別","00410","","28歳","","4,371","165","466","556","456","368","339","293","237","168","151","118","1,054","-"
"10300","","再婚者数【人】","00110","","妻","2021000000","","2021年","00120","","離別","00420","","29歳","","4,176","137","425","511","485","376","340","277","226","182","136","112","969","-"
"10300","","再婚者数【人】","00110","","妻","2021000000","","2021年","00120","","離別","00430","","30歳","","4,196","157","435","555","452","382","320","269","195","176","130","115","1,010","-"
"10300","","再婚者数【人】","00110","","妻","2021000000","","2021年","00120","","離別","00440","","31歳","","3,934","148","429","475","442","341","298","244","170","142","131","110","1,004","-"
"10300","","再婚者数【人】","00110","","妻","2021000000","","2021年","00120","","離別","00450","","32歳","","3,758","128","395","483","392","334","264","207","211","153","119","99","973","-"
"10300","","再婚者数【人】","00110","","妻","2021000000","","2021年","00120","","離別","00460","","33歳","","3,576","143","389","465","342","299","263","212","157","134","91","99","982","-"
"10300","","再婚者数【人】","00110","","妻","2021000000","","2021年","00120","","離別","00470","","34歳","","3,234","181","359","358","335","272","209","170","142","112","93","88","915","-"
"10300","","再婚者数【人】","00110","","妻","2021000000","","2021年","00120","","離別","00480","","35歳","","3,068","131","388","387","279","243","198","153","121","103","101","76","888","-"
"10300","","再婚者数【人】","00110","","妻","2021000000","","2021年","00120","","離別","00490","","36歳","","2,694","144","327","334","259","192","152","144","117","79","96","88","762","-"
"10300","","再婚者数【人】","00110","","妻","2021000000","","2021年","00120","","離別","00500","","37歳","","2,590","130","352","290","229","205","143","105","119","105","81","89","742","-"
"10300","","再婚者数【人】","00110","","妻","2021000000","","2021年","00120","","離別","00510","","38歳","","2,280","148","292","223","180","159","130","118","96","85","82","86","681","-"
"10300","","再婚者数【人】","00110","","妻","2021000000","","2021年","00120","","離別","00520","","39歳","","2,033","147","236","200","164","145","119","93","95","101","73","73","587","-"
"10300","","再婚者数【人】","00110","","妻","2021000000","","2021年","00120","","離別","00530","","40歳","","1,898","131","205","184","132","152","91","115","96","84","78","67","563","-"
"10300","","再婚者数【人】","00110","","妻","2021000000","","2021年","00120","","離別","00540","","41歳","","1,823","134","213","152","128","119","97","104","86","96","79","66","549","-"
"10300","","再婚者数【人】","00110","","妻","2021000000","","2021年","00120","","離別","00550","","42歳","","1,563","109","183","131","107","114","89","109","64","87","66","58","446","-"
"10300","","再婚者数【人】","00110","","妻","2021000000","","2021年","00120","","離別","00560","","43歳","","1,454","105","155","124","118","102","121","97","68","71","60","50","383","-"
"10300","","再婚者数【人】","00110","","妻","2021000000","","2021年","00120","","離別","00570","","44歳","","1,351","100","166","131","88","96","84","78","68","78","60","49","353","-"
"10300","","再婚者数【人】","00110","","妻","2021000000","","2021年","00120","","離別","00580","","45歳","","1,193","119","123","121","94","94","61","68","58","54","38","40","323","-"
"10300","","再婚者数【人】","00110","","妻","2021000000","","2021年","00120","","離別","00590","","46歳","","1,123","92","152","100","90","97","97","58","52","58","28","26","273","-"
"10300","","再婚者数【人】","00110","","妻","2021000000","","2021年","00120","","離別","00600","","47歳","","1,021","108","148","121","76","74","59","47","35","48","43","21","241","-"
"10300","","再婚者数【人】","00110","","妻","2021000000","","2021年","00120","","離別","00610","","48歳","","960","108","126","88","79","82","56","55","45","42","26","26","227","-"
"10300","","再婚者数【人】","00110","","妻","2021000000","","2021年","00120","","離別","00620","","49歳","","873","86","130","90","80","66","56","36","38","36","28","22","205","-"
"10300","","再婚者数【人】","00110","","妻","2021000000","","2021年","00120","","離別","00630","","50歳","","857","118","134","99","82","57","40","46","35","29","23","32","162","-"
"10300","","再婚者数【人】","00110","","妻","2021000000","","2021年","00120","","離別","00640","","51歳","","662","73","105","69","64","49","35","20","31","29","21","21","145","-"
"10300","","再婚者数【人】","00110","","妻","2021000000","","2021年","00120","","離別","00650","","52歳","","552","78","93","55","46","42","25","17","23","17","16","20","120","-"
"10300","","再婚者数【人】","00110","","妻","2021000000","","2021年","00120","","離別","00660","","53歳","","532","85","92","50","45","33","34","10","16","14","16","9","128","-"
"10300","","再婚者数【人】","00110","","妻","2021000000","","2021年","00120","","離別","00670","","54歳","","429","59","57","57","42","33","26","21","10","17","11","9","87","-"
"10300","","再婚者数【人】","00110","","妻","2021000000","","2021年","00120","","離別","00690","","55歳","","366","44","62","47","31","22","17","19","9","9","18","8","80","-"
"10300","","再婚者数【人】","00110","","妻","2021000000","","2021年","00120","","離別","00700","","56歳","","347","44","71","24","22","25","18","13","18","11","13","7","81","-"
"10300","","再婚者数【人】","00110","","妻","2021000000","","2021年","00120","","離別","00710","","57歳","","276","51","47","25","29","18","14","14","9","3","9","6","51","-"
"10300","","再婚者数【人】","00110","","妻","2021000000","","2021年","00120","","離別","00720","","58歳","","240","45","37","31","17","13","10","12","13","6","4","2","50","-"
"10300","","再婚者数【人】","00110","","妻","2021000000","","2021年","00120","","離別","00730","","59歳","","179","24","29","20","13","9","3","6","6","6","8","7","48","-"
"10300","","再婚者数【人】","00110","","妻","2021000000","","2021年","00120","","離別","00740","","60歳","","198","25","37","18","23","12","8","5","12","8","4","9","37","-"
"10300","","再婚者数【人】","00110","","妻","2021000000","","2021年","00120","","離別","00750","","61歳","","163","30","27","14","8","8","7","9","4","10","3","4","39","-"
"10300","","再婚者数【人】","00110","","妻","2021000000","","2021年","00120","","離別","00760","","62歳","","122","26","25","7","13","6","5","4","6","4","5","3","18","-"
"10300","","再婚者数【人】","00110","","妻","2021000000","","2021年","00120","","離別","00770","","63歳","","118","20","24","17","11","5","6","3","3","3","4","5","17","-"
"10300","","再婚者数【人】","00110","","妻","2021000000","","2021年","00120","","離別","00780","","64歳","","98","13","18","3","5","5","10","7","5","5","3","1","23","-"
"10300","","再婚者数【人】","00110","","妻","2021000000","","2021年","00120","","離別","00790","","65歳","","91","21","11","6","8","9","3","7","6","4","2","3","11","-"
"10300","","再婚者数【人】","00110","","妻","2021000000","","2021年","00120","","離別","00800","","66歳","","80","11","18","12","8","4","1","5","2","3","2","1","13","-"
"10300","","再婚者数【人】","00110","","妻","2021000000","","2021年","00120","","離別","00810","","67歳","","86","21","7","10","9","4","6","9","4","3","1","-","12","-"
"10300","","再婚者数【人】","00110","","妻","2021000000","","2021年","00120","","離別","00820","","68歳","","67","12","10","10","10","7","3","4","1","3","2","2","3","-"
"10300","","再婚者数【人】","00110","","妻","2021000000","","2021年","00120","","離別","00830","","69歳","","56","11","15","9","3","6","3","3","1","1","1","1","2","-"
"10300","","再婚者数【人】","00110","","妻","2021000000","","2021年","00120","","離別","00840","","70歳","","49","15","9","3","5","1","4","6","1","2","1","1","1","-"
"10300","","再婚者数【人】","00110","","妻","2021000000","","2021年","00120","","離別","00850","","71歳","","49","12","16","6","6","1","1","3","1","1","1","-","1","-"
"10300","","再婚者数【人】","00110","","妻","2021000000","","2021年","00120","","離別","00860","","72歳","","50","22","13","5","2","-","-","1","3","2","-","-","2","-"
"10300","","再婚者数【人】","00110","","妻","2021000000","","2021年","00120","","離別","00870","","73歳","","36","18","5","5","-","1","-","3","-","-","-","-","4","-"
"10300","","再婚者数【人】","00110","","妻","2021000000","","2021年","00120","","離別","00880","","74歳","","41","17","6","4","2","4","4","-","1","1","-","1","1","-"
"10300","","再婚者数【人】","00110","","妻","2021000000","","2021年","00120","","離別","00890","","75歳","","26","6","6","5","3","-","1","1","1","2","1","-","-","-"
"10300","","再婚者数【人】","00110","","妻","2021000000","","2021年","00120","","離別","00900","","76歳","","23","7","10","1","3","-","1","-","-","1","-","-","-","-"
"10300","","再婚者数【人】","00110","","妻","2021000000","","2021年","00120","","離別","00910","","77歳","","19","4","4","7","3","-","1","-","-","-","-","-","-","-"
"10300","","再婚者数【人】","00110","","妻","2021000000","","2021年","00120","","離別","00920","","78歳","","20","10","5","1","1","-","1","1","-","1","-","-","-","-"
"10300","","再婚者数【人】","00110","","妻","2021000000","","2021年","00120","","離別","00930","","79歳","","14","8","3","1","-","1","-","1","-","-","-","-","-","-"
"10300","","再婚者数【人】","00110","","妻","2021000000","","2021年","00120","","離別","00940","","80歳以上","","35","11","10","5","2","4","1","-","1","-","1","-","-","-"
"10300","","再婚者数【人】","00110","","妻","2021000000","","2021年","00120","","離別","01380","","不詳","","13","-","-","-","-","-","-","-","-","-","-","-","1","12"
"10300","","再婚者数【人】","00110","","妻","2020000000","","2020年","00100","","総数","00100","","総数","","88,338","4,968","10,752","9,819","8,525","7,079","6,266","4,908","4,203","3,605","3,025","2,751","22,415","22"
"10300","","再婚者数【人】","00110","","妻","2020000000","","2020年","00100","","総数","00290","","16歳","","22","-","1","1","1","1","2","1","1","-","2","1","11","-"
"10300","","再婚者数【人】","00110","","妻","2020000000","","2020年","00100","","総数","00300","","17歳","","91","2","14","3","12","7","11","2","2","12","3","3","20","-"
"10300","","再婚者数【人】","00110","","妻","2020000000","","2020年","00100","","総数","00310","","18歳","","296","5","31","40","27","17","20","21","17","16","13","6","83","-"
"10300","","再婚者数【人】","00110","","妻","2020000000","","2020年","00100","","総数","00320","","19歳","","654","21","62","58","65","64","62","43","29","29","23","26","172","-"
"10300","","再婚者数【人】","00110","","妻","2020000000","","2020年","00100","","総数","00330","","20歳","","1,187","44","112","115","111","111","98","81","59","59","44","35","318","-"
"10300","","再婚者数【人】","00110","","妻","2020000000","","2020年","00100","","総数","00340","","21歳","","1,756","46","173","193","168","158","158","127","91","94","66","51","431","-"
"10300","","再婚者数【人】","00110","","妻","2020000000","","2020年","00100","","総数","00350","","22歳","","2,306","50","238","243","250","201","197","155","138","105","89","82","558","-"
"10300","","再婚者数【人】","00110","","妻","2020000000","","2020年","00100","","総数","00360","","23歳","","2,723","107","250","286","271","266","238","172","139","120","93","90","691","-"
"10300","","再婚者数【人】","00110","","妻","2020000000","","2020年","00100","","総数","00370","","24歳","","3,105","106","352","330","331","274","239","208","143","140","111","106","765","-"
"10300","","再婚者数【人】","00110","","妻","2020000000","","2020年","00100","","総数","00380","","25歳","","3,563","105","379","397","378","313","288","227","171","157","139","109","900","-"
"10300","","再婚者数【人】","00110","","妻","2020000000","","2020年","00100","","総数","00390","","26歳","","3,952","144","433","481","397","337","293","245","197","194","142","119","970","-"
"10300","","再婚者数【人】","00110","","妻","2020000000","","2020年","00100","","総数","00400","","27歳","","4,377","165","486","524","468","407","316","248","239","181","169","149","1,025","-"
"10300","","再婚者数【人】","00110","","妻","2020000000","","2020年","00100","","総数","00410","","28歳","","4,517","157","458","553","472","412","372","269","259","162","151","143","1,109","-"
"10300","","再婚者数【人】","00110","","妻","2020000000","","2020年","00100","","総数","00420","","29歳","","4,588","159","541","519","531","423","373","283","216","208","142","148","1,045","-"
"10300","","再婚者数【人】","00110","","妻","2020000000","","2020年","00100","","総数","00430","","30歳","","4,385","163","520","543","480","406","331","232","201","169","123","108","1,109","-"
"10300","","再婚者数【人】","00110","","妻","2020000000","","2020年","00100","","総数","00440","","31歳","","4,242","152","491","538","428","414","318","216","218","162","147","107","1,051","-"
"10300","","再婚者数【人】","00110","","妻","2020000000","","2020年","00100","","総数","00450","","32歳","","4,141","185","505","547","439","357","311","226","186","152","120","111","1,002","-"
"10300","","再婚者数【人】","00110","","妻","2020000000","","2020年","00100","","総数","00460","","33歳","","3,864","163","516","478","391","315","258","236","188","151","107","101","960","-"
"10300","","再婚者数【人】","00110","","妻","2020000000","","2020年","00100","","総数","00470","","34歳","","3,516","183","452","441","358","274","233","186","154","129","112","79","915","-"
"10300","","再婚者数【人】","00110","","妻","2020000000","","2020年","00100","","総数","00480","","35歳","","3,271","182","423","383","329","234","225","162","124","102","107","85","915","-"
"10300","","再婚者数【人】","00110","","妻","2020000000","","2020年","00100","","総数","00490","","36歳","","2,977","150","381","305","278","208","204","132","125","104","114","94","882","-"
"10300","","再婚者数【人】","00110","","妻","2020000000","","2020年","00100","","総数","00500","","37歳","","2,839","188","367","323","246","197","160","121","111","94","99","100","833","-"
"10300","","再婚者数【人】","00110","","妻","2020000000","","2020年","00100","","総数","00510","","38歳","","2,396","141","285","275","227","161","144","106","93","94","80","79","711","-"
"10300","","再婚者数【人】","00110","","妻","2020000000","","2020年","00100","","総数","00520","","39歳","","2,218","148","283","206","170","144","121","123","102","104","90","87","640","-"
"10300","","再婚者数【人】","00110","","妻","2020000000","","2020年","00100","","総数","00530","","40歳","","2,196","162","265","194","190","147","121","113","114","99","87","77","627","-"
"10300","","再婚者数【人】","00110","","妻","2020000000","","2020年","00100","","総数","00540","","41歳","","1,897","116","230","172","133","111","108","104","115","94","79","84","551","-"
"10300","","再婚者数【人】","00110","","妻","2020000000","","2020年","00100","","総数","00550","","42歳","","1,777","129","202","157","138","130","111","101","101","77","77","64","490","-"
"10300","","再婚者数【人】","00110","","妻","2020000000","","2020年","00100","","総数","00560","","43歳","","1,569","107","183","166","116","119","106","76","92","66","63","73","402","-"
"10300","","再婚者数【人】","00110","","妻","2020000000","","2020年","00100","","総数","00570","","44歳","","1,503","125","198","136","127","107","92","85","72","77","54","54","376","-"
"10300","","再婚者数【人】","00110","","妻","2020000000","","2020年","00100","","総数","00580","","45歳","","1,427","123","196","127","116","99","95","76","70","50","57","43","375","-"
"10300","","再婚者数【人】","00110","","妻","2020000000","","2020年","00100","","総数","00590","","46歳","","1,276","110","161","130","103","82","86","75","52","48","41","44","344","-"
"10300","","再婚者数【人】","00110","","妻","2020000000","","2020年","00100","","総数","00600","","47歳","","1,104","105","158","113","93","72","75","62","44","39","43","46","254","-"
"10300","","再婚者数【人】","00110","","妻","2020000000","","2020年","00100","","総数","00610","","48歳","","1,033","124","157","96","93","58","53","45","41","51","28","25","262","-"
"10300","","再婚者数【人】","00110","","妻","2020000000","","2020年","00100","","総数","00620","","49歳","","917","111","129","84","92","53","54","47","43","36","26","39","203","-"
"10300","","再婚者数【人】","00110","","妻","2020000000","","2020年","00100","","総数","00630","","50歳","","824","88","120","90","63","47","49","49","31","34","28","24","201","-"
"10300","","再婚者数【人】","00110","","妻","2020000000","","2020年","00100","","総数","00640","","51歳","","763","112","133","61","51","46","58","24","34","27","22","26","169","-"
"10300","","再婚者数【人】","00110","","妻","2020000000","","2020年","00100","","総数","00650","","52歳","","665","83","110","58","58","36","41","34","26","24","18","19","158","-"
"10300","","再婚者数【人】","00110","","妻","2020000000","","2020年","00100","","総数","00660","","53歳","","553","80","82","60","46","35","35","22","20","17","8","18","130","-"
"10300","","再婚者数【人】","00110","","妻","2020000000","","2020年","00100","","総数","00670","","54歳","","460","54","83","37","27","41","27","21","18","8","10","11","123","-"
"10300","","再婚者数【人】","00110","","妻","2020000000","","2020年","00100","","総数","00690","","55歳","","433","63","62","39","39","23","21","16","15","14","14","13","114","-"
"10300","","再婚者数【人】","00110","","妻","2020000000","","2020年","00100","","総数","00700","","56歳","","375","50","65","38","31","25","19","12","21","9","10","10","85","-"
"10300","","再婚者数【人】","00110","","妻","2020000000","","2020年","00100","","総数","00710","","57歳","","313","50","56","32","19","14","13","11","8","17","7","7","79","-"
"10300","","再婚者数【人】","00110","","妻","2020000000","","2020年","00100","","総数","00720","","58歳","","237","33","35","31","17","10","9","14","2","7","5","4","70","-"
"10300","","再婚者数【人】","00110","","妻","2020000000","","2020年","00100","","総数","00730","","59歳","","213","38","40","13","10","6","11","10","11","9","3","8","54","-"
"10300","","再婚者数【人】","00110","","妻","2020000000","","2020年","00100","","総数","00740","","60歳","","224","40","36","25","12","10","9","12","12","5","11","3","49","-"
"10300","","再婚者数【人】","00110","","妻","2020000000","","2020年","00100","","総数","00750","","61歳","","191","28","33","15","10","16","17","5","11","7","7","9","33","-"
"10300","","再婚者数【人】","00110","","妻","2020000000","","2020年","00100","","総数","00760","","62歳","","173","27","25","18","9","12","9","12","8","9","8","5","31","-"
"10300","","再婚者数【人】","00110","","妻","2020000000","","2020年","00100","","総数","00770","","63歳","","143","17","21","10","11","9","9","3","6","12","8","6","31","-"
"10300","","再婚者数【人】","00110","","妻","2020000000","","2020年","00100","","総数","00780","","64歳","","133","16","18","18","16","6","7","13","4","4","3","3","25","-"
"10300","","再婚者数【人】","00110","","妻","2020000000","","2020年","00100","","総数","00790","","65歳","","121","24","25","11","4","8","11","5","8","5","3","3","14","-"
"10300","","再婚者数【人】","00110","","妻","2020000000","","2020年","00100","","総数","00800","","66歳","","102","14","18","14","11","5","13","4","7","2","3","4","7","-"
"10300","","再婚者数【人】","00110","","妻","2020000000","","2020年","00100","","総数","00810","","67歳","","93","18","15","8","13","6","8","3","4","3","2","2","11","-"
"10300","","再婚者数【人】","00110","","妻","2020000000","","2020年","00100","","総数","00820","","68歳","","74","13","16","17","4","7","3","3","-","5","2","-","4","-"
"10300","","再婚者数【人】","00110","","妻","2020000000","","2020年","00100","","総数","00830","","69歳","","87","22","20","8","6","10","4","2","2","1","2","4","6","-"
"10300","","再婚者数【人】","00110","","妻","2020000000","","2020年","00100","","総数","00840","","70歳","","84","25","15","9","7","4","3","5","2","3","2","2","7","-"
"10300","","再婚者数【人】","00110","","妻","2020000000","","2020年","00100","","総数","00850","","71歳","","67","17","18","11","4","3","4","3","3","3","-","-","1","-"
"10300","","再婚者数【人】","00110","","妻","2020000000","","2020年","00100","","総数","00860","","72歳","","44","12","5","7","2","5","3","4","-","-","2","-","4","-"
"10300","","再婚者数【人】","00110","","妻","2020000000","","2020年","00100","","総数","00870","","73歳","","41","10","7","2","7","1","1","3","-","2","3","-","5","-"
"10300","","再婚者数【人】","00110","","妻","2020000000","","2020年","00100","","総数","00880","","74歳","","47","10","10","6","2","4","4","6","1","-","1","2","1","-"
"10300","","再婚者数【人】","00110","","妻","2020000000","","2020年","00100","","総数","00890","","75歳","","41","11","13","7","4","2","1","1","1","-","-","-","1","-"
"10300","","再婚者数【人】","00110","","妻","2020000000","","2020年","00100","","総数","00900","","76歳","","38","12","8","5","4","3","2","2","-","-","1","-","1","-"
"10300","","再婚者数【人】","00110","","妻","2020000000","","2020年","00100","","総数","00910","","77歳","","24","8","4","3","4","1","-","1","-","2","1","-","-","-"
"10300","","再婚者数【人】","00110","","妻","2020000000","","2020年","00100","","総数","00920","","78歳","","11","1","4","3","-","2","-","1","-","-","-","-","-","-"
"10300","","再婚者数【人】","00110","","妻","2020000000","","2020年","00100","","総数","00930","","79歳","","12","-","6","2","1","-","1","-","1","1","-","-","-","-"
"10300","","再婚者数【人】","00110","","妻","2020000000","","2020年","00100","","総数","00940","","80歳以上","","45","14","17","4","4","3","1","1","-","-","-","-","1","-"
"10300","","再婚者数【人】","00110","","妻","2020000000","","2020年","00100","","総数","01380","","不詳","","22","-","-","-","-","-","-","-","-","-","-","-","-","22"
"10300","","再婚者数【人】","00110","","妻","2020000000","","2020年","00110","","死別","00100","","総数","","2,020","27","120","152","128","131","115","125","94","84","110","95","835","4"
"10300","","再婚者数【人】","00110","","妻","2020000000","","2020年","00110","","死別","00290","","16歳","","-","-","-","-","-","-","-","-","-","-","-","-","-","-"
"10300","","再婚者数【人】","00110","","妻","2020000000","","2020年","00110","","死別","00300","","17歳","","-","-","-","-","-","-","-","-","-","-","-","-","-","-"
"10300","","再婚者数【人】","00110","","妻","2020000000","","2020年","00110","","死別","00310","","18歳","","1","-","-","-","-","-","-","-","-","-","-","-","1","-"
"10300","","再婚者数【人】","00110","","妻","2020000000","","2020年","00110","","死別","00320","","19歳","","7","-","-","-","-","1","1","-","1","-","-","-","4","-"
"10300","","再婚者数【人】","00110","","妻","2020000000","","2020年","00110","","死別","00330","","20歳","","7","-","1","1","-","1","-","1","1","-","-","-","2","-"
"10300","","再婚者数【人】","00110","","妻","2020000000","","2020年","00110","","死別","00340","","21歳","","8","-","-","-","2","-","-","1","-","-","-","-","5","-"
"10300","","再婚者数【人】","00110","","妻","2020000000","","2020年","00110","","死別","00350","","22歳","","14","-","-","2","1","-","-","2","2","1","2","-","4","-"
"10300","","再婚者数【人】","00110","","妻","2020000000","","2020年","00110","","死別","00360","","23歳","","21","-","-","1","-","1","-","2","1","1","4","2","9","-"
"10300","","再婚者数【人】","00110","","妻","2020000000","","2020年","00110","","死別","00370","","24歳","","28","-","2","-","2","3","-","3","2","2","-","1","13","-"
"10300","","再婚者数【人】","00110","","妻","2020000000","","2020年","00110","","死別","00380","","25歳","","41","1","1","-","1","7","2","6","2","3","2","2","14","-"
"10300","","再婚者数【人】","00110","","妻","2020000000","","2020年","00110","","死別","00390","","26歳","","55","-","2","1","7","2","2","5","3","2","3","2","26","-"
"10300","","再婚者数【人】","00110","","妻","2020000000","","2020年","00110","","死別","00400","","27歳","","55","1","3","8","1","5","6","2","2","2","4","5","16","-"
"10300","","再婚者数【人】","00110","","妻","2020000000","","2020年","00110","","死別","00410","","28歳","","43","-","3","7","3","3","3","4","1","4","2","1","12","-"
"10300","","再婚者数【人】","00110","","妻","2020000000","","2020年","00110","","死別","00420","","29歳","","44","-","1","1","7","3","4","5","4","-","1","1","17","-"
"10300","","再婚者数【人】","00110","","妻","2020000000","","2020年","00110","","死別","00430","","30歳","","65","3","4","2","6","4","2","1","2","2","3","3","33","-"
"10300","","再婚者数【人】","00110","","妻","2020000000","","2020年","00110","","死別","00440","","31歳","","70","-","3","8","2","11","4","4","3","4","2","6","23","-"
"10300","","再婚者数【人】","00110","","妻","2020000000","","2020年","00110","","死別","00450","","32歳","","71","-","4","11","3","4","4","1","4","1","6","-","33","-"
"10300","","再婚者数【人】","00110","","妻","2020000000","","2020年","00110","","死別","00460","","33歳","","59","1","3","5","3","3","2","7","3","1","-","3","28","-"
"10300","","再婚者数【人】","00110","","妻","2020000000","","2020年","00110","","死別","00470","","34歳","","50","-","-","1","4","6","2","2","4","3","4","1","23","-"
"10300","","再婚者数【人】","00110","","妻","2020000000","","2020年","00110","","死別","00480","","35歳","","62","1","6","4","6","5","1","1","2","2","6","4","24","-"
"10300","","再婚者数【人】","00110","","妻","2020000000","","2020年","00110","","死別","00490","","36歳","","61","-","5","3","5","6","5","3","1","2","1","-","30","-"
"10300","","再婚者数【人】","00110","","妻","2020000000","","2020年","00110","","死別","00500","","37歳","","60","1","2","4","4","3","-","2","5","2","1","8","28","-"
"10300","","再婚者数【人】","00110","","妻","2020000000","","2020年","00110","","死別","00510","","38歳","","69","-","4","5","5","3","4","2","3","1","6","2","34","-"
"10300","","再婚者数【人】","00110","","妻","2020000000","","2020年","00110","","死別","00520","","39歳","","66","1","5","5","2","5","4","2","2","2","4","3","31","-"
"10300","","再婚者数【人】","00110","","妻","2020000000","","2020年","00110","","死別","00530","","40歳","","53","1","2","6","2","2","-","2","1","2","2","3","30","-"
"10300","","再婚者数【人】","00110","","妻","2020000000","","2020年","00110","","死別","00540","","41歳","","49","1","2","5","3","-","1","4","-","1","5","1","26","-"
"10300","","再婚者数【人】","00110","","妻","2020000000","","2020年","00110","","死別","00550","","42歳","","55","2","3","4","1","2","1","2","7","1","4","3","25","-"
"10300","","再婚者数【人】","00110","","妻","2020000000","","2020年","00110","","死別","00560","","43歳","","60","1","3","6","3","2","4","2","5","1","4","1","28","-"
"10300","","再婚者数【人】","00110","","妻","2020000000","","2020年","00110","","死別","00570","","44歳","","51","1","2","4","2","3","1","3","2","1","4","2","26","-"
"10300","","再婚者数【人】","00110","","妻","2020000000","","2020年","00110","","死別","00580","","45歳","","48","-","1","2","1","-","2","8","2","6","2","1","23","-"
"10300","","再婚者数【人】","00110","","妻","2020000000","","2020年","00110","","死別","00590","","46歳","","56","-","3","7","2","4","1","5","2","3","3","3","23","-"
"10300","","再婚者数【人】","00110","","妻","2020000000","","2020年","00110","","死別","00600","","47歳","","50","2","-","1","1","4","4","2","3","2","4","1","26","-"
"10300","","再婚者数【人】","00110","","妻","2020000000","","2020年","00110","","死別","00610","","48歳","","51","2","1","1","4","3","2","3","1","3","3","5","23","-"
"10300","","再婚者数【人】","00110","","妻","2020000000","","2020年","00110","","死別","00620","","49歳","","40","1","1","2","6","2","1","2","-","2","1","2","20","-"
"10300","","再婚者数【人】","00110","","妻","2020000000","","2020年","00110","","死別","00630","","50歳","","39","1","4","2","2","1","1","4","1","-","2","-","21","-"
"10300","","再婚者数【人】","00110","","妻","2020000000","","2020年","00110","","死別","00640","","51歳","","40","-","4","2","2","4","6","3","4","1","2","-","12","-"
"10300","","再婚者数【人】","00110","","妻","2020000000","","2020年","00110","","死別","00650","","52歳","","36","1","2","4","3","1","1","3","1","1","1","3","15","-"
"10300","","再婚者数【人】","00110","","妻","2020000000","","2020年","00110","","死別","00660","","53歳","","28","2","2","3","4","1","1","1","-","2","1","4","7","-"
"10300","","再婚者数【人】","00110","","妻","2020000000","","2020年","00110","","死別","00670","","54歳","","21","-","2","-","1","-","2","2","1","1","-","-","12","-"
"10300","","再婚者数【人】","00110","","妻","2020000000","","2020年","00110","","死別","00690","","55歳","","33","-","3","3","2","2","1","2","2","2","2","4","10","-"
"10300","","再婚者数【人】","00110","","妻","2020000000","","2020年","00110","","死別","00700","","56歳","","37","-","4","2","5","1","2","-","1","-","5","3","14","-"
"10300","","再婚者数【人】","00110","","妻","2020000000","","2020年","00110","","死別","00710","","57歳","","22","-","-","1","2","3","3","-","-","1","2","1","9","-"
"10300","","再婚者数【人】","00110","","妻","2020000000","","2020年","00110","","死別","00720","","58歳","","25","-","1","3","-","-","2","-","-","3","2","2","12","-"
"10300","","再婚者数【人】","00110","","妻","2020000000","","2020年","00110","","死別","00730","","59歳","","26","-","3","-","-","1","2","1","-","4","2","2","11","-"
"10300","","再婚者数【人】","00110","","妻","2020000000","","2020年","00110","","死別","00740","","60歳","","19","-","-","1","1","3","2","2","2","1","-","-","7","-"
"10300","","再婚者数【人】","00110","","妻","2020000000","","2020年","00110","","死別","00750","","61歳","","22","-","1","-","-","3","3","1","4","1","-","2","7","-"
"10300","","再婚者数【人】","00110","","妻","2020000000","","2020年","00110","","死別","00760","","62歳","","18","-","1","1","1","1","2","2","2","-","-","1","7","-"
"10300","","再婚者数【人】","00110","","妻","2020000000","","2020年","00110","","死別","00770","","63歳","","28","-","2","2","3","2","4","2","1","3","2","-","7","-"
"10300","","再婚者数【人】","00110","","妻","2020000000","","2020年","00110","","死別","00780","","64歳","","23","-","2","4","4","-","2","2","1","1","-","-","7","-"
"10300","","再婚者数【人】","00110","","妻","2020000000","","2020年","00110","","死別","00790","","65歳","","10","-","-","-","2","1","1","1","1","-","1","1","2","-"
"10300","","再婚者数【人】","00110","","妻","2020000000","","2020年","00110","","死別","00800","","66歳","","17","-","1","3","1","2","6","-","1","1","1","-","1","-"
"10300","","再婚者数【人】","00110","","妻","2020000000","","2020年","00110","","死別","00810","","67歳","","12","-","2","1","1","-","1","1","1","-","2","1","2","-"
"10300","","再婚者数【人】","00110","","妻","2020000000","","2020年","00110","","死別","00820","","68歳","","14","-","4","2","1","-","1","1","-","2","1","-","2","-"
"10300","","再婚者数【人】","00110","","妻","2020000000","","2020年","00110","","死別","00830","","69歳","","16","1","3","1","-","1","4","2","-","-","1","2","1","-"
"10300","","再婚者数【人】","00110","","妻","2020000000","","2020年","00110","","死別","00840","","70歳","","14","-","3","1","1","2","1","1","-","2","-","1","2","-"
"10300","","再婚者数【人】","00110","","妻","2020000000","","2020年","00110","","死別","00850","","71歳","","9","-","1","3","-","1","1","2","-","-","-","-","1","-"
"10300","","再婚者数【人】","00110","","妻","2020000000","","2020年","00110","","死別","00860","","72歳","","2","-","-","1","-","-","1","-","-","-","-","-","-","-"
"10300","","再婚者数【人】","00110","","妻","2020000000","","2020年","00110","","死別","00870","","73歳","","5","-","1","1","-","-","-","-","-","-","-","-","3","-"
"10300","","再婚者数【人】","00110","","妻","2020000000","","2020年","00110","","死別","00880","","74歳","","7","-","1","-","-","-","1","2","-","-","-","2","1","-"
"10300","","再婚者数【人】","00110","","妻","2020000000","","2020年","00110","","死別","00890","","75歳","","4","-","-","2","1","-","1","-","-","-","-","-","-","-"
"10300","","再婚者数【人】","00110","","妻","2020000000","","2020年","00110","","死別","00900","","76歳","","6","-","3","-","1","1","-","-","-","-","-","-","1","-"
"10300","","再婚者数【人】","00110","","妻","2020000000","","2020年","00110","","死別","00910","","77歳","","4","-","1","1","-","1","-","-","-","1","-","-","-","-"
"10300","","再婚者数【人】","00110","","妻","2020000000","","2020年","00110","","死別","00920","","78歳","","1","-","-","-","-","1","-","-","-","-","-","-","-","-"
"10300","","再婚者数【人】","00110","","妻","2020000000","","2020年","00110","","死別","00930","","79歳","","-","-","-","-","-","-","-","-","-","-","-","-","-","-"
"10300","","再婚者数【人】","00110","","妻","2020000000","","2020年","00110","","死別","00940","","80歳以上","","8","2","2","1","1","-","-","1","-","-","-","-","1","-"
"10300","","再婚者数【人】","00110","","妻","2020000000","","2020年","00110","","死別","01380","","不詳","","4","-","-","-","-","-","-","-","-","-","-","-","-","4"
"10300","","再婚者数【人】","00110","","妻","2020000000","","2020年","00120","","離別","00100","","総数","","86,318","4,941","10,632","9,667","8,397","6,948","6,151","4,783","4,109","3,521","2,915","2,656","21,580","18"
"10300","","再婚者数【人】","00110","","妻","2020000000","","2020年","00120","","離別","00290","","16歳","","22","-","1","1","1","1","2","1","1","-","2","1","11","-"
"10300","","再婚者数【人】","00110","","妻","2020000000","","2020年","00120","","離別","00300","","17歳","","91","2","14","3","12","7","11","2","2","12","3","3","20","-"
"10300","","再婚者数【人】","00110","","妻","2020000000","","2020年","00120","","離別","00310","","18歳","","295","5","31","40","27","17","20","21","17","16","13","6","82","-"
"10300","","再婚者数【人】","00110","","妻","2020000000","","2020年","00120","","離別","00320","","19歳","","647","21","62","58","65","63","61","43","28","29","23","26","168","-"
"10300","","再婚者数【人】","00110","","妻","2020000000","","2020年","00120","","離別","00330","","20歳","","1,180","44","111","114","111","110","98","80","58","59","44","35","316","-"
"10300","","再婚者数【人】","00110","","妻","2020000000","","2020年","00120","","離別","00340","","21歳","","1,748","46","173","193","166","158","158","126","91","94","66","51","426","-"
"10300","","再婚者数【人】","00110","","妻","2020000000","","2020年","00120","","離別","00350","","22歳","","2,292","50","238","241","249","201","197","153","136","104","87","82","554","-"
"10300","","再婚者数【人】","00110","","妻","2020000000","","2020年","00120","","離別","00360","","23歳","","2,702","107","250","285","271","265","238","170","138","119","89","88","682","-"
"10300","","再婚者数【人】","00110","","妻","2020000000","","2020年","00120","","離別","00370","","24歳","","3,077","106","350","330","329","271","239","205","141","138","111","105","752","-"
"10300","","再婚者数【人】","00110","","妻","2020000000","","2020年","00120","","離別","00380","","25歳","","3,522","104","378","397","377","306","286","221","169","154","137","107","886","-"
"10300","","再婚者数【人】","00110","","妻","2020000000","","2020年","00120","","離別","00390","","26歳","","3,897","144","431","480","390","335","291","240","194","192","139","117","944","-"
"10300","","再婚者数【人】","00110","","妻","2020000000","","2020年","00120","","離別","00400","","27歳","","4,322","164","483","516","467","402","310","246","237","179","165","144","1,009","-"
"10300","","再婚者数【人】","00110","","妻","2020000000","","2020年","00120","","離別","00410","","28歳","","4,474","157","455","546","469","409","369","265","258","158","149","142","1,097","-"
"10300","","再婚者数【人】","00110","","妻","2020000000","","2020年","00120","","離別","00420","","29歳","","4,544","159","540","518","524","420","369","278","212","208","141","147","1,028","-"
"10300","","再婚者数【人】","00110","","妻","2020000000","","2020年","00120","","離別","00430","","30歳","","4,320","160","516","541","474","402","329","231","199","167","120","105","1,076","-"
"10300","","再婚者数【人】","00110","","妻","2020000000","","2020年","00120","","離別","00440","","31歳","","4,172","152","488","530","426","403","314","212","215","158","145","101","1,028","-"
"10300","","再婚者数【人】","00110","","妻","2020000000","","2020年","00120","","離別","00450","","32歳","","4,070","185","501","536","436","353","307","225","182","151","114","111","969","-"
"10300","","再婚者数【人】","00110","","妻","2020000000","","2020年","00120","","離別","00460","","33歳","","3,805","162","513","473","388","312","256","229","185","150","107","98","932","-"
"10300","","再婚者数【人】","00110","","妻","2020000000","","2020年","00120","","離別","00470","","34歳","","3,466","183","452","440","354","268","231","184","150","126","108","78","892","-"
"10300","","再婚者数【人】","00110","","妻","2020000000","","2020年","00120","","離別","00480","","35歳","","3,209","181","417","379","323","229","224","161","122","100","101","81","891","-"
"10300","","再婚者数【人】","00110","","妻","2020000000","","2020年","00120","","離別","00490","","36歳","","2,916","150","376","302","273","202","199","129","124","102","113","94","852","-"
"10300","","再婚者数【人】","00110","","妻","2020000000","","2020年","00120","","離別","00500","","37歳","","2,779","187","365","319","242","194","160","119","106","92","98","92","805","-"
"10300","","再婚者数【人】","00110","","妻","2020000000","","2020年","00120","","離別","00510","","38歳","","2,327","141","281","270","222","158","140","104","90","93","74","77","677","-"
"10300","","再婚者数【人】","00110","","妻","2020000000","","2020年","00120","","離別","00520","","39歳","","2,152","147","278","201","168","139","117","121","100","102","86","84","609","-"
"10300","","再婚者数【人】","00110","","妻","2020000000","","2020年","00120","","離別","00530","","40歳","","2,143","161","263","188","188","145","121","111","113","97","85","74","597","-"
"10300","","再婚者数【人】","00110","","妻","2020000000","","2020年","00120","","離別","00540","","41歳","","1,848","115","228","167","130","111","107","100","115","93","74","83","525","-"
"10300","","再婚者数【人】","00110","","妻","2020000000","","2020年","00120","","離別","00550","","42歳","","1,722","127","199","153","137","128","110","99","94","76","73","61","465","-"
"10300","","再婚者数【人】","00110","","妻","2020000000","","2020年","00120","","離別","00560","","43歳","","1,509","106","180","160","113","117","102","74","87","65","59","72","374","-"
"10300","","再婚者数【人】","00110","","妻","2020000000","","2020年","00120","","離別","00570","","44歳","","1,452","124","196","132","125","104","91","82","70","76","50","52","350","-"
"10300","","再婚者数【人】","00110","","妻","2020000000","","2020年","00120","","離別","00580","","45歳","","1,379","123","195","125","115","99","93","68","68","44","55","42","352","-"
"10300","","再婚者数【人】","00110","","妻","2020000000","","2020年","00120","","離別","00590","","46歳","","1,220","110","158","123","101","78","85","70","50","45","38","41","321","-"
"10300","","再婚者数【人】","00110","","妻","2020000000","","2020年","00120","","離別","00600","","47歳","","1,054","103","158","112","92","68","71","60","41","37","39","45","228","-"
"10300","","再婚者数【人】","00110","","妻","2020000000","","2020年","00120","","離別","00610","","48歳","","982","122","156","95","89","55","51","42","40","48","25","20","239","-"
"10300","","再婚者数【人】","00110","","妻","2020000000","","2020年","00120","","離別","00620","","49歳","","877","110","128","82","86","51","53","45","43","34","25","37","183","-"
"10300","","再婚者数【人】","00110","","妻","2020000000","","2020年","00120","","離別","00630","","50歳","","785","87","116","88","61","46","48","45","30","34","26","24","180","-"
"10300","","再婚者数【人】","00110","","妻","2020000000","","2020年","00120","","離別","00640","","51歳","","723","112","129","59","49","42","52","21","30","26","20","26","157","-"
"10300","","再婚者数【人】","00110","","妻","2020000000","","2020年","00120","","離別","00650","","52歳","","629","82","108","54","55","35","40","31","25","23","17","16","143","-"
"10300","","再婚者数【人】","00110","","妻","2020000000","","2020年","00120","","離別","00660","","53歳","","525","78","80","57","42","34","34","21","20","15","7","14","123","-"
"10300","","再婚者数【人】","00110","","妻","2020000000","","2020年","00120","","離別","00670","","54歳","","439","54","81","37","26","41","25","19","17","7","10","11","111","-"
"10300","","再婚者数【人】","00110","","妻","2020000000","","2020年","00120","","離別","00690","","55歳","","400","63","59","36","37","21","20","14","13","12","12","9","104","-"
"10300","","再婚者数【人】","00110","","妻","2020000000","","2020年","00120","","離別","00700","","56歳","","338","50","61","36","26","24","17","12","20","9","5","7","71","-"
"10300","","再婚者数【人】","00110","","妻","2020000000","","2020年","00120","","離別","00710","","57歳","","291","50","56","31","17","11","10","11","8","16","5","6","70","-"
"10300","","再婚者数【人】","00110","","妻","2020000000","","2020年","00120","","離別","00720","","58歳","","212","33","34","28","17","10","7","14","2","4","3","2","58","-"
"10300","","再婚者数【人】","00110","","妻","2020000000","","2020年","00120","","離別","00730","","59歳","","187","38","37","13","10","5","9","9","11","5","1","6","43","-"
"10300","","再婚者数【人】","00110","","妻","2020000000","","2020年","00120","","離別","00740","","60歳","","205","40","36","24","11","7","7","10","10","4","11","3","42","-"
"10300","","再婚者数【人】","00110","","妻","2020000000","","2020年","00120","","離別","00750","","61歳","","169","28","32","15","10","13","14","4","7","6","7","7","26","-"
"10300","","再婚者数【人】","00110","","妻","2020000000","","2020年","00120","","離別","00760","","62歳","","155","27","24","17","8","11","7","10","6","9","8","4","24","-"
"10300","","再婚者数【人】","00110","","妻","2020000000","","2020年","00120","","離別","00770","","63歳","","115","17","19","8","8","7","5","1","5","9","6","6","24","-"
"10300","","再婚者数【人】","00110","","妻","2020000000","","2020年","00120","","離別","00780","","64歳","","110","16","16","14","12","6","5","11","3","3","3","3","18","-"
"10300","","再婚者数【人】","00110","","妻","2020000000","","2020年","00120","","離別","00790","","65歳","","111","24","25","11","2","7","10","4","7","5","2","2","12","-"
"10300","","再婚者数【人】","00110","","妻","2020000000","","2020年","00120","","離別","00800","","66歳","","85","14","17","11","10","3","7","4","6","1","2","4","6","-"
"10300","","再婚者数【人】","00110","","妻","2020000000","","2020年","00120","","離別","00810","","67歳","","81","18","13","7","12","6","7","2","3","3","-","1","9","-"
"10300","","再婚者数【人】","00110","","妻","2020000000","","2020年","00120","","離別","00820","","68歳","","60","13","12","15","3","7","2","2","-","3","1","-","2","-"
"10300","","再婚者数【人】","00110","","妻","2020000000","","2020年","00120","","離別","00830","","69歳","","71","21","17","7","6","9","-","-","2","1","1","2","5","-"
"10300","","再婚者数【人】","00110","","妻","2020000000","","2020年","00120","","離別","00840","","70歳","","70","25","12","8","6","2","2","4","2","1","2","1","5","-"
"10300","","再婚者数【人】","00110","","妻","2020000000","","2020年","00120","","離別","00850","","71歳","","58","17","17","8","4","2","3","1","3","3","-","-","-","-"
"10300","","再婚者数【人】","00110","","妻","2020000000","","2020年","00120","","離別","00860","","72歳","","42","12","5","6","2","5","2","4","-","-","2","-","4","-"
"10300","","再婚者数【人】","00110","","妻","2020000000","","2020年","00120","","離別","00870","","73歳","","36","10","6","1","7","1","1","3","-","2","3","-","2","-"
"10300","","再婚者数【人】","00110","","妻","2020000000","","2020年","00120","","離別","00880","","74歳","","40","10","9","6","2","4","3","4","1","-","1","-","-","-"
"10300","","再婚者数【人】","00110","","妻","2020000000","","2020年","00120","","離別","00890","","75歳","","37","11","13","5","3","2","-","1","1","-","-","-","1","-"
"10300","","再婚者数【人】","00110","","妻","2020000000","","2020年","00120","","離別","00900","","76歳","","32","12","5","5","3","2","2","2","-","-","1","-","-","-"
"10300","","再婚者数【人】","00110","","妻","2020000000","","2020年","00120","","離別","00910","","77歳","","20","8","3","2","4","-","-","1","-","1","1","-","-","-"
"10300","","再婚者数【人】","00110","","妻","2020000000","","2020年","00120","","離別","00920","","78歳","","10","1","4","3","-","1","-","1","-","-","-","-","-","-"
"10300","","再婚者数【人】","00110","","妻","2020000000","","2020年","00120","","離別","00930","","79歳","","12","-","6","2","1","-","1","-","1","1","-","-","-","-"
"10300","","再婚者数【人】","00110","","妻","2020000000","","2020年","00120","","離別","00940","","80歳以上","","37","12","15","3","3","3","1","-","-","-","-","-","-","-"
"10300","","再婚者数【人】","00110","","妻","2020000000","","2020年","00120","","離別","01380","","不詳","","18","-","-","-","-","-","-","-","-","-","-","-","-","18"
"10300","","再婚者数【人】","00110","","妻","2019000000","","2019年","00100","","総数","00100","","総数","","101,409","6,009","12,235","10,966","9,613","8,348","6,800","5,844","4,930","4,057","3,745","3,254","25,566","42"
"10300","","再婚者数【人】","00110","","妻","2019000000","","2019年","00100","","総数","00290","","16歳","","16","-","-","3","1","2","1","-","1","1","-","2","5","-"
"10300","","再婚者数【人】","00110","","妻","2019000000","","2019年","00100","","総数","00300","","17歳","","97","3","8","10","11","7","7","7","5","1","4","4","30","-"
"10300","","再婚者数【人】","00110","","妻","2019000000","","2019年","00100","","総数","00310","","18歳","","347","8","31","32","36","37","23","28","16","16","12","15","93","-"
"10300","","再婚者数【人】","00110","","妻","2019000000","","2019年","00100","","総数","00320","","19歳","","701","19","61","62","74","64","43","62","40","29","31","32","184","-"
"10300","","再婚者数【人】","00110","","妻","2019000000","","2019年","00100","","総数","00330","","20歳","","1,323","40","128","154","127","110","113","76","75","49","60","45","346","-"
"10300","","再婚者数【人】","00110","","妻","2019000000","","2019年","00100","","総数","00340","","21歳","","2,015","66","191","227","217","187","144","147","104","84","91","66","491","-"
"10300","","再婚者数【人】","00110","","妻","2019000000","","2019年","00100","","総数","00350","","22歳","","2,507","75","253","259","253","232","207","144","156","112","102","96","618","-"
"10300","","再婚者数【人】","00110","","妻","2019000000","","2019年","00100","","総数","00360","","23歳","","3,097","109","313","299","309","295","245","215","182","132","107","108","783","-"
"10300","","再婚者数【人】","00110","","妻","2019000000","","2019年","00100","","総数","00370","","24歳","","3,661","140","385","357","345","330","278","283","177","154","148","131","933","-"
"10300","","再婚者数【人】","00110","","妻","2019000000","","2019年","00100","","総数","00380","","25歳","","4,218","148","396","467","443","397","319","257","247","177","183","146","1,038","-"
"10300","","再婚者数【人】","00110","","妻","2019000000","","2019年","00100","","総数","00390","","26歳","","4,578","173","476","503","481","431","320","292","225","214","183","155","1,125","-"
"10300","","再婚者数【人】","00110","","妻","2019000000","","2019年","00100","","総数","00400","","27歳","","4,914","203","551","617","512","427","372","316","233","210","199","146","1,128","-"
"10300","","再婚者数【人】","00110","","妻","2019000000","","2019年","00100","","総数","00410","","28歳","","5,058","165","571","601","534","477","374","314","274","219","173","145","1,211","-"
"10300","","再婚者数【人】","00110","","妻","2019000000","","2019年","00100","","総数","00420","","29歳","","5,135","198","558","625","499","453","405","304","276","200","158","172","1,287","-"
"10300","","再婚者数【人】","00110","","妻","2019000000","","2019年","00100","","総数","00430","","30歳","","5,160","188","586","594","583","522","378","330","234","183","175","137","1,250","-"
"10300","","再婚者数【人】","00110","","妻","2019000000","","2019年","00100","","総数","00440","","31歳","","4,955","182","547","620","519","441","334","281","252","177","184","142","1,276","-"
"10300","","再婚者数【人】","00110","","妻","2019000000","","2019年","00100","","総数","00450","","32歳","","4,652","209","529","562","500","406","310","286","222","197","134","130","1,167","-"
"10300","","再婚者数【人】","00110","","妻","2019000000","","2019年","00100","","総数","00460","","33歳","","4,416","224","538","516","428","358","301","237","202","142","134","146","1,190","-"
"10300","","再婚者数【人】","00110","","妻","2019000000","","2019年","00100","","総数","00470","","34歳","","4,209","234","554","459","387","313","299","235","187","162","149","110","1,120","-"
"10300","","再婚者数【人】","00110","","妻","2019000000","","2019年","00100","","総数","00480","","35歳","","3,835","213","470","443","351","304","238","180","165","115","118","132","1,106","-"
"10300","","再婚者数【人】","00110","","妻","2019000000","","2019年","00100","","総数","00490","","36歳","","3,462","210","449","382","342","256","189","177","147","146","134","101","929","-"
"10300","","再婚者数【人】","00110","","妻","2019000000","","2019年","00100","","総数","00500","","37歳","","3,296","195","431","325","321","238","182","145","153","138","133","104","931","-"
"10300","","再婚者数【人】","00110","","妻","2019000000","","2019年","00100","","総数","00510","","38歳","","2,954","180","381","321","248","192","178","160","129","107","131","112","815","-"
"10300","","再婚者数【人】","00110","","妻","2019000000","","2019年","00100","","総数","00520","","39歳","","2,676","199","372","224","207","177","149","135","118","122","102","106","765","-"
"10300","","再婚者数【人】","00110","","妻","2019000000","","2019年","00100","","総数","00530","","40歳","","2,407","201","289","212","171","170","169","126","118","107","106","96","642","-"
"10300","","再婚者数【人】","00110","","妻","2019000000","","2019年","00100","","総数","00540","","41歳","","2,210","171","282","199","176","147","123","136","103","97","99","81","596","-"
"10300","","再婚者数【人】","00110","","妻","2019000000","","2019年","00100","","総数","00550","","42歳","","2,028","137","267","186","138","165","139","96","113","90","79","81","537","-"
"10300","","再婚者数【人】","00110","","妻","2019000000","","2019年","00100","","総数","00560","","43歳","","1,866","128","235","177","154","148","112","122","93","93","72","51","481","-"
"10300","","再婚者数【人】","00110","","妻","2019000000","","2019年","00100","","総数","00570","","44歳","","1,696","129","227","163","130","134","112","87","78","70","62","65","439","-"
"10300","","再婚者数【人】","00110","","妻","2019000000","","2019年","00100","","総数","00580","","45歳","","1,593","123","210","133","132","116","113","86","80","60","98","49","393","-"
"10300","","再婚者数【人】","00110","","妻","2019000000","","2019年","00100","","総数","00590","","46歳","","1,413","162","201","141","116","96","83","73","63","67","42","42","327","-"
"10300","","再婚者数【人】","00110","","妻","2019000000","","2019年","00100","","総数","00600","","47歳","","1,314","131","196","150","102","83","71","62","70","44","46","43","316","-"
"10300","","再婚者数【人】","00110","","妻","2019000000","","2019年","00100","","総数","00610","","48歳","","1,171","121","160","119","108","77","57","65","57","49","43","33","282","-"
"10300","","再婚者数【人】","00110","","妻","2019000000","","2019年","00100","","総数","00620","","49歳","","1,086","138","162","98","109","63","69","55","41","39","31","24","257","-"
"10300","","再婚者数【人】","00110","","妻","2019000000","","2019年","00100","","総数","00630","","50歳","","1,004","123","176","103","73","75","53","51","51","35","24","29","211","-"
"10300","","再婚者数【人】","00110","","妻","2019000000","","2019年","00100","","総数","00640","","51歳","","837","110","122","82","77","61","40","30","33","29","28","24","201","-"
"10300","","再婚者数【人】","00110","","妻","2019000000","","2019年","00100","","総数","00650","","52歳","","731","108","109","80","63","49","36","26","28","23","22","14","173","-"
"10300","","再婚者数【人】","00110","","妻","2019000000","","2019年","00100","","総数","00660","","53歳","","578","68","99","57","46","40","28","20","24","18","19","20","139","-"
"10300","","再婚者数【人】","00110","","妻","2019000000","","2019年","00100","","総数","00670","","54歳","","534","87","86","62","35","32","21","29","18","20","16","17","111","-"
"10300","","再婚者数【人】","00110","","妻","2019000000","","2019年","00100","","総数","00690","","55歳","","447","61","86","34","35","29","22","26","23","12","18","9","92","-"
"10300","","再婚者数【人】","00110","","妻","2019000000","","2019年","00100","","総数","00700","","56歳","","388","73","62","28","29","22","21","11","15","14","12","16","85","-"
"10300","","再婚者数【人】","00110","","妻","2019000000","","2019年","00100","","総数","00710","","57歳","","371","57","54","34","25","25","16","11","15","18","12","14","90","-"
"10300","","再婚者数【人】","00110","","妻","2019000000","","2019年","00100","","総数","00720","","58歳","","311","49","55","24","19","18","17","17","10","10","10","10","72","-"
"10300","","再婚者数【人】","00110","","妻","2019000000","","2019年","00100","","総数","00730","","59歳","","253","52","42","17","16","14","11","11","5","10","11","8","56","-"
"10300","","再婚者数【人】","00110","","妻","2019000000","","2019年","00100","","総数","00740","","60歳","","213","34","32","21","12","13","5","13","5","7","12","10","49","-"
"10300","","再婚者数【人】","00110","","妻","2019000000","","2019年","00100","","総数","00750","","61歳","","198","39","30","17","11","8","16","11","12","7","6","5","36","-"
"10300","","再婚者数【人】","00110","","妻","2019000000","","2019年","00100","","総数","00760","","62歳","","155","30","27","13","7","4","5","7","11","5","8","4","34","-"
"10300","","再婚者数【人】","00110","","妻","2019000000","","2019年","00100","","総数","00770","","63歳","","151","23","28","14","14","8","5","7","4","11","4","6","27","-"
"10300","","再婚者数【人】","00110","","妻","2019000000","","2019年","00100","","総数","00780","","64歳","","147","19","24","15","14","9","6","15","8","3","2","5","27","-"
"10300","","再婚者数【人】","00110","","妻","2019000000","","2019年","00100","","総数","00790","","65歳","","141","25","24","17","8","14","6","6","8","4","4","4","21","-"
"10300","","再婚者数【人】","00110","","妻","2019000000","","2019年","00100","","総数","00800","","66歳","","108","17","19","16","2","14","4","8","5","5","3","4","11","-"
"10300","","再婚者数【人】","00110","","妻","2019000000","","2019年","00100","","総数","00810","","67歳","","103","16","26","13","11","8","3","6","-","4","-","1","15","-"
"10300","","再婚者数【人】","00110","","妻","2019000000","","2019年","00100","","総数","00820","","68歳","","94","22","15","10","8","11","4","4","5","3","2","2","8","-"
"10300","","再婚者数【人】","00110","","妻","2019000000","","2019年","00100","","総数","00830","","69歳","","85","27","9","12","7","8","3","7","1","3","1","1","6","-"
"10300","","再婚者数【人】","00110","","妻","2019000000","","2019年","00100","","総数","00840","","70歳","","84","24","24","6","4","5","7","1","5","3","1","-","4","-"
"10300","","再婚者数【人】","00110","","妻","2019000000","","2019年","00100","","総数","00850","","71歳","","58","17","11","7","2","3","5","1","4","4","1","1","2","-"
"10300","","再婚者数【人】","00110","","妻","2019000000","","2019年","00100","","総数","00860","","72歳","","59","16","8","7","11","6","1","-","1","4","2","2","1","-"
"10300","","再婚者数【人】","00110","","妻","2019000000","","2019年","00100","","総数","00870","","73歳","","45","17","6","5","8","-","3","1","-","-","2","-","3","-"
"10300","","再婚者数【人】","00110","","妻","2019000000","","2019年","00100","","総数","00880","","74歳","","34","13","8","4","3","1","1","1","-","2","-","-","1","-"
"10300","","再婚者数【人】","00110","","妻","2019000000","","2019年","00100","","総数","00890","","75歳","","32","8","10","6","1","3","1","3","-","-","-","-","-","-"
"10300","","再婚者数【人】","00110","","妻","2019000000","","2019年","00100","","総数","00900","","76歳","","22","8","3","3","2","2","1","-","2","-","1","-","-","-"
"10300","","再婚者数【人】","00110","","妻","2019000000","","2019年","00100","","総数","00910","","77歳","","22","6","8","3","1","2","1","-","-","-","1","-","-","-"
"10300","","再婚者数【人】","00110","","妻","2019000000","","2019年","00100","","総数","00920","","78歳","","18","9","6","2","1","-","-","-","-","-","-","-","-","-"
"10300","","再婚者数【人】","00110","","妻","2019000000","","2019年","00100","","総数","00930","","79歳","","21","9","3","3","1","2","-","2","1","-","-","-","-","-"
"10300","","再婚者数【人】","00110","","妻","2019000000","","2019年","00100","","総数","00940","","80歳以上","","57","20","15","11","3","7","1","-","-","-","-","-","-","-"
"10300","","再婚者数【人】","00110","","妻","2019000000","","2019年","00100","","総数","01380","","不詳","","42","-","-","-","-","-","-","-","-","-","-","-","-","42"
"10300","","再婚者数【人】","00110","","妻","2019000000","","2019年","00110","","死別","00100","","総数","","2,485","43","145","165","178","153","161","142","146","124","103","84","1,035","6"
"10300","","再婚者数【人】","00110","","妻","2019000000","","2019年","00110","","死別","00290","","16歳","","-","-","-","-","-","-","-","-","-","-","-","-","-","-"
"10300","","再婚者数【人】","00110","","妻","2019000000","","2019年","00110","","死別","00300","","17歳","","2","-","-","-","-","1","-","1","-","-","-","-","-","-"
"10300","","再婚者数【人】","00110","","妻","2019000000","","2019年","00110","","死別","00310","","18歳","","2","-","-","-","1","1","-","-","-","-","-","-","-","-"
"10300","","再婚者数【人】","00110","","妻","2019000000","","2019年","00110","","死別","00320","","19歳","","8","-","-","1","3","-","-","-","-","-","-","1","3","-"
"10300","","再婚者数【人】","00110","","妻","2019000000","","2019年","00110","","死別","00330","","20歳","","9","-","-","-","2","-","2","-","1","-","-","-","4","-"
"10300","","再婚者数【人】","00110","","妻","2019000000","","2019年","00110","","死別","00340","","21歳","","14","-","-","1","3","1","-","-","1","3","-","2","3","-"
"10300","","再婚者数【人】","00110","","妻","2019000000","","2019年","00110","","死別","00350","","22歳","","25","-","1","2","2","2","3","1","-","-","3","1","10","-"
"10300","","再婚者数【人】","00110","","妻","2019000000","","2019年","00110","","死別","00360","","23歳","","27","-","3","2","2","-","2","3","4","1","2","1","7","-"
"10300","","再婚者数【人】","00110","","妻","2019000000","","2019年","00110","","死別","00370","","24歳","","34","1","3","2","1","1","2","2","4","3","2","1","12","-"
"10300","","再婚者数【人】","00110","","妻","2019000000","","2019年","00110","","死別","00380","","25歳","","45","2","2","2","2","3","3","-","4","4","3","1","19","-"
"10300","","再婚者数【人】","00110","","妻","2019000000","","2019年","00110","","死別","00390","","26歳","","58","1","7","6","8","2","2","2","3","3","1","2","21","-"
"10300","","再婚者数【人】","00110","","妻","2019000000","","2019年","00110","","死別","00400","","27歳","","62","-","2","3","4","3","6","4","5","1","3","3","28","-"
"10300","","再婚者数【人】","00110","","妻","2019000000","","2019年","00110","","死別","00410","","28歳","","63","-","2","4","4","2","6","3","7","4","3","3","25","-"
"10300","","再婚者数【人】","00110","","妻","2019000000","","2019年","00110","","死別","00420","","29歳","","70","1","5","4","4","7","5","4","5","2","1","3","29","-"
"10300","","再婚者数【人】","00110","","妻","2019000000","","2019年","00110","","死別","00430","","30歳","","70","-","3","4","6","5","4","1","2","6","1","4","34","-"
"10300","","再婚者数【人】","00110","","妻","2019000000","","2019年","00110","","死別","00440","","31歳","","71","1","4","8","6","1","3","4","6","6","3","-","29","-"
"10300","","再婚者数【人】","00110","","妻","2019000000","","2019年","00110","","死別","00450","","32歳","","79","2","3","5","8","6","3","7","6","3","5","3","28","-"
"10300","","再婚者数【人】","00110","","妻","2019000000","","2019年","00110","","死別","00460","","33歳","","84","2","3","6","7","6","7","7","2","6","5","2","31","-"
"10300","","再婚者数【人】","00110","","妻","2019000000","","2019年","00110","","死別","00470","","34歳","","79","-","5","4","10","4","2","4","4","3","5","-","38","-"
"10300","","再婚者数【人】","00110","","妻","2019000000","","2019年","00110","","死別","00480","","35歳","","57","1","4","3","3","3","5","1","7","4","4","2","20","-"
"10300","","再婚者数【人】","00110","","妻","2019000000","","2019年","00110","","死別","00490","","36歳","","69","-","5","4","3","9","5","6","1","3","3","3","27","-"
"10300","","再婚者数【人】","00110","","妻","2019000000","","2019年","00110","","死別","00500","","37歳","","72","1","6","3","6","7","7","1","5","3","2","3","28","-"
"10300","","再婚者数【人】","00110","","妻","2019000000","","2019年","00110","","死別","00510","","38歳","","72","1","6","8","1","4","6","1","3","4","2","3","33","-"
"10300","","再婚者数【人】","00110","","妻","2019000000","","2019年","00110","","死別","00520","","39歳","","73","4","6","3","1","4","3","2","1","2","2","3","42","-"
"10300","","再婚者数【人】","00110","","妻","2019000000","","2019年","00110","","死別","00530","","40歳","","66","-","9","2","1","3","5","2","5","3","-","2","34","-"
"10300","","再婚者数【人】","00110","","妻","2019000000","","2019年","00110","","死別","00540","","41歳","","70","1","-","2","3","5","2","4","1","2","5","3","42","-"
"10300","","再婚者数【人】","00110","","妻","2019000000","","2019年","00110","","死別","00550","","42歳","","77","-","5","2","7","3","6","3","4","5","2","1","39","-"
"10300","","再婚者数【人】","00110","","妻","2019000000","","2019年","00110","","死別","00560","","43歳","","78","1","3","4","8","4","9","8","1","1","5","-","34","-"
"10300","","再婚者数【人】","00110","","妻","2019000000","","2019年","00110","","死別","00570","","44歳","","68","1","4","4","2","3","4","3","3","3","2","3","36","-"
"10300","","再婚者数【人】","00110","","妻","2019000000","","2019年","00110","","死別","00580","","45歳","","65","1","-","6","5","1","3","4","3","4","3","2","33","-"
"10300","","再婚者数【人】","00110","","妻","2019000000","","2019年","00110","","死別","00590","","46歳","","63","1","3","5","5","4","2","3","5","9","1","1","24","-"
"10300","","再婚者数【人】","00110","","妻","2019000000","","2019年","00110","","死別","00600","","47歳","","50","1","3","2","4","4","1","2","3","-","2","2","26","-"
"10300","","再婚者数【人】","00110","","妻","2019000000","","2019年","00110","","死別","00610","","48歳","","59","-","2","5","3","2","4","5","1","4","5","1","27","-"
"10300","","再婚者数【人】","00110","","妻","2019000000","","2019年","00110","","死別","00620","","49歳","","51","1","-","3","8","2","2","8","3","-","-","1","23","-"
"10300","","再婚者数【人】","00110","","妻","2019000000","","2019年","00110","","死別","00630","","50歳","","53","1","3","7","2","5","5","2","4","-","3","1","20","-"
"10300","","再婚者数【人】","00110","","妻","2019000000","","2019年","00110","","死別","00640","","51歳","","54","2","1","3","5","4","2","2","1","-","2","2","30","-"
"10300","","再婚者数【人】","00110","","妻","2019000000","","2019年","00110","","死別","00650","","52歳","","43","-","-","2","5","3","2","1","4","3","1","-","22","-"
"10300","","再婚者数【人】","00110","","妻","2019000000","","2019年","00110","","死別","00660","","53歳","","50","1","4","7","3","3","4","1","2","1","3","1","20","-"
"10300","","再婚者数【人】","00110","","妻","2019000000","","2019年","00110","","死別","00670","","54歳","","40","1","2","4","-","1","2","1","4","1","3","4","17","-"
"10300","","再婚者数【人】","00110","","妻","2019000000","","2019年","00110","","死別","00690","","55歳","","39","-","3","2","1","4","2","6","3","2","2","1","13","-"
"10300","","再婚者数【人】","00110","","妻","2019000000","","2019年","00110","","死別","00700","","56歳","","35","2","2","1","3","1","5","1","-","2","-","2","16","-"
"10300","","再婚者数【人】","00110","","妻","2019000000","","2019年","00110","","死別","00710","","57歳","","40","1","4","3","1","2","4","3","3","-","4","4","11","-"
"10300","","再婚者数【人】","00110","","妻","2019000000","","2019年","00110","","死別","00720","","58歳","","32","-","2","3","1","2","-","3","3","2","1","3","12","-"
"10300","","再婚者数【人】","00110","","妻","2019000000","","2019年","00110","","死別","00730","","59歳","","27","-","4","1","1","2","-","4","1","2","-","-","12","-"
"10300","","再婚者数【人】","00110","","妻","2019000000","","2019年","00110","","死別","00740","","60歳","","25","-","1","2","-","2","2","2","-","1","2","2","11","-"
"10300","","再婚者数【人】","00110","","妻","2019000000","","2019年","00110","","死別","00750","","61歳","","25","-","2","-","1","3","6","2","2","3","-","-","6","-"
"10300","","再婚者数【人】","00110","","妻","2019000000","","2019年","00110","","死別","00760","","62歳","","20","1","1","1","2","1","-","-","1","1","2","-","10","-"
"10300","","再婚者数【人】","00110","","妻","2019000000","","2019年","00110","","死別","00770","","63歳","","35","1","2","4","3","1","3","6","2","4","-","2","7","-"
"10300","","再婚者数【人】","00110","","妻","2019000000","","2019年","00110","","死別","00780","","64歳","","21","-","4","-","2","1","1","2","2","1","-","1","7","-"
"10300","","再婚者数【人】","00110","","妻","2019000000","","2019年","00110","","死別","00790","","65歳","","24","1","1","3","-","2","1","-","3","1","-","2","10","-"
"10300","","再婚者数【人】","00110","","妻","2019000000","","2019年","00110","","死別","00800","","66歳","","20","2","1","1","1","3","1","2","2","2","-","-","5","-"
"10300","","再婚者数【人】","00110","","妻","2019000000","","2019年","00110","","死別","00810","","67歳","","12","-","2","3","1","1","-","1","-","1","-","-","3","-"
"10300","","再婚者数【人】","00110","","妻","2019000000","","2019年","00110","","死別","00820","","68歳","","17","-","-","-","2","3","-","2","4","-","-","1","5","-"
"10300","","再婚者数【人】","00110","","妻","2019000000","","2019年","00110","","死別","00830","","69歳","","12","-","-","1","1","1","2","1","1","-","1","-","4","-"
"10300","","再婚者数【人】","00110","","妻","2019000000","","2019年","00110","","死別","00840","","70歳","","11","2","1","1","1","-","-","-","1","2","1","-","2","-"
"10300","","再婚者数【人】","00110","","妻","2019000000","","2019年","00110","","死別","00850","","71歳","","13","1","-","1","1","1","3","1","2","1","1","-","1","-"
"10300","","再婚者数【人】","00110","","妻","2019000000","","2019年","00110","","死別","00860","","72歳","","8","1","-","-","3","1","-","-","1","1","-","1","-","-"
"10300","","再婚者数【人】","00110","","妻","2019000000","","2019年","00110","","死別","00870","","73歳","","8","-","1","-","2","-","2","-","-","-","1","-","2","-"
"10300","","再婚者数【人】","00110","","妻","2019000000","","2019年","00110","","死別","00880","","74歳","","3","-","-","1","1","-","-","-","-","1","-","-","-","-"
"10300","","再婚者数【人】","00110","","妻","2019000000","","2019年","00110","","死別","00890","","75歳","","4","-","1","1","-","1","-","1","-","-","-","-","-","-"
"10300","","再婚者数【人】","00110","","妻","2019000000","","2019年","00110","","死別","00900","","76歳","","4","-","-","-","1","2","-","-","-","-","1","-","-","-"
"10300","","再婚者数【人】","00110","","妻","2019000000","","2019年","00110","","死別","00910","","77歳","","2","-","1","1","-","-","-","-","-","-","-","-","-","-"
"10300","","再婚者数【人】","00110","","妻","2019000000","","2019年","00110","","死別","00920","","78歳","","3","1","1","-","1","-","-","-","-","-","-","-","-","-"
"10300","","再婚者数【人】","00110","","妻","2019000000","","2019年","00110","","死別","00930","","79歳","","2","-","-","-","-","-","-","2","-","-","-","-","-","-"
"10300","","再婚者数【人】","00110","","妻","2019000000","","2019年","00110","","死別","00940","","80歳以上","","5","1","2","2","-","-","-","-","-","-","-","-","-","-"
"10300","","再婚者数【人】","00110","","妻","2019000000","","2019年","00110","","死別","01380","","不詳","","6","-","-","-","-","-","-","-","-","-","-","-","-","6"
"10300","","再婚者数【人】","00110","","妻","2019000000","","2019年","00120","","離別","00100","","総数","","98,924","5,966","12,090","10,801","9,435","8,195","6,639","5,702","4,784","3,933","3,642","3,170","24,531","36"
"10300","","再婚者数【人】","00110","","妻","2019000000","","2019年","00120","","離別","00290","","16歳","","16","-","-","3","1","2","1","-","1","1","-","2","5","-"
"10300","","再婚者数【人】","00110","","妻","2019000000","","2019年","00120","","離別","00300","","17歳","","95","3","8","10","11","6","7","6","5","1","4","4","30","-"
"10300","","再婚者数【人】","00110","","妻","2019000000","","2019年","00120","","離別","00310","","18歳","","345","8","31","32","35","36","23","28","16","16","12","15","93","-"
"10300","","再婚者数【人】","00110","","妻","2019000000","","2019年","00120","","離別","00320","","19歳","","693","19","61","61","71","64","43","62","40","29","31","31","181","-"
"10300","","再婚者数【人】","00110","","妻","2019000000","","2019年","00120","","離別","00330","","20歳","","1,314","40","128","154","125","110","111","76","74","49","60","45","342","-"
"10300","","再婚者数【人】","00110","","妻","2019000000","","2019年","00120","","離別","00340","","21歳","","2,001","66","191","226","214","186","144","147","103","81","91","64","488","-"
"10300","","再婚者数【人】","00110","","妻","2019000000","","2019年","00120","","離別","00350","","22歳","","2,482","75","252","257","251","230","204","143","156","112","99","95","608","-"
"10300","","再婚者数【人】","00110","","妻","2019000000","","2019年","00120","","離別","00360","","23歳","","3,070","109","310","297","307","295","243","212","178","131","105","107","776","-"
"10300","","再婚者数【人】","00110","","妻","2019000000","","2019年","00120","","離別","00370","","24歳","","3,627","139","382","355","344","329","276","281","173","151","146","130","921","-"
"10300","","再婚者数【人】","00110","","妻","2019000000","","2019年","00120","","離別","00380","","25歳","","4,173","146","394","465","441","394","316","257","243","173","180","145","1,019","-"
"10300","","再婚者数【人】","00110","","妻","2019000000","","2019年","00120","","離別","00390","","26歳","","4,520","172","469","497","473","429","318","290","222","211","182","153","1,104","-"
"10300","","再婚者数【人】","00110","","妻","2019000000","","2019年","00120","","離別","00400","","27歳","","4,852","203","549","614","508","424","366","312","228","209","196","143","1,100","-"
"10300","","再婚者数【人】","00110","","妻","2019000000","","2019年","00120","","離別","00410","","28歳","","4,995","165","569","597","530","475","368","311","267","215","170","142","1,186","-"
"10300","","再婚者数【人】","00110","","妻","2019000000","","2019年","00120","","離別","00420","","29歳","","5,065","197","553","621","495","446","400","300","271","198","157","169","1,258","-"
"10300","","再婚者数【人】","00110","","妻","2019000000","","2019年","00120","","離別","00430","","30歳","","5,090","188","583","590","577","517","374","329","232","177","174","133","1,216","-"
"10300","","再婚者数【人】","00110","","妻","2019000000","","2019年","00120","","離別","00440","","31歳","","4,884","181","543","612","513","440","331","277","246","171","181","142","1,247","-"
"10300","","再婚者数【人】","00110","","妻","2019000000","","2019年","00120","","離別","00450","","32歳","","4,573","207","526","557","492","400","307","279","216","194","129","127","1,139","-"
"10300","","再婚者数【人】","00110","","妻","2019000000","","2019年","00120","","離別","00460","","33歳","","4,332","222","535","510","421","352","294","230","200","136","129","144","1,159","-"
"10300","","再婚者数【人】","00110","","妻","2019000000","","2019年","00120","","離別","00470","","34歳","","4,130","234","549","455","377","309","297","231","183","159","144","110","1,082","-"
"10300","","再婚者数【人】","00110","","妻","2019000000","","2019年","00120","","離別","00480","","35歳","","3,778","212","466","440","348","301","233","179","158","111","114","130","1,086","-"
"10300","","再婚者数【人】","00110","","妻","2019000000","","2019年","00120","","離別","00490","","36歳","","3,393","210","444","378","339","247","184","171","146","143","131","98","902","-"
"10300","","再婚者数【人】","00110","","妻","2019000000","","2019年","00120","","離別","00500","","37歳","","3,224","194","425","322","315","231","175","144","148","135","131","101","903","-"
"10300","","再婚者数【人】","00110","","妻","2019000000","","2019年","00120","","離別","00510","","38歳","","2,882","179","375","313","247","188","172","159","126","103","129","109","782","-"
"10300","","再婚者数【人】","00110","","妻","2019000000","","2019年","00120","","離別","00520","","39歳","","2,603","195","366","221","206","173","146","133","117","120","100","103","723","-"
"10300","","再婚者数【人】","00110","","妻","2019000000","","2019年","00120","","離別","00530","","40歳","","2,341","201","280","210","170","167","164","124","113","104","106","94","608","-"
"10300","","再婚者数【人】","00110","","妻","2019000000","","2019年","00120","","離別","00540","","41歳","","2,140","170","282","197","173","142","121","132","102","95","94","78","554","-"
"10300","","再婚者数【人】","00110","","妻","2019000000","","2019年","00120","","離別","00550","","42歳","","1,951","137","262","184","131","162","133","93","109","85","77","80","498","-"
"10300","","再婚者数【人】","00110","","妻","2019000000","","2019年","00120","","離別","00560","","43歳","","1,788","127","232","173","146","144","103","114","92","92","67","51","447","-"
"10300","","再婚者数【人】","00110","","妻","2019000000","","2019年","00120","","離別","00570","","44歳","","1,628","128","223","159","128","131","108","84","75","67","60","62","403","-"
"10300","","再婚者数【人】","00110","","妻","2019000000","","2019年","00120","","離別","00580","","45歳","","1,528","122","210","127","127","115","110","82","77","56","95","47","360","-"
"10300","","再婚者数【人】","00110","","妻","2019000000","","2019年","00120","","離別","00590","","46歳","","1,350","161","198","136","111","92","81","70","58","58","41","41","303","-"
"10300","","再婚者数【人】","00110","","妻","2019000000","","2019年","00120","","離別","00600","","47歳","","1,264","130","193","148","98","79","70","60","67","44","44","41","290","-"
"10300","","再婚者数【人】","00110","","妻","2019000000","","2019年","00120","","離別","00610","","48歳","","1,112","121","158","114","105","75","53","60","56","45","38","32","255","-"
"10300","","再婚者数【人】","00110","","妻","2019000000","","2019年","00120","","離別","00620","","49歳","","1,035","137","162","95","101","61","67","47","38","39","31","23","234","-"
"10300","","再婚者数【人】","00110","","妻","2019000000","","2019年","00120","","離別","00630","","50歳","","951","122","173","96","71","70","48","49","47","35","21","28","191","-"
"10300","","再婚者数【人】","00110","","妻","2019000000","","2019年","00120","","離別","00640","","51歳","","783","108","121","79","72","57","38","28","32","29","26","22","171","-"
"10300","","再婚者数【人】","00110","","妻","2019000000","","2019年","00120","","離別","00650","","52歳","","688","108","109","78","58","46","34","25","24","20","21","14","151","-"
"10300","","再婚者数【人】","00110","","妻","2019000000","","2019年","00120","","離別","00660","","53歳","","528","67","95","50","43","37","24","19","22","17","16","19","119","-"
"10300","","再婚者数【人】","00110","","妻","2019000000","","2019年","00120","","離別","00670","","54歳","","494","86","84","58","35","31","19","28","14","19","13","13","94","-"
"10300","","再婚者数【人】","00110","","妻","2019000000","","2019年","00120","","離別","00690","","55歳","","408","61","83","32","34","25","20","20","20","10","16","8","79","-"
"10300","","再婚者数【人】","00110","","妻","2019000000","","2019年","00120","","離別","00700","","56歳","","353","71","60","27","26","21","16","10","15","12","12","14","69","-"
"10300","","再婚者数【人】","00110","","妻","2019000000","","2019年","00120","","離別","00710","","57歳","","331","56","50","31","24","23","12","8","12","18","8","10","79","-"
"10300","","再婚者数【人】","00110","","妻","2019000000","","2019年","00120","","離別","00720","","58歳","","279","49","53","21","18","16","17","14","7","8","9","7","60","-"
"10300","","再婚者数【人】","00110","","妻","2019000000","","2019年","00120","","離別","00730","","59歳","","226","52","38","16","15","12","11","7","4","8","11","8","44","-"
"10300","","再婚者数【人】","00110","","妻","2019000000","","2019年","00120","","離別","00740","","60歳","","188","34","31","19","12","11","3","11","5","6","10","8","38","-"
"10300","","再婚者数【人】","00110","","妻","2019000000","","2019年","00120","","離別","00750","","61歳","","173","39","28","17","10","5","10","9","10","4","6","5","30","-"
"10300","","再婚者数【人】","00110","","妻","2019000000","","2019年","00120","","離別","00760","","62歳","","135","29","26","12","5","3","5","7","10","4","6","4","24","-"
"10300","","再婚者数【人】","00110","","妻","2019000000","","2019年","00120","","離別","00770","","63歳","","116","22","26","10","11","7","2","1","2","7","4","4","20","-"
"10300","","再婚者数【人】","00110","","妻","2019000000","","2019年","00120","","離別","00780","","64歳","","126","19","20","15","12","8","5","13","6","2","2","4","20","-"
"10300","","再婚者数【人】","00110","","妻","2019000000","","2019年","00120","","離別","00790","","65歳","","117","24","23","14","8","12","5","6","5","3","4","2","11","-"
"10300","","再婚者数【人】","00110","","妻","2019000000","","2019年","00120","","離別","00800","","66歳","","88","15","18","15","1","11","3","6","3","3","3","4","6","-"
"10300","","再婚者数【人】","00110","","妻","2019000000","","2019年","00120","","離別","00810","","67歳","","91","16","24","10","10","7","3","5","-","3","-","1","12","-"
"10300","","再婚者数【人】","00110","","妻","2019000000","","2019年","00120","","離別","00820","","68歳","","77","22","15","10","6","8","4","2","1","3","2","1","3","-"
"10300","","再婚者数【人】","00110","","妻","2019000000","","2019年","00120","","離別","00830","","69歳","","73","27","9","11","6","7","1","6","-","3","-","1","2","-"
"10300","","再婚者数【人】","00110","","妻","2019000000","","2019年","00120","","離別","00840","","70歳","","73","22","23","5","3","5","7","1","4","1","-","-","2","-"
"10300","","再婚者数【人】","00110","","妻","2019000000","","2019年","00120","","離別","00850","","71歳","","45","16","11","6","1","2","2","-","2","3","-","1","1","-"
"10300","","再婚者数【人】","00110","","妻","2019000000","","2019年","00120","","離別","00860","","72歳","","51","15","8","7","8","5","1","-","-","3","2","1","1","-"
"10300","","再婚者数【人】","00110","","妻","2019000000","","2019年","00120","","離別","00870","","73歳","","37","17","5","5","6","-","1","1","-","-","1","-","1","-"
"10300","","再婚者数【人】","00110","","妻","2019000000","","2019年","00120","","離別","00880","","74歳","","31","13","8","3","2","1","1","1","-","1","-","-","1","-"
"10300","","再婚者数【人】","00110","","妻","2019000000","","2019年","00120","","離別","00890","","75歳","","28","8","9","5","1","2","1","2","-","-","-","-","-","-"
"10300","","再婚者数【人】","00110","","妻","2019000000","","2019年","00120","","離別","00900","","76歳","","18","8","3","3","1","-","1","-","2","-","-","-","-","-"
"10300","","再婚者数【人】","00110","","妻","2019000000","","2019年","00120","","離別","00910","","77歳","","20","6","7","2","1","2","1","-","-","-","1","-","-","-"
"10300","","再婚者数【人】","00110","","妻","2019000000","","2019年","00120","","離別","00920","","78歳","","15","8","5","2","-","-","-","-","-","-","-","-","-","-"
"10300","","再婚者数【人】","00110","","妻","2019000000","","2019年","00120","","離別","00930","","79歳","","19","9","3","3","1","2","-","-","1","-","-","-","-","-"
"10300","","再婚者数【人】","00110","","妻","2019000000","","2019年","00120","","離別","00940","","80歳以上","","52","19","13","9","3","7","1","-","-","-","-","-","-","-"
"10300","","再婚者数【人】","00110","","妻","2019000000","","2019年","00120","","離別","01380","","不詳","","36","-","-","-","-","-","-","-","-","-","-","-","-","36"
"10300","","再婚者数【人】","00110","","妻","2018000000","","2018年","00100","","総数","00100","","総数","","98,829","5,906","12,112","10,934","9,773","8,106","6,860","5,833","4,721","4,205","3,557","3,073","23,703","46"
"10300","","再婚者数【人】","00110","","妻","2018000000","","2018年","00100","","総数","00290","","16歳","","23","-","3","4","1","2","1","1","1","3","-","1","6","-"
"10300","","再婚者数【人】","00110","","妻","2018000000","","2018年","00100","","総数","00300","","17歳","","96","-","8","9","14","8","6","4","3","5","8","6","25","-"
"10300","","再婚者数【人】","00110","","妻","2018000000","","2018年","00100","","総数","00310","","18歳","","360","12","31","46","37","29","30","26","16","19","14","14","86","-"
"10300","","再婚者数【人】","00110","","妻","2018000000","","2018年","00100","","総数","00320","","19歳","","807","22","69","81","71","90","75","54","46","33","41","30","195","-"
"10300","","再婚者数【人】","00110","","妻","2018000000","","2018年","00100","","総数","00330","","20歳","","1,338","45","139","152","153","108","105","79","56","72","62","46","321","-"
"10300","","再婚者数【人】","00110","","妻","2018000000","","2018年","00100","","総数","00340","","21歳","","1,935","68","161","203","177","166","169","126","118","111","79","75","482","-"
"10300","","再婚者数【人】","00110","","妻","2018000000","","2018年","00100","","総数","00350","","22歳","","2,544","96","261","243","272","223","207","140","147","144","106","83","622","-"
"10300","","再婚者数【人】","00110","","妻","2018000000","","2018年","00100","","総数","00360","","23歳","","3,028","107","284","314","294","269","238","234","148","151","106","107","776","-"
"10300","","再婚者数【人】","00110","","妻","2018000000","","2018年","00100","","総数","00370","","24歳","","3,445","132","321","394","356","320","288","226","164","165","111","118","850","-"
"10300","","再婚者数【人】","00110","","妻","2018000000","","2018年","00100","","総数","00380","","25歳","","4,053","138","388","403","456","375","323","290","213","179","175","132","981","-"
"10300","","再婚者数【人】","00110","","妻","2018000000","","2018年","00100","","総数","00390","","26歳","","4,516","155","490","516","462","420","353","299","242","185","163","139","1,092","-"
"10300","","再婚者数【人】","00110","","妻","2018000000","","2018年","00100","","総数","00400","","27歳","","4,745","163","489","563","500","441","345","325","257","183","192","152","1,135","-"
"10300","","再婚者数【人】","00110","","妻","2018000000","","2018年","00100","","総数","00410","","28歳","","4,988","197","537","605","564","392","409","311","248","229","180","135","1,181","-"
"10300","","再婚者数【人】","00110","","妻","2018000000","","2018年","00100","","総数","00420","","29歳","","5,068","207","552","621","541","499","384","305","245","216","179","146","1,173","-"
"10300","","再婚者数【人】","00110","","妻","2018000000","","2018年","00100","","総数","00430","","30歳","","5,276","229","600","585","573","523","410","309","266","209","174","148","1,250","-"
"10300","","再婚者数【人】","00110","","妻","2018000000","","2018年","00100","","総数","00440","","31歳","","4,926","211","586","597","572","457","344","278","231","197","164","136","1,153","-"
"10300","","再婚者数【人】","00110","","妻","2018000000","","2018年","00100","","総数","00450","","32歳","","4,629","227","568","538","510","424","323","257","208","200","170","132","1,072","-"
"10300","","再婚者数【人】","00110","","妻","2018000000","","2018年","00100","","総数","00460","","33歳","","4,436","215","565","544","444","359","311","301","208","152","153","122","1,062","-"
"10300","","再婚者数【人】","00110","","妻","2018000000","","2018年","00100","","総数","00470","","34歳","","4,081","205","544","492","413","321","291","223","178","163","125","133","993","-"
"10300","","再婚者数【人】","00110","","妻","2018000000","","2018年","00100","","総数","00480","","35歳","","3,707","234","516","418","367","321","240","172","140","142","111","116","930","-"
"10300","","再婚者数【人】","00110","","妻","2018000000","","2018年","00100","","総数","00490","","36歳","","3,399","197","414","409","356","251","198","176","135","163","124","124","852","-"
"10300","","再婚者数【人】","00110","","妻","2018000000","","2018年","00100","","総数","00500","","37歳","","3,084","221","447","337","269","212","176","157","141","126","114","81","803","-"
"10300","","再婚者数【人】","00110","","妻","2018000000","","2018年","00100","","総数","00510","","38歳","","2,880","194","402","305","260","213","170","173","124","125","90","86","738","-"
"10300","","再婚者数【人】","00110","","妻","2018000000","","2018年","00100","","総数","00520","","39歳","","2,488","158","333","284","199","147","156","143","125","108","106","73","656","-"
"10300","","再婚者数【人】","00110","","妻","2018000000","","2018年","00100","","総数","00530","","40歳","","2,282","152","289","213","206","158","149","123","122","104","101","98","567","-"
"10300","","再婚者数【人】","00110","","妻","2018000000","","2018年","00100","","総数","00540","","41歳","","2,099","148","277","204","179","158","137","117","103","97","92","78","509","-"
"10300","","再婚者数【人】","00110","","妻","2018000000","","2018年","00100","","総数","00550","","42歳","","1,970","140","265","196","171","145","98","106","86","98","87","72","506","-"
"10300","","再婚者数【人】","00110","","妻","2018000000","","2018年","00100","","総数","00560","","43歳","","1,733","151","220","170","135","111","92","119","92","82","62","64","435","-"
"10300","","再婚者数【人】","00110","","妻","2018000000","","2018年","00100","","総数","00570","","44歳","","1,658","145","245","169","137","109","87","106","74","72","57","59","398","-"
"10300","","再婚者数【人】","00110","","妻","2018000000","","2018年","00100","","総数","00580","","45歳","","1,532","155","220","164","134","104","85","99","75","61","52","44","339","-"
"10300","","再婚者数【人】","00110","","妻","2018000000","","2018年","00100","","総数","00590","","46歳","","1,358","138","193","122","128","100","76","76","65","56","56","38","310","-"
"10300","","再婚者数【人】","00110","","妻","2018000000","","2018年","00100","","総数","00600","","47歳","","1,210","122","177","124","86","102","59","52","68","41","42","37","300","-"
"10300","","再婚者数【人】","00110","","妻","2018000000","","2018年","00100","","総数","00610","","48歳","","1,102","104","172","114","79","76","75","63","54","40","37","25","263","-"
"10300","","再婚者数【人】","00110","","妻","2018000000","","2018年","00100","","総数","00620","","49歳","","1,014","119","160","112","71","76","61","45","46","41","30","24","229","-"
"10300","","再婚者数【人】","00110","","妻","2018000000","","2018年","00100","","総数","00630","","50歳","","826","89","137","89","75","60","47","37","39","27","11","24","191","-"
"10300","","再婚者数【人】","00110","","妻","2018000000","","2018年","00100","","総数","00640","","51歳","","746","106","118","75","56","48","43","34","18","31","30","15","172","-"
"10300","","再婚者数【人】","00110","","妻","2018000000","","2018年","00100","","総数","00650","","52歳","","631","74","103","55","55","42","32","38","26","19","19","17","151","-"
"10300","","再婚者数【人】","00110","","妻","2018000000","","2018年","00100","","総数","00660","","53歳","","567","92","86","43","42","27","38","21","25","18","20","12","143","-"
"10300","","再婚者数【人】","00110","","妻","2018000000","","2018年","00100","","総数","00670","","54歳","","491","55","89","40","38","38","27","20","18","13","9","11","133","-"
"10300","","再婚者数【人】","00110","","妻","2018000000","","2018年","00100","","総数","00690","","55歳","","448","67","83","45","39","22","21","17","15","11","16","17","95","-"
"10300","","再婚者数【人】","00110","","妻","2018000000","","2018年","00100","","総数","00700","","56歳","","382","52","57","35","30","16","18","17","15","14","8","20","100","-"
"10300","","再婚者数【人】","00110","","妻","2018000000","","2018年","00100","","総数","00710","","57歳","","335","50","59","35","22","12","19","17","14","13","4","10","80","-"
"10300","","再婚者数【人】","00110","","妻","2018000000","","2018年","00100","","総数","00720","","58歳","","305","45","57","28","32","16","15","7","14","9","11","9","62","-"
"10300","","再婚者数【人】","00110","","妻","2018000000","","2018年","00100","","総数","00730","","59歳","","265","41","36","20","21","11","19","7","11","13","12","10","64","-"
"10300","","再婚者数【人】","00110","","妻","2018000000","","2018年","00100","","総数","00740","","60歳","","256","50","31","23","16","21","10","11","14","12","10","12","46","-"
"10300","","再婚者数【人】","00110","","妻","2018000000","","2018年","00100","","総数","00750","","61歳","","199","27","30","19","16","8","15","17","8","3","10","7","39","-"
"10300","","再婚者数【人】","00110","","妻","2018000000","","2018年","00100","","総数","00760","","62歳","","190","38","33","17","8","8","11","12","11","8","5","7","32","-"
"10300","","再婚者数【人】","00110","","妻","2018000000","","2018年","00100","","総数","00770","","63歳","","166","28","28","15","16","9","8","10","8","6","5","7","26","-"
"10300","","再婚者数【人】","00110","","妻","2018000000","","2018年","00100","","総数","00780","","64歳","","136","20","25","11","10","10","13","12","7","3","6","4","15","-"
"10300","","再婚者数【人】","00110","","妻","2018000000","","2018年","00100","","総数","00790","","65歳","","138","24","31","15","12","7","6","4","6","3","5","3","22","-"
"10300","","再婚者数【人】","00110","","妻","2018000000","","2018年","00100","","総数","00800","","66歳","","132","27","28","15","19","8","8","3","7","5","2","2","8","-"
"10300","","再婚者数【人】","00110","","妻","2018000000","","2018年","00100","","総数","00810","","67歳","","132","25","25","17","16","7","6","7","5","2","6","3","13","-"
"10300","","再婚者数【人】","00110","","妻","2018000000","","2018年","00100","","総数","00820","","68歳","","106","16","20","14","16","6","8","8","3","6","1","2","6","-"
"10300","","再婚者数【人】","00110","","妻","2018000000","","2018年","00100","","総数","00830","","69歳","","110","37","23","15","5","6","7","7","3","3","-","2","2","-"
"10300","","再婚者数【人】","00110","","妻","2018000000","","2018年","00100","","総数","00840","","70歳","","71","29","12","6","4","4","1","2","2","5","1","1","4","-"
"10300","","再婚者数【人】","00110","","妻","2018000000","","2018年","00100","","総数","00850","","71歳","","50","13","12","4","6","1","2","3","1","2","-","1","5","-"
"10300","","再婚者数【人】","00110","","妻","2018000000","","2018年","00100","","総数","00860","","72歳","","55","9","9","7","12","4","8","1","2","1","1","1","-","-"
"10300","","再婚者数【人】","00110","","妻","2018000000","","2018年","00100","","総数","00870","","73歳","","49","15","7","11","6","1","1","1","3","1","1","-","2","-"
"10300","","再婚者数【人】","00110","","妻","2018000000","","2018年","00100","","総数","00880","","74歳","","43","14","12","5","5","2","-","-","-","3","-","1","1","-"
"10300","","再婚者数【人】","00110","","妻","2018000000","","2018年","00100","","総数","00890","","75歳","","25","7","4","5","3","1","1","1","-","1","1","-","1","-"
"10300","","再婚者数【人】","00110","","妻","2018000000","","2018年","00100","","総数","00900","","76歳","","27","11","5","4","2","-","1","2","-","1","-","1","-","-"
"10300","","再婚者数【人】","00110","","妻","2018000000","","2018年","00100","","総数","00910","","77歳","","18","9","2","2","3","-","1","1","-","-","-","-","-","-"
"10300","","再婚者数【人】","00110","","妻","2018000000","","2018年","00100","","総数","00920","","78歳","","17","12","4","1","-","-","-","-","-","-","-","-","-","-"
"10300","","再婚者数【人】","00110","","妻","2018000000","","2018年","00100","","総数","00930","","79歳","","11","2","5","2","-","1","1","-","-","-","-","-","-","-"
"10300","","再婚者数【人】","00110","","妻","2018000000","","2018年","00100","","総数","00940","","80歳以上","","46","15","15","10","1","1","2","1","1","-","-","-","-","-"
"10300","","再婚者数【人】","00110","","妻","2018000000","","2018年","00100","","総数","01380","","不詳","","46","-","-","-","-","-","-","-","-","-","-","-","-","46"
"10300","","再婚者数【人】","00110","","妻","2018000000","","2018年","00110","","死別","00100","","総数","","2,344","47","143","153","193","148","153","147","148","123","81","78","923","7"
"10300","","再婚者数【人】","00110","","妻","2018000000","","2018年","00110","","死別","00290","","16歳","","-","-","-","-","-","-","-","-","-","-","-","-","-","-"
"10300","","再婚者数【人】","00110","","妻","2018000000","","2018年","00110","","死別","00300","","17歳","","1","-","-","-","-","-","-","-","-","-","-","1","-","-"
"10300","","再婚者数【人】","00110","","妻","2018000000","","2018年","00110","","死別","00310","","18歳","","4","-","-","1","-","1","-","-","-","-","-","-","2","-"
"10300","","再婚者数【人】","00110","","妻","2018000000","","2018年","00110","","死別","00320","","19歳","","6","-","-","-","-","1","-","2","-","-","-","-","3","-"
"10300","","再婚者数【人】","00110","","妻","2018000000","","2018年","00110","","死別","00330","","20歳","","9","-","1","1","-","1","1","-","-","-","-","-","5","-"
"10300","","再婚者数【人】","00110","","妻","2018000000","","2018年","00110","","死別","00340","","21歳","","20","-","1","-","1","-","2","2","2","-","1","2","9","-"
"10300","","再婚者数【人】","00110","","妻","2018000000","","2018年","00110","","死別","00350","","22歳","","22","-","-","1","1","4","2","-","1","3","2","-","8","-"
"10300","","再婚者数【人】","00110","","妻","2018000000","","2018年","00110","","死別","00360","","23歳","","24","2","1","-","3","1","1","2","-","4","-","1","9","-"
"10300","","再婚者数【人】","00110","","妻","2018000000","","2018年","00110","","死別","00370","","24歳","","40","-","4","2","3","1","7","3","3","3","1","-","13","-"
"10300","","再婚者数【人】","00110","","妻","2018000000","","2018年","00110","","死別","00380","","25歳","","41","-","1","-","3","3","2","4","6","2","3","-","17","-"
"10300","","再婚者数【人】","00110","","妻","2018000000","","2018年","00110","","死別","00390","","26歳","","55","1","6","1","2","4","5","5","5","3","2","3","18","-"
"10300","","再婚者数【人】","00110","","妻","2018000000","","2018年","00110","","死別","00400","","27歳","","78","1","5","7","11","6","6","4","4","3","3","4","24","-"
"10300","","再婚者数【人】","00110","","妻","2018000000","","2018年","00110","","死別","00410","","28歳","","57","-","1","2","7","5","5","2","7","2","2","2","22","-"
"10300","","再婚者数【人】","00110","","妻","2018000000","","2018年","00110","","死別","00420","","29歳","","66","-","1","7","4","4","2","4","6","5","3","3","27","-"
"10300","","再婚者数【人】","00110","","妻","2018000000","","2018年","00110","","死別","00430","","30歳","","82","1","4","5","5","5","9","4","7","4","2","3","33","-"
"10300","","再婚者数【人】","00110","","妻","2018000000","","2018年","00110","","死別","00440","","31歳","","70","1","3","2","6","7","4","2","4","1","4","6","30","-"
"10300","","再婚者数【人】","00110","","妻","2018000000","","2018年","00110","","死別","00450","","32歳","","68","1","2","5","3","3","2","8","4","7","3","-","30","-"
"10300","","再婚者数【人】","00110","","妻","2018000000","","2018年","00110","","死別","00460","","33歳","","74","-","4","7","10","6","3","8","3","1","2","2","28","-"
"10300","","再婚者数【人】","00110","","妻","2018000000","","2018年","00110","","死別","00470","","34歳","","82","-","6","10","6","3","13","2","7","6","1","-","28","-"
"10300","","再婚者数【人】","00110","","妻","2018000000","","2018年","00110","","死別","00480","","35歳","","90","1","3","8","8","9","5","3","3","6","2","2","40","-"
"10300","","再婚者数【人】","00110","","妻","2018000000","","2018年","00110","","死別","00490","","36歳","","72","2","3","8","8","2","2","3","5","4","1","3","31","-"
"10300","","再婚者数【人】","00110","","妻","2018000000","","2018年","00110","","死別","00500","","37歳","","77","1","4","7","5","5","4","5","3","1","5","3","34","-"
"10300","","再婚者数【人】","00110","","妻","2018000000","","2018年","00110","","死別","00510","","38歳","","65","1","3","6","6","3","5","6","1","4","1","1","28","-"
"10300","","再婚者数【人】","00110","","妻","2018000000","","2018年","00110","","死別","00520","","39歳","","69","1","3","6","4","3","3","4","2","4","3","-","36","-"
"10300","","再婚者数【人】","00110","","妻","2018000000","","2018年","00110","","死別","00530","","40歳","","68","1","2","6","8","6","1","1","2","6","4","3","28","-"
"10300","","再婚者数【人】","00110","","妻","2018000000","","2018年","00110","","死別","00540","","41歳","","59","2","4","4","4","3","6","1","5","4","1","3","22","-"
"10300","","再婚者数【人】","00110","","妻","2018000000","","2018年","00110","","死別","00550","","42歳","","58","-","4","4","7","5","4","1","5","1","1","-","26","-"
"10300","","再婚者数【人】","00110","","妻","2018000000","","2018年","00110","","死別","00560","","43歳","","55","2","3","5","2","1","2","5","2","3","2","3","25","-"
"10300","","再婚者数【人】","00110","","妻","2018000000","","2018年","00110","","死別","00570","","44歳","","53","1","4","2","2","3","2","4","4","3","-","1","27","-"
"10300","","再婚者数【人】","00110","","妻","2018000000","","2018年","00110","","死別","00580","","45歳","","62","1","3","3","2","2","4","6","3","4","2","4","28","-"
"10300","","再婚者数【人】","00110","","妻","2018000000","","2018年","00110","","死別","00590","","46歳","","54","3","5","1","4","1","1","4","2","3","4","2","24","-"
"10300","","再婚者数【人】","00110","","妻","2018000000","","2018年","00110","","死別","00600","","47歳","","52","1","3","1","4","5","3","2","3","3","3","2","22","-"
"10300","","再婚者数【人】","00110","","妻","2018000000","","2018年","00110","","死別","00610","","48歳","","63","1","5","1","4","3","6","8","2","1","1","-","31","-"
"10300","","再婚者数【人】","00110","","妻","2018000000","","2018年","00110","","死別","00620","","49歳","","48","-","4","1","6","1","2","3","1","1","-","1","28","-"
"10300","","再婚者数【人】","00110","","妻","2018000000","","2018年","00110","","死別","00630","","50歳","","38","1","2","2","2","4","2","-","3","2","-","-","20","-"
"10300","","再婚者数【人】","00110","","妻","2018000000","","2018年","00110","","死別","00640","","51歳","","42","1","4","3","-","3","1","3","2","1","1","1","22","-"
"10300","","再婚者数【人】","00110","","妻","2018000000","","2018年","00110","","死別","00650","","52歳","","38","4","1","2","2","3","3","1","2","1","1","3","15","-"
"10300","","再婚者数【人】","00110","","妻","2018000000","","2018年","00110","","死別","00660","","53歳","","32","-","1","1","2","1","4","-","3","1","2","-","17","-"
"10300","","再婚者数【人】","00110","","妻","2018000000","","2018年","00110","","死別","00670","","54歳","","39","2","3","2","3","-","1","3","2","1","1","-","21","-"
"10300","","再婚者数【人】","00110","","妻","2018000000","","2018年","00110","","死別","00690","","55歳","","37","-","2","2","4","6","2","3","3","1","2","2","10","-"
"10300","","再婚者数【人】","00110","","妻","2018000000","","2018年","00110","","死別","00700","","56歳","","25","-","1","1","3","1","2","3","1","1","-","-","12","-"
"10300","","再婚者数【人】","00110","","妻","2018000000","","2018年","00110","","死別","00710","","57歳","","36","2","-","3","5","1","5","3","2","2","-","2","11","-"
"10300","","再婚者数【人】","00110","","妻","2018000000","","2018年","00110","","死別","00720","","58歳","","33","-","2","1","5","1","2","2","5","2","1","2","10","-"
"10300","","再婚者数【人】","00110","","妻","2018000000","","2018年","00110","","死別","00730","","59歳","","25","-","-","-","-","2","2","1","3","4","2","1","10","-"
"10300","","再婚者数【人】","00110","","妻","2018000000","","2018年","00110","","死別","00740","","60歳","","25","-","2","1","4","3","-","1","2","3","2","2","5","-"
"10300","","再婚者数【人】","00110","","妻","2018000000","","2018年","00110","","死別","00750","","61歳","","25","2","1","2","1","2","-","3","2","-","2","1","9","-"
"10300","","再婚者数【人】","00110","","妻","2018000000","","2018年","00110","","死別","00760","","62歳","","18","-","2","1","1","2","3","3","1","1","-","1","3","-"
"10300","","再婚者数【人】","00110","","妻","2018000000","","2018年","00110","","死別","00770","","63歳","","28","1","1","3","2","2","1","3","3","3","1","2","6","-"
"10300","","再婚者数【人】","00110","","妻","2018000000","","2018年","00110","","死別","00780","","64歳","","21","-","6","-","3","-","2","3","2","-","2","1","2","-"
"10300","","再婚者数【人】","00110","","妻","2018000000","","2018年","00110","","死別","00790","","65歳","","17","-","4","-","2","1","1","-","3","1","-","1","4","-"
"10300","","再婚者数【人】","00110","","妻","2018000000","","2018年","00110","","死別","00800","","66歳","","20","-","4","5","4","1","1","-","3","-","1","-","1","-"
"10300","","再婚者数【人】","00110","","妻","2018000000","","2018年","00110","","死別","00810","","67歳","","22","1","4","1","1","1","3","2","1","1","3","1","3","-"
"10300","","再婚者数【人】","00110","","妻","2018000000","","2018年","00110","","死別","00820","","68歳","","12","-","1","1","-","2","2","1","1","-","-","1","3","-"
"10300","","再婚者数【人】","00110","","妻","2018000000","","2018年","00110","","死別","00830","","69歳","","9","1","1","3","1","-","-","1","-","1","-","1","-","-"
"10300","","再婚者数【人】","00110","","妻","2018000000","","2018年","00110","","死別","00840","","70歳","","7","1","-","-","1","3","-","-","-","-","-","-","2","-"
"10300","","再婚者数【人】","00110","","妻","2018000000","","2018年","00110","","死別","00850","","71歳","","2","-","-","-","-","-","-","1","-","1","-","-","-","-"
"10300","","再婚者数【人】","00110","","妻","2018000000","","2018年","00110","","死別","00860","","72歳","","6","-","-","-","4","1","-","-","1","-","-","-","-","-"
"10300","","再婚者数【人】","00110","","妻","2018000000","","2018年","00110","","死別","00870","","73歳","","9","1","1","1","3","1","-","-","1","-","-","-","1","-"
"10300","","再婚者数【人】","00110","","妻","2018000000","","2018年","00110","","死別","00880","","74歳","","9","1","2","2","1","-","-","-","-","2","-","1","-","-"
"10300","","再婚者数【人】","00110","","妻","2018000000","","2018年","00110","","死別","00890","","75歳","","4","-","-","1","-","-","1","-","-","1","1","-","-","-"
"10300","","再婚者数【人】","00110","","妻","2018000000","","2018年","00110","","死別","00900","","76歳","","3","-","1","-","-","-","-","1","-","1","-","-","-","-"
"10300","","再婚者数【人】","00110","","妻","2018000000","","2018年","00110","","死別","00910","","77歳","","1","-","1","-","-","-","-","-","-","-","-","-","-","-"
"10300","","再婚者数【人】","00110","","妻","2018000000","","2018年","00110","","死別","00920","","78歳","","4","3","1","-","-","-","-","-","-","-","-","-","-","-"
"10300","","再婚者数【人】","00110","","妻","2018000000","","2018年","00110","","死別","00930","","79歳","","2","-","1","-","-","-","1","-","-","-","-","-","-","-"
"10300","","再婚者数【人】","00110","","妻","2018000000","","2018年","00110","","死別","00940","","80歳以上","","4","1","1","1","-","-","-","1","-","-","-","-","-","-"
"10300","","再婚者数【人】","00110","","妻","2018000000","","2018年","00110","","死別","01380","","不詳","","7","-","-","-","-","-","-","-","-","-","-","-","-","7"
"10300","","再婚者数【人】","00110","","妻","2018000000","","2018年","00120","","離別","00100","","総数","","96,485","5,859","11,969","10,781","9,580","7,958","6,707","5,686","4,573","4,082","3,476","2,995","22,780","39"
"10300","","再婚者数【人】","00110","","妻","2018000000","","2018年","00120","","離別","00290","","16歳","","23","-","3","4","1","2","1","1","1","3","-","1","6","-"
"10300","","再婚者数【人】","00110","","妻","2018000000","","2018年","00120","","離別","00300","","17歳","","95","-","8","9","14","8","6","4","3","5","8","5","25","-"
"10300","","再婚者数【人】","00110","","妻","2018000000","","2018年","00120","","離別","00310","","18歳","","356","12","31","45","37","28","30","26","16","19","14","14","84","-"
"10300","","再婚者数【人】","00110","","妻","2018000000","","2018年","00120","","離別","00320","","19歳","","801","22","69","81","71","89","75","52","46","33","41","30","192","-"
"10300","","再婚者数【人】","00110","","妻","2018000000","","2018年","00120","","離別","00330","","20歳","","1,329","45","138","151","153","107","104","79","56","72","62","46","316","-"
"10300","","再婚者数【人】","00110","","妻","2018000000","","2018年","00120","","離別","00340","","21歳","","1,915","68","160","203","176","166","167","124","116","111","78","73","473","-"
"10300","","再婚者数【人】","00110","","妻","2018000000","","2018年","00120","","離別","00350","","22歳","","2,522","96","261","242","271","219","205","140","146","141","104","83","614","-"
"10300","","再婚者数【人】","00110","","妻","2018000000","","2018年","00120","","離別","00360","","23歳","","3,004","105","283","314","291","268","237","232","148","147","106","106","767","-"
"10300","","再婚者数【人】","00110","","妻","2018000000","","2018年","00120","","離別","00370","","24歳","","3,405","132","317","392","353","319","281","223","161","162","110","118","837","-"
"10300","","再婚者数【人】","00110","","妻","2018000000","","2018年","00120","","離別","00380","","25歳","","4,012","138","387","403","453","372","321","286","207","177","172","132","964","-"
"10300","","再婚者数【人】","00110","","妻","2018000000","","2018年","00120","","離別","00390","","26歳","","4,461","154","484","515","460","416","348","294","237","182","161","136","1,074","-"
"10300","","再婚者数【人】","00110","","妻","2018000000","","2018年","00120","","離別","00400","","27歳","","4,667","162","484","556","489","435","339","321","253","180","189","148","1,111","-"
"10300","","再婚者数【人】","00110","","妻","2018000000","","2018年","00120","","離別","00410","","28歳","","4,931","197","536","603","557","387","404","309","241","227","178","133","1,159","-"
"10300","","再婚者数【人】","00110","","妻","2018000000","","2018年","00120","","離別","00420","","29歳","","5,002","207","551","614","537","495","382","301","239","211","176","143","1,146","-"
"10300","","再婚者数【人】","00110","","妻","2018000000","","2018年","00120","","離別","00430","","30歳","","5,194","228","596","580","568","518","401","305","259","205","172","145","1,217","-"
"10300","","再婚者数【人】","00110","","妻","2018000000","","2018年","00120","","離別","00440","","31歳","","4,856","210","583","595","566","450","340","276","227","196","160","130","1,123","-"
"10300","","再婚者数【人】","00110","","妻","2018000000","","2018年","00120","","離別","00450","","32歳","","4,561","226","566","533","507","421","321","249","204","193","167","132","1,042","-"
"10300","","再婚者数【人】","00110","","妻","2018000000","","2018年","00120","","離別","00460","","33歳","","4,362","215","561","537","434","353","308","293","205","151","151","120","1,034","-"
"10300","","再婚者数【人】","00110","","妻","2018000000","","2018年","00120","","離別","00470","","34歳","","3,999","205","538","482","407","318","278","221","171","157","124","133","965","-"
"10300","","再婚者数【人】","00110","","妻","2018000000","","2018年","00120","","離別","00480","","35歳","","3,617","233","513","410","359","312","235","169","137","136","109","114","890","-"
"10300","","再婚者数【人】","00110","","妻","2018000000","","2018年","00120","","離別","00490","","36歳","","3,327","195","411","401","348","249","196","173","130","159","123","121","821","-"
"10300","","再婚者数【人】","00110","","妻","2018000000","","2018年","00120","","離別","00500","","37歳","","3,007","220","443","330","264","207","172","152","138","125","109","78","769","-"
"10300","","再婚者数【人】","00110","","妻","2018000000","","2018年","00120","","離別","00510","","38歳","","2,815","193","399","299","254","210","165","167","123","121","89","85","710","-"
"10300","","再婚者数【人】","00110","","妻","2018000000","","2018年","00120","","離別","00520","","39歳","","2,419","157","330","278","195","144","153","139","123","104","103","73","620","-"
"10300","","再婚者数【人】","00110","","妻","2018000000","","2018年","00120","","離別","00530","","40歳","","2,214","151","287","207","198","152","148","122","120","98","97","95","539","-"
"10300","","再婚者数【人】","00110","","妻","2018000000","","2018年","00120","","離別","00540","","41歳","","2,040","146","273","200","175","155","131","116","98","93","91","75","487","-"
"10300","","再婚者数【人】","00110","","妻","2018000000","","2018年","00120","","離別","00550","","42歳","","1,912","140","261","192","164","140","94","105","81","97","86","72","480","-"
"10300","","再婚者数【人】","00110","","妻","2018000000","","2018年","00120","","離別","00560","","43歳","","1,678","149","217","165","133","110","90","114","90","79","60","61","410","-"
"10300","","再婚者数【人】","00110","","妻","2018000000","","2018年","00120","","離別","00570","","44歳","","1,605","144","241","167","135","106","85","102","70","69","57","58","371","-"
"10300","","再婚者数【人】","00110","","妻","2018000000","","2018年","00120","","離別","00580","","45歳","","1,470","154","217","161","132","102","81","93","72","57","50","40","311","-"
"10300","","再婚者数【人】","00110","","妻","2018000000","","2018年","00120","","離別","00590","","46歳","","1,304","135","188","121","124","99","75","72","63","53","52","36","286","-"
"10300","","再婚者数【人】","00110","","妻","2018000000","","2018年","00120","","離別","00600","","47歳","","1,158","121","174","123","82","97","56","50","65","38","39","35","278","-"
"10300","","再婚者数【人】","00110","","妻","2018000000","","2018年","00120","","離別","00610","","48歳","","1,039","103","167","113","75","73","69","55","52","39","36","25","232","-"
"10300","","再婚者数【人】","00110","","妻","2018000000","","2018年","00120","","離別","00620","","49歳","","966","119","156","111","65","75","59","42","45","40","30","23","201","-"
"10300","","再婚者数【人】","00110","","妻","2018000000","","2018年","00120","","離別","00630","","50歳","","788","88","135","87","73","56","45","37","36","25","11","24","171","-"
"10300","","再婚者数【人】","00110","","妻","2018000000","","2018年","00120","","離別","00640","","51歳","","704","105","114","72","56","45","42","31","16","30","29","14","150","-"
"10300","","再婚者数【人】","00110","","妻","2018000000","","2018年","00120","","離別","00650","","52歳","","593","70","102","53","53","39","29","37","24","18","18","14","136","-"
"10300","","再婚者数【人】","00110","","妻","2018000000","","2018年","00120","","離別","00660","","53歳","","535","92","85","42","40","26","34","21","22","17","18","12","126","-"
"10300","","再婚者数【人】","00110","","妻","2018000000","","2018年","00120","","離別","00670","","54歳","","452","53","86","38","35","38","26","17","16","12","8","11","112","-"
"10300","","再婚者数【人】","00110","","妻","2018000000","","2018年","00120","","離別","00690","","55歳","","411","67","81","43","35","16","19","14","12","10","14","15","85","-"
"10300","","再婚者数【人】","00110","","妻","2018000000","","2018年","00120","","離別","00700","","56歳","","357","52","56","34","27","15","16","14","14","13","8","20","88","-"
"10300","","再婚者数【人】","00110","","妻","2018000000","","2018年","00120","","離別","00710","","57歳","","299","48","59","32","17","11","14","14","12","11","4","8","69","-"
"10300","","再婚者数【人】","00110","","妻","2018000000","","2018年","00120","","離別","00720","","58歳","","272","45","55","27","27","15","13","5","9","7","10","7","52","-"
"10300","","再婚者数【人】","00110","","妻","2018000000","","2018年","00120","","離別","00730","","59歳","","240","41","36","20","21","9","17","6","8","9","10","9","54","-"
"10300","","再婚者数【人】","00110","","妻","2018000000","","2018年","00120","","離別","00740","","60歳","","231","50","29","22","12","18","10","10","12","9","8","10","41","-"
"10300","","再婚者数【人】","00110","","妻","2018000000","","2018年","00120","","離別","00750","","61歳","","174","25","29","17","15","6","15","14","6","3","8","6","30","-"
"10300","","再婚者数【人】","00110","","妻","2018000000","","2018年","00120","","離別","00760","","62歳","","172","38","31","16","7","6","8","9","10","7","5","6","29","-"
"10300","","再婚者数【人】","00110","","妻","2018000000","","2018年","00120","","離別","00770","","63歳","","138","27","27","12","14","7","7","7","5","3","4","5","20","-"
"10300","","再婚者数【人】","00110","","妻","2018000000","","2018年","00120","","離別","00780","","64歳","","115","20","19","11","7","10","11","9","5","3","4","3","13","-"
"10300","","再婚者数【人】","00110","","妻","2018000000","","2018年","00120","","離別","00790","","65歳","","121","24","27","15","10","6","5","4","3","2","5","2","18","-"
"10300","","再婚者数【人】","00110","","妻","2018000000","","2018年","00120","","離別","00800","","66歳","","112","27","24","10","15","7","7","3","4","5","1","2","7","-"
"10300","","再婚者数【人】","00110","","妻","2018000000","","2018年","00120","","離別","00810","","67歳","","110","24","21","16","15","6","3","5","4","1","3","2","10","-"
"10300","","再婚者数【人】","00110","","妻","2018000000","","2018年","00120","","離別","00820","","68歳","","94","16","19","13","16","4","6","7","2","6","1","1","3","-"
"10300","","再婚者数【人】","00110","","妻","2018000000","","2018年","00120","","離別","00830","","69歳","","101","36","22","12","4","6","7","6","3","2","-","1","2","-"
"10300","","再婚者数【人】","00110","","妻","2018000000","","2018年","00120","","離別","00840","","70歳","","64","28","12","6","3","1","1","2","2","5","1","1","2","-"
"10300","","再婚者数【人】","00110","","妻","2018000000","","2018年","00120","","離別","00850","","71歳","","48","13","12","4","6","1","2","2","1","1","-","1","5","-"
"10300","","再婚者数【人】","00110","","妻","2018000000","","2018年","00120","","離別","00860","","72歳","","49","9","9","7","8","3","8","1","1","1","1","1","-","-"
"10300","","再婚者数【人】","00110","","妻","2018000000","","2018年","00120","","離別","00870","","73歳","","40","14","6","10","3","-","1","1","2","1","1","-","1","-"
"10300","","再婚者数【人】","00110","","妻","2018000000","","2018年","00120","","離別","00880","","74歳","","34","13","10","3","4","2","-","-","-","1","-","-","1","-"
"10300","","再婚者数【人】","00110","","妻","2018000000","","2018年","00120","","離別","00890","","75歳","","21","7","4","4","3","1","-","1","-","-","-","-","1","-"
"10300","","再婚者数【人】","00110","","妻","2018000000","","2018年","00120","","離別","00900","","76歳","","24","11","4","4","2","-","1","1","-","-","-","1","-","-"
"10300","","再婚者数【人】","00110","","妻","2018000000","","2018年","00120","","離別","00910","","77歳","","17","9","1","2","3","-","1","1","-","-","-","-","-","-"
"10300","","再婚者数【人】","00110","","妻","2018000000","","2018年","00120","","離別","00920","","78歳","","13","9","3","1","-","-","-","-","-","-","-","-","-","-"
"10300","","再婚者数【人】","00110","","妻","2018000000","","2018年","00120","","離別","00930","","79歳","","9","2","4","2","-","1","-","-","-","-","-","-","-","-"
"10300","","再婚者数【人】","00110","","妻","2018000000","","2018年","00120","","離別","00940","","80歳以上","","42","14","14","9","1","1","2","-","1","-","-","-","-","-"
"10300","","再婚者数【人】","00110","","妻","2018000000","","2018年","00120","","離別","01380","","不詳","","39","-","-","-","-","-","-","-","-","-","-","-","-","39"
"10300","","再婚者数【人】","00110","","妻","2017000000","","2017年","00100","","総数","00100","","総数","","101,231","5,891","12,858","11,805","9,718","8,334","6,961","5,876","5,086","4,415","3,571","3,230","23,440","46"
"10300","","再婚者数【人】","00110","","妻","2017000000","","2017年","00100","","総数","00290","","16歳","","17","-","-","-","-","1","1","2","1","1","-","-","11","-"
"10300","","再婚者数【人】","00110","","妻","2017000000","","2017年","00100","","総数","00300","","17歳","","126","6","9","16","11","13","10","12","10","5","3","6","25","-"
"10300","","再婚者数【人】","00110","","妻","2017000000","","2017年","00100","","総数","00310","","18歳","","365","6","34","36","32","39","38","25","23","18","17","15","82","-"
"10300","","再婚者数【人】","00110","","妻","2017000000","","2017年","00100","","総数","00320","","19歳","","788","26","76","96","61","66","66","63","46","46","35","33","174","-"
"10300","","再婚者数【人】","00110","","妻","2017000000","","2017年","00100","","総数","00330","","20歳","","1,406","38","142","145","116","119","98","107","97","70","59","60","355","-"
"10300","","再婚者数【人】","00110","","妻","2017000000","","2017年","00100","","総数","00340","","21歳","","2,091","71","231","238","187","188","172","142","105","108","94","73","482","-"
"10300","","再婚者数【人】","00110","","妻","2017000000","","2017年","00100","","総数","00350","","22歳","","2,672","94","245","285","257","263","214","181","170","129","110","98","626","-"
"10300","","再婚者数【人】","00110","","妻","2017000000","","2017年","00100","","総数","00360","","23歳","","3,104","103","306","328","307","279","258","226","190","152","119","122","714","-"
"10300","","再婚者数【人】","00110","","妻","2017000000","","2017年","00100","","総数","00370","","24歳","","3,664","134","370","380","379","311","274","240","213","180","160","130","893","-"
"10300","","再婚者数【人】","00110","","妻","2017000000","","2017年","00100","","総数","00380","","25歳","","4,213","139","408","480","430","369","359","269","211","189","189","119","1,051","-"
"10300","","再婚者数【人】","00110","","妻","2017000000","","2017年","00100","","総数","00390","","26歳","","4,493","146","474","511","461","414","316","284","275","213","171","168","1,060","-"
"10300","","再婚者数【人】","00110","","妻","2017000000","","2017年","00100","","総数","00400","","27歳","","4,910","182","498","563","513","466","351","351","257","262","180","183","1,104","-"
"10300","","再婚者数【人】","00110","","妻","2017000000","","2017年","00100","","総数","00410","","28歳","","5,279","181","564","673","562","457","390","350","294","207","204","157","1,240","-"
"10300","","再婚者数【人】","00110","","妻","2017000000","","2017年","00100","","総数","00420","","29歳","","5,278","172","626","670","568","520","420","339","246","219","168","154","1,176","-"
"10300","","再婚者数【人】","00110","","妻","2017000000","","2017年","00100","","総数","00430","","30歳","","5,363","182","602","654","595","518","400","296","293","224","170","161","1,268","-"
"10300","","再婚者数【人】","00110","","妻","2017000000","","2017年","00100","","総数","00440","","31歳","","5,039","180","634","626","546","446","378","279","248","239","157","155","1,151","-"
"10300","","再婚者数【人】","00110","","妻","2017000000","","2017年","00100","","総数","00450","","32歳","","4,845","227","596","640","543","434","349","272","231","193","172","134","1,054","-"
"10300","","再婚者数【人】","00110","","妻","2017000000","","2017年","00100","","総数","00460","","33歳","","4,581","226","629","605","463","350","304","267","212","167","148","133","1,077","-"
"10300","","再婚者数【人】","00110","","妻","2017000000","","2017年","00100","","総数","00470","","34歳","","4,325","222","616","571","451","373","269","231","193","187","121","141","950","-"
"10300","","再婚者数【人】","00110","","妻","2017000000","","2017年","00100","","総数","00480","","35歳","","3,762","200","510","473","377","299","234","182","158","153","144","122","910","-"
"10300","","再婚者数【人】","00110","","妻","2017000000","","2017年","00100","","総数","00490","","36歳","","3,517","195","510","426","312","283","211","180","154","155","120","101","870","-"
"10300","","再婚者数【人】","00110","","妻","2017000000","","2017年","00100","","総数","00500","","37歳","","3,222","208","460","399","294","219","202","166","157","142","100","101","774","-"
"10300","","再婚者数【人】","00110","","妻","2017000000","","2017年","00100","","総数","00510","","38歳","","2,826","181","417","344","235","214","152","170","129","116","107","92","669","-"
"10300","","再婚者数【人】","00110","","妻","2017000000","","2017年","00100","","総数","00520","","39歳","","2,521","189","363","275","214","182","150","126","122","98","85","81","636","-"
"10300","","再婚者数【人】","00110","","妻","2017000000","","2017年","00100","","総数","00530","","40歳","","2,378","180","374","266","186","160","128","131","114","102","79","85","573","-"
"10300","","再婚者数【人】","00110","","妻","2017000000","","2017年","00100","","総数","00540","","41歳","","2,150","161","305","225","180","138","131","119","118","76","76","68","553","-"
"10300","","再婚者数【人】","00110","","妻","2017000000","","2017年","00100","","総数","00550","","42歳","","2,013","162","314","207","166","137","116","106","84","109","71","68","473","-"
"10300","","再婚者数【人】","00110","","妻","2017000000","","2017年","00100","","総数","00560","","43歳","","1,761","163","244","199","144","119","104","93","90","70","66","63","406","-"
"10300","","再婚者数【人】","00110","","妻","2017000000","","2017年","00100","","総数","00570","","44歳","","1,619","177","250","154","110","137","83","83","69","94","52","46","364","-"
"10300","","再婚者数【人】","00110","","妻","2017000000","","2017年","00100","","総数","00580","","45歳","","1,466","153","214","155","111","108","98","66","83","47","43","48","340","-"
"10300","","再婚者数【人】","00110","","妻","2017000000","","2017年","00100","","総数","00590","","46歳","","1,296","139","183","133","108","89","69","77","62","57","43","39","297","-"
"10300","","再婚者数【人】","00110","","妻","2017000000","","2017年","00100","","総数","00600","","47歳","","1,216","128","195","125","94","76","89","55","50","47","33","26","298","-"
"10300","","再婚者数【人】","00110","","妻","2017000000","","2017年","00100","","総数","00610","","48歳","","1,108","148","164","120","70","74","65","37","50","45","37","31","267","-"
"10300","","再婚者数【人】","00110","","妻","2017000000","","2017年","00100","","総数","00620","","49歳","","978","131","148","87","80","59","60","45","48","34","24","33","229","-"
"10300","","再婚者数【人】","00110","","妻","2017000000","","2017年","00100","","総数","00630","","50歳","","820","104","108","90","69","51","47","50","26","42","22","17","194","-"
"10300","","再婚者数【人】","00110","","妻","2017000000","","2017年","00100","","総数","00640","","51歳","","769","88","125","77","55","49","49","27","37","31","32","23","176","-"
"10300","","再婚者数【人】","00110","","妻","2017000000","","2017年","00100","","総数","00650","","52歳","","672","79","111","82","59","42","32","26","27","19","19","16","160","-"
"10300","","再婚者数【人】","00110","","妻","2017000000","","2017年","00100","","総数","00660","","53歳","","534","84","90","45","41","35","30","26","32","11","11","15","114","-"
"10300","","再婚者数【人】","00110","","妻","2017000000","","2017年","00100","","総数","00670","","54歳","","483","91","74","45","34","26","28","18","15","17","16","15","104","-"
"10300","","再婚者数【人】","00110","","妻","2017000000","","2017年","00100","","総数","00690","","55歳","","422","52","71","44","33","25","25","13","19","13","15","11","101","-"
"10300","","再婚者数【人】","00110","","妻","2017000000","","2017年","00100","","総数","00700","","56歳","","368","53","57","43","27","26","20","11","14","17","18","7","75","-"
"10300","","再婚者数【人】","00110","","妻","2017000000","","2017年","00100","","総数","00710","","57歳","","318","45","51","26","31","17","13","16","12","10","15","13","69","-"
"10300","","再婚者数【人】","00110","","妻","2017000000","","2017年","00100","","総数","00720","","58歳","","300","43","50","29","22","15","13","21","14","13","15","11","54","-"
"10300","","再婚者数【人】","00110","","妻","2017000000","","2017年","00100","","総数","00730","","59歳","","248","31","33","18","20","18","16","11","13","15","11","9","53","-"
"10300","","再婚者数【人】","00110","","妻","2017000000","","2017年","00100","","総数","00740","","60歳","","211","30","35","13","18","14","18","13","10","17","5","6","32","-"
"10300","","再婚者数【人】","00110","","妻","2017000000","","2017年","00100","","総数","00750","","61歳","","181","21","37","17","12","13","12","14","12","8","3","8","24","-"
"10300","","再婚者数【人】","00110","","妻","2017000000","","2017年","00100","","総数","00760","","62歳","","188","28","28","20","12","15","15","12","8","10","1","9","30","-"
"10300","","再婚者数【人】","00110","","妻","2017000000","","2017年","00100","","総数","00770","","63歳","","146","27","21","15","13","11","17","8","9","3","4","5","13","-"
"10300","","再婚者数【人】","00110","","妻","2017000000","","2017年","00100","","総数","00780","","64歳","","139","33","19","13","9","8","8","5","3","8","6","3","24","-"
"10300","","再婚者数【人】","00110","","妻","2017000000","","2017年","00100","","総数","00790","","65歳","","155","31","30","17","19","8","12","1","9","6","6","2","14","-"
"10300","","再婚者数【人】","00110","","妻","2017000000","","2017年","00100","","総数","00800","","66歳","","121","16","27","16","17","6","5","4","7","5","5","3","10","-"
"10300","","再婚者数【人】","00110","","妻","2017000000","","2017年","00100","","総数","00810","","67歳","","100","20","24","10","5","3","7","5","1","3","2","5","15","-"
"10300","","再婚者数【人】","00110","","妻","2017000000","","2017年","00100","","総数","00820","","68歳","","113","29","22","13","7","5","14","8","5","3","3","-","4","-"
"10300","","再婚者数【人】","00110","","妻","2017000000","","2017年","00100","","総数","00830","","69歳","","82","20","32","10","2","8","2","2","-","3","-","-","3","-"
"10300","","再婚者数【人】","00110","","妻","2017000000","","2017年","00100","","総数","00840","","70歳","","72","15","12","9","14","1","3","2","2","2","-","3","9","-"
"10300","","再婚者数【人】","00110","","妻","2017000000","","2017年","00100","","総数","00850","","71歳","","68","13","15","6","8","6","4","5","3","2","1","-","5","-"
"10300","","再婚者数【人】","00110","","妻","2017000000","","2017年","00100","","総数","00860","","72歳","","53","16","14","9","4","3","3","1","-","-","1","1","1","-"
"10300","","再婚者数【人】","00110","","妻","2017000000","","2017年","00100","","総数","00870","","73歳","","47","11","18","7","2","-","4","1","1","1","1","-","1","-"
"10300","","再婚者数【人】","00110","","妻","2017000000","","2017年","00100","","総数","00880","","74歳","","38","11","8","7","4","1","1","4","1","-","-","1","-","-"
"10300","","再婚者数【人】","00110","","妻","2017000000","","2017年","00100","","総数","00890","","75歳","","37","7","11","6","6","1","2","-","1","-","-","-","3","-"
"10300","","再婚者数【人】","00110","","妻","2017000000","","2017年","00100","","総数","00900","","76歳","","22","10","5","2","4","1","-","-","-","-","-","-","-","-"
"10300","","再婚者数【人】","00110","","妻","2017000000","","2017年","00100","","総数","00910","","77歳","","16","3","4","2","2","2","1","-","-","1","1","-","-","-"
"10300","","再婚者数【人】","00110","","妻","2017000000","","2017年","00100","","総数","00920","","78歳","","16","7","2","2","2","-","1","-","1","-","-","1","-","-"
"10300","","再婚者数【人】","00110","","妻","2017000000","","2017年","00100","","総数","00930","","79歳","","9","2","-","2","3","-","-","-","1","-","1","-","-","-"
"10300","","再婚者数【人】","00110","","妻","2017000000","","2017年","00100","","総数","00940","","80歳以上","","45","21","13","5","1","4","-","-","-","1","-","-","-","-"
"10300","","再婚者数【人】","00110","","妻","2017000000","","2017年","00100","","総数","01380","","不詳","","46","-","-","-","-","-","-","-","-","-","-","-","-","46"
"10300","","再婚者数【人】","00110","","妻","2017000000","","2017年","00110","","死別","00100","","総数","","2,292","30","137","174","194","138","149","134","117","125","87","89","906","12"
"10300","","再婚者数【人】","00110","","妻","2017000000","","2017年","00110","","死別","00290","","16歳","","-","-","-","-","-","-","-","-","-","-","-","-","-","-"
"10300","","再婚者数【人】","00110","","妻","2017000000","","2017年","00110","","死別","00300","","17歳","","1","-","-","-","-","-","-","-","-","-","-","-","1","-"
"10300","","再婚者数【人】","00110","","妻","2017000000","","2017年","00110","","死別","00310","","18歳","","5","-","1","1","-","1","-","-","-","-","-","1","1","-"
"10300","","再婚者数【人】","00110","","妻","2017000000","","2017年","00110","","死別","00320","","19歳","","3","-","-","1","1","1","-","-","-","-","-","-","-","-"
"10300","","再婚者数【人】","00110","","妻","2017000000","","2017年","00110","","死別","00330","","20歳","","13","-","-","1","2","-","-","-","-","-","1","3","6","-"
"10300","","再婚者数【人】","00110","","妻","2017000000","","2017年","00110","","死別","00340","","21歳","","23","-","1","1","3","4","2","2","1","-","2","1","6","-"
"10300","","再婚者数【人】","00110","","妻","2017000000","","2017年","00110","","死別","00350","","22歳","","13","-","-","-","3","2","2","-","-","1","-","-","5","-"
"10300","","再婚者数【人】","00110","","妻","2017000000","","2017年","00110","","死別","00360","","23歳","","16","-","-","1","-","3","3","1","1","1","-","1","5","-"
"10300","","再婚者数【人】","00110","","妻","2017000000","","2017年","00110","","死別","00370","","24歳","","29","-","4","2","2","-","2","1","3","-","3","-","12","-"
"10300","","再婚者数【人】","00110","","妻","2017000000","","2017年","00110","","死別","00380","","25歳","","45","-","3","3","3","1","7","3","3","4","1","1","16","-"
"10300","","再婚者数【人】","00110","","妻","2017000000","","2017年","00110","","死別","00390","","26歳","","54","-","1","7","2","6","4","6","1","3","-","2","22","-"
"10300","","再婚者数【人】","00110","","妻","2017000000","","2017年","00110","","死別","00400","","27歳","","55","-","5","3","6","1","3","5","3","-","3","6","20","-"
"10300","","再婚者数【人】","00110","","妻","2017000000","","2017年","00110","","死別","00410","","28歳","","65","-","2","3","6","8","6","5","6","5","1","3","20","-"
"10300","","再婚者数【人】","00110","","妻","2017000000","","2017年","00110","","死別","00420","","29歳","","79","-","7","6","4","6","11","3","6","2","1","2","31","-"
"10300","","再婚者数【人】","00110","","妻","2017000000","","2017年","00110","","死別","00430","","30歳","","76","1","1","6","6","6","3","5","1","4","2","1","40","-"
"10300","","再婚者数【人】","00110","","妻","2017000000","","2017年","00110","","死別","00440","","31歳","","66","-","6","3","6","3","3","2","2","6","1","6","28","-"
"10300","","再婚者数【人】","00110","","妻","2017000000","","2017年","00110","","死別","00450","","32歳","","73","-","3","9","5","4","10","3","4","2","1","3","29","-"
"10300","","再婚者数【人】","00110","","妻","2017000000","","2017年","00110","","死別","00460","","33歳","","85","-","4","5","5","6","5","13","2","6","8","-","31","-"
"10300","","再婚者数【人】","00110","","妻","2017000000","","2017年","00110","","死別","00470","","34歳","","84","1","2","3","9","5","3","5","6","5","2","3","40","-"
"10300","","再婚者数【人】","00110","","妻","2017000000","","2017年","00110","","死別","00480","","35歳","","83","2","4","11","10","4","7","4","3","5","5","3","25","-"
"10300","","再婚者数【人】","00110","","妻","2017000000","","2017年","00110","","死別","00490","","36歳","","70","1","1","12","5","7","5","5","-","4","3","1","26","-"
"10300","","再婚者数【人】","00110","","妻","2017000000","","2017年","00110","","死別","00500","","37歳","","69","1","9","4","7","2","1","4","3","6","1","-","31","-"
"10300","","再婚者数【人】","00110","","妻","2017000000","","2017年","00110","","死別","00510","","38歳","","51","-","2","2","4","6","2","3","2","1","4","5","20","-"
"10300","","再婚者数【人】","00110","","妻","2017000000","","2017年","00110","","死別","00520","","39歳","","73","-","5","5","3","4","4","3","3","6","3","1","36","-"
"10300","","再婚者数【人】","00110","","妻","2017000000","","2017年","00110","","死別","00530","","40歳","","66","2","1","2","6","3","4","3","6","4","5","3","27","-"
"10300","","再婚者数【人】","00110","","妻","2017000000","","2017年","00110","","死別","00540","","41歳","","67","2","5","8","3","3","4","1","4","3","2","5","27","-"
"10300","","再婚者数【人】","00110","","妻","2017000000","","2017年","00110","","死別","00550","","42歳","","64","-","-","6","3","1","3","3","3","7","3","3","32","-"
"10300","","再婚者数【人】","00110","","妻","2017000000","","2017年","00110","","死別","00560","","43歳","","62","-","1","9","4","3","1","5","3","5","1","2","28","-"
"10300","","再婚者数【人】","00110","","妻","2017000000","","2017年","00110","","死別","00570","","44歳","","61","1","5","3","4","1","5","3","1","6","1","1","30","-"
"10300","","再婚者数【人】","00110","","妻","2017000000","","2017年","00110","","死別","00580","","45歳","","64","1","3","6","7","5","4","4","6","1","1","2","24","-"
"10300","","再婚者数【人】","00110","","妻","2017000000","","2017年","00110","","死別","00590","","46歳","","44","1","2","3","7","2","2","3","-","3","2","3","16","-"
"10300","","再婚者数【人】","00110","","妻","2017000000","","2017年","00110","","死別","00600","","47歳","","47","1","3","1","3","1","3","2","2","1","2","1","27","-"
"10300","","再婚者数【人】","00110","","妻","2017000000","","2017年","00110","","死別","00610","","48歳","","49","2","6","1","3","4","-","3","3","3","1","2","21","-"
"10300","","再婚者数【人】","00110","","妻","2017000000","","2017年","00110","","死別","00620","","49歳","","30","2","1","3","-","3","1","1","2","2","-","2","13","-"
"10300","","再婚者数【人】","00110","","妻","2017000000","","2017年","00110","","死別","00630","","50歳","","43","1","1","1","4","-","1","2","4","4","2","1","22","-"
"10300","","再婚者数【人】","00110","","妻","2017000000","","2017年","00110","","死別","00640","","51歳","","49","-","3","1","2","3","2","1","3","1","4","4","25","-"
"10300","","再婚者数【人】","00110","","妻","2017000000","","2017年","00110","","死別","00650","","52歳","","42","-","5","4","6","2","1","1","1","-","1","-","21","-"
"10300","","再婚者数【人】","00110","","妻","2017000000","","2017年","00110","","死別","00660","","53歳","","31","1","3","1","4","-","2","1","1","2","2","2","12","-"
"10300","","再婚者数【人】","00110","","妻","2017000000","","2017年","00110","","死別","00670","","54歳","","30","1","1","2","2","2","2","3","1","2","2","-","12","-"
"10300","","再婚者数【人】","00110","","妻","2017000000","","2017年","00110","","死別","00690","","55歳","","40","-","1","4","3","2","1","1","1","2","2","-","23","-"
"10300","","再婚者数【人】","00110","","妻","2017000000","","2017年","00110","","死別","00700","","56歳","","31","-","2","3","-","3","3","1","-","4","2","-","13","-"
"10300","","再婚者数【人】","00110","","妻","2017000000","","2017年","00110","","死別","00710","","57歳","","37","1","1","1","4","-","1","3","4","1","3","1","17","-"
"10300","","再婚者数【人】","00110","","妻","2017000000","","2017年","00110","","死別","00720","","58歳","","28","1","-","3","3","-","-","1","5","1","2","4","8","-"
"10300","","再婚者数【人】","00110","","妻","2017000000","","2017年","00110","","死別","00730","","59歳","","30","2","2","1","2","3","-","1","3","1","1","-","14","-"
"10300","","再婚者数【人】","00110","","妻","2017000000","","2017年","00110","","死別","00740","","60歳","","14","-","-","-","1","2","1","2","3","1","-","-","4","-"
"10300","","再婚者数【人】","00110","","妻","2017000000","","2017年","00110","","死別","00750","","61歳","","20","-","3","1","3","-","1","4","3","1","-","1","3","-"
"10300","","再婚者数【人】","00110","","妻","2017000000","","2017年","00110","","死別","00760","","62歳","","29","-","1","3","1","1","5","1","2","2","-","4","9","-"
"10300","","再婚者数【人】","00110","","妻","2017000000","","2017年","00110","","死別","00770","","63歳","","18","-","2","1","2","1","4","2","2","-","1","1","2","-"
"10300","","再婚者数【人】","00110","","妻","2017000000","","2017年","00110","","死別","00780","","64歳","","12","-","1","2","1","2","-","1","-","-","-","-","5","-"
"10300","","再婚者数【人】","00110","","妻","2017000000","","2017年","00110","","死別","00790","","65歳","","24","-","2","2","5","2","2","1","-","3","2","1","4","-"
"10300","","再婚者数【人】","00110","","妻","2017000000","","2017年","00110","","死別","00800","","66歳","","19","-","5","-","2","1","2","1","1","2","2","1","2","-"
"10300","","再婚者数【人】","00110","","妻","2017000000","","2017年","00110","","死別","00810","","67歳","","9","-","1","1","3","-","1","1","-","-","-","-","2","-"
"10300","","再婚者数【人】","00110","","妻","2017000000","","2017年","00110","","死別","00820","","68歳","","18","-","3","-","2","2","3","3","1","-","1","-","3","-"
"10300","","再婚者数【人】","00110","","妻","2017000000","","2017年","00110","","死別","00830","","69歳","","9","-","4","1","-","2","1","-","-","1","-","-","-","-"
"10300","","再婚者数【人】","00110","","妻","2017000000","","2017年","00110","","死別","00840","","70歳","","11","-","-","2","3","-","-","1","-","-","-","1","4","-"
"10300","","再婚者数【人】","00110","","妻","2017000000","","2017年","00110","","死別","00850","","71歳","","12","1","3","2","-","2","-","-","-","1","-","-","3","-"
"10300","","再婚者数【人】","00110","","妻","2017000000","","2017年","00110","","死別","00860","","72歳","","5","2","-","1","-","-","1","-","-","-","-","1","-","-"
"10300","","再婚者数【人】","00110","","妻","2017000000","","2017年","00110","","死別","00870","","73歳","","4","-","-","2","-","-","2","-","-","-","-","-","-","-"
"10300","","再婚者数【人】","00110","","妻","2017000000","","2017年","00110","","死別","00880","","74歳","","7","-","1","3","-","1","-","1","1","-","-","-","-","-"
"10300","","再婚者数【人】","00110","","妻","2017000000","","2017年","00110","","死別","00890","","75歳","","7","1","1","-","2","-","1","-","-","-","-","-","2","-"
"10300","","再婚者数【人】","00110","","妻","2017000000","","2017年","00110","","死別","00900","","76歳","","2","-","1","-","1","-","-","-","-","-","-","-","-","-"
"10300","","再婚者数【人】","00110","","妻","2017000000","","2017年","00110","","死別","00910","","77歳","","2","-","-","1","-","-","1","-","-","-","-","-","-","-"
"10300","","再婚者数【人】","00110","","妻","2017000000","","2017年","00110","","死別","00920","","78歳","","4","-","-","-","2","-","1","-","1","-","-","-","-","-"
"10300","","再婚者数【人】","00110","","妻","2017000000","","2017年","00110","","死別","00930","","79歳","","3","-","-","-","3","-","-","-","-","-","-","-","-","-"
"10300","","再婚者数【人】","00110","","妻","2017000000","","2017年","00110","","死別","00940","","80歳以上","","5","1","2","-","1","1","-","-","-","-","-","-","-","-"
"10300","","再婚者数【人】","00110","","妻","2017000000","","2017年","00110","","死別","01380","","不詳","","12","-","-","-","-","-","-","-","-","-","-","-","-","12"
"10300","","再婚者数【人】","00110","","妻","2017000000","","2017年","00120","","離別","00100","","総数","","98,939","5,861","12,721","11,631","9,524","8,196","6,812","5,742","4,969","4,290","3,484","3,141","22,534","34"
"10300","","再婚者数【人】","00110","","妻","2017000000","","2017年","00120","","離別","00290","","16歳","","17","-","-","-","-","1","1","2","1","1","-","-","11","-"
"10300","","再婚者数【人】","00110","","妻","2017000000","","2017年","00120","","離別","00300","","17歳","","125","6","9","16","11","13","10","12","10","5","3","6","24","-"
"10300","","再婚者数【人】","00110","","妻","2017000000","","2017年","00120","","離別","00310","","18歳","","360","6","33","35","32","38","38","25","23","18","17","14","81","-"
"10300","","再婚者数【人】","00110","","妻","2017000000","","2017年","00120","","離別","00320","","19歳","","785","26","76","95","60","65","66","63","46","46","35","33","174","-"
"10300","","再婚者数【人】","00110","","妻","2017000000","","2017年","00120","","離別","00330","","20歳","","1,393","38","142","144","114","119","98","107","97","70","58","57","349","-"
"10300","","再婚者数【人】","00110","","妻","2017000000","","2017年","00120","","離別","00340","","21歳","","2,068","71","230","237","184","184","170","140","104","108","92","72","476","-"
"10300","","再婚者数【人】","00110","","妻","2017000000","","2017年","00120","","離別","00350","","22歳","","2,659","94","245","285","254","261","212","181","170","128","110","98","621","-"
"10300","","再婚者数【人】","00110","","妻","2017000000","","2017年","00120","","離別","00360","","23歳","","3,088","103","306","327","307","276","255","225","189","151","119","121","709","-"
"10300","","再婚者数【人】","00110","","妻","2017000000","","2017年","00120","","離別","00370","","24歳","","3,635","134","366","378","377","311","272","239","210","180","157","130","881","-"
"10300","","再婚者数【人】","00110","","妻","2017000000","","2017年","00120","","離別","00380","","25歳","","4,168","139","405","477","427","368","352","266","208","185","188","118","1,035","-"
"10300","","再婚者数【人】","00110","","妻","2017000000","","2017年","00120","","離別","00390","","26歳","","4,439","146","473","504","459","408","312","278","274","210","171","166","1,038","-"
"10300","","再婚者数【人】","00110","","妻","2017000000","","2017年","00120","","離別","00400","","27歳","","4,855","182","493","560","507","465","348","346","254","262","177","177","1,084","-"
"10300","","再婚者数【人】","00110","","妻","2017000000","","2017年","00120","","離別","00410","","28歳","","5,214","181","562","670","556","449","384","345","288","202","203","154","1,220","-"
"10300","","再婚者数【人】","00110","","妻","2017000000","","2017年","00120","","離別","00420","","29歳","","5,199","172","619","664","564","514","409","336","240","217","167","152","1,145","-"
"10300","","再婚者数【人】","00110","","妻","2017000000","","2017年","00120","","離別","00430","","30歳","","5,287","181","601","648","589","512","397","291","292","220","168","160","1,228","-"
"10300","","再婚者数【人】","00110","","妻","2017000000","","2017年","00120","","離別","00440","","31歳","","4,973","180","628","623","540","443","375","277","246","233","156","149","1,123","-"
"10300","","再婚者数【人】","00110","","妻","2017000000","","2017年","00120","","離別","00450","","32歳","","4,772","227","593","631","538","430","339","269","227","191","171","131","1,025","-"
"10300","","再婚者数【人】","00110","","妻","2017000000","","2017年","00120","","離別","00460","","33歳","","4,496","226","625","600","458","344","299","254","210","161","140","133","1,046","-"
"10300","","再婚者数【人】","00110","","妻","2017000000","","2017年","00120","","離別","00470","","34歳","","4,241","221","614","568","442","368","266","226","187","182","119","138","910","-"
"10300","","再婚者数【人】","00110","","妻","2017000000","","2017年","00120","","離別","00480","","35歳","","3,679","198","506","462","367","295","227","178","155","148","139","119","885","-"
"10300","","再婚者数【人】","00110","","妻","2017000000","","2017年","00120","","離別","00490","","36歳","","3,447","194","509","414","307","276","206","175","154","151","117","100","844","-"
"10300","","再婚者数【人】","00110","","妻","2017000000","","2017年","00120","","離別","00500","","37歳","","3,153","207","451","395","287","217","201","162","154","136","99","101","743","-"
"10300","","再婚者数【人】","00110","","妻","2017000000","","2017年","00120","","離別","00510","","38歳","","2,775","181","415","342","231","208","150","167","127","115","103","87","649","-"
"10300","","再婚者数【人】","00110","","妻","2017000000","","2017年","00120","","離別","00520","","39歳","","2,448","189","358","270","211","178","146","123","119","92","82","80","600","-"
"10300","","再婚者数【人】","00110","","妻","2017000000","","2017年","00120","","離別","00530","","40歳","","2,312","178","373","264","180","157","124","128","108","98","74","82","546","-"
"10300","","再婚者数【人】","00110","","妻","2017000000","","2017年","00120","","離別","00540","","41歳","","2,083","159","300","217","177","135","127","118","114","73","74","63","526","-"
"10300","","再婚者数【人】","00110","","妻","2017000000","","2017年","00120","","離別","00550","","42歳","","1,949","162","314","201","163","136","113","103","81","102","68","65","441","-"
"10300","","再婚者数【人】","00110","","妻","2017000000","","2017年","00120","","離別","00560","","43歳","","1,699","163","243","190","140","116","103","88","87","65","65","61","378","-"
"10300","","再婚者数【人】","00110","","妻","2017000000","","2017年","00120","","離別","00570","","44歳","","1,558","176","245","151","106","136","78","80","68","88","51","45","334","-"
"10300","","再婚者数【人】","00110","","妻","2017000000","","2017年","00120","","離別","00580","","45歳","","1,402","152","211","149","104","103","94","62","77","46","42","46","316","-"
"10300","","再婚者数【人】","00110","","妻","2017000000","","2017年","00120","","離別","00590","","46歳","","1,252","138","181","130","101","87","67","74","62","54","41","36","281","-"
"10300","","再婚者数【人】","00110","","妻","2017000000","","2017年","00120","","離別","00600","","47歳","","1,169","127","192","124","91","75","86","53","48","46","31","25","271","-"
"10300","","再婚者数【人】","00110","","妻","2017000000","","2017年","00120","","離別","00610","","48歳","","1,059","146","158","119","67","70","65","34","47","42","36","29","246","-"
"10300","","再婚者数【人】","00110","","妻","2017000000","","2017年","00120","","離別","00620","","49歳","","948","129","147","84","80","56","59","44","46","32","24","31","216","-"
"10300","","再婚者数【人】","00110","","妻","2017000000","","2017年","00120","","離別","00630","","50歳","","777","103","107","89","65","51","46","48","22","38","20","16","172","-"
"10300","","再婚者数【人】","00110","","妻","2017000000","","2017年","00120","","離別","00640","","51歳","","720","88","122","76","53","46","47","26","34","30","28","19","151","-"
"10300","","再婚者数【人】","00110","","妻","2017000000","","2017年","00120","","離別","00650","","52歳","","630","79","106","78","53","40","31","25","26","19","18","16","139","-"
"10300","","再婚者数【人】","00110","","妻","2017000000","","2017年","00120","","離別","00660","","53歳","","503","83","87","44","37","35","28","25","31","9","9","13","102","-"
"10300","","再婚者数【人】","00110","","妻","2017000000","","2017年","00120","","離別","00670","","54歳","","453","90","73","43","32","24","26","15","14","15","14","15","92","-"
"10300","","再婚者数【人】","00110","","妻","2017000000","","2017年","00120","","離別","00690","","55歳","","382","52","70","40","30","23","24","12","18","11","13","11","78","-"
"10300","","再婚者数【人】","00110","","妻","2017000000","","2017年","00120","","離別","00700","","56歳","","337","53","55","40","27","23","17","10","14","13","16","7","62","-"
"10300","","再婚者数【人】","00110","","妻","2017000000","","2017年","00120","","離別","00710","","57歳","","281","44","50","25","27","17","12","13","8","9","12","12","52","-"
"10300","","再婚者数【人】","00110","","妻","2017000000","","2017年","00120","","離別","00720","","58歳","","272","42","50","26","19","15","13","20","9","12","13","7","46","-"
"10300","","再婚者数【人】","00110","","妻","2017000000","","2017年","00120","","離別","00730","","59歳","","218","29","31","17","18","15","16","10","10","14","10","9","39","-"
"10300","","再婚者数【人】","00110","","妻","2017000000","","2017年","00120","","離別","00740","","60歳","","197","30","35","13","17","12","17","11","7","16","5","6","28","-"
"10300","","再婚者数【人】","00110","","妻","2017000000","","2017年","00120","","離別","00750","","61歳","","161","21","34","16","9","13","11","10","9","7","3","7","21","-"
"10300","","再婚者数【人】","00110","","妻","2017000000","","2017年","00120","","離別","00760","","62歳","","159","28","27","17","11","14","10","11","6","8","1","5","21","-"
"10300","","再婚者数【人】","00110","","妻","2017000000","","2017年","00120","","離別","00770","","63歳","","128","27","19","14","11","10","13","6","7","3","3","4","11","-"
"10300","","再婚者数【人】","00110","","妻","2017000000","","2017年","00120","","離別","00780","","64歳","","127","33","18","11","8","6","8","4","3","8","6","3","19","-"
"10300","","再婚者数【人】","00110","","妻","2017000000","","2017年","00120","","離別","00790","","65歳","","131","31","28","15","14","6","10","-","9","3","4","1","10","-"
"10300","","再婚者数【人】","00110","","妻","2017000000","","2017年","00120","","離別","00800","","66歳","","102","16","22","16","15","5","3","3","6","3","3","2","8","-"
"10300","","再婚者数【人】","00110","","妻","2017000000","","2017年","00120","","離別","00810","","67歳","","91","20","23","9","2","3","6","4","1","3","2","5","13","-"
"10300","","再婚者数【人】","00110","","妻","2017000000","","2017年","00120","","離別","00820","","68歳","","95","29","19","13","5","3","11","5","4","3","2","-","1","-"
"10300","","再婚者数【人】","00110","","妻","2017000000","","2017年","00120","","離別","00830","","69歳","","73","20","28","9","2","6","1","2","-","2","-","-","3","-"
"10300","","再婚者数【人】","00110","","妻","2017000000","","2017年","00120","","離別","00840","","70歳","","61","15","12","7","11","1","3","1","2","2","-","2","5","-"
"10300","","再婚者数【人】","00110","","妻","2017000000","","2017年","00120","","離別","00850","","71歳","","56","12","12","4","8","4","4","5","3","1","1","-","2","-"
"10300","","再婚者数【人】","00110","","妻","2017000000","","2017年","00120","","離別","00860","","72歳","","48","14","14","8","4","3","2","1","-","-","1","-","1","-"
"10300","","再婚者数【人】","00110","","妻","2017000000","","2017年","00120","","離別","00870","","73歳","","43","11","18","5","2","-","2","1","1","1","1","-","1","-"
"10300","","再婚者数【人】","00110","","妻","2017000000","","2017年","00120","","離別","00880","","74歳","","31","11","7","4","4","-","1","3","-","-","-","1","-","-"
"10300","","再婚者数【人】","00110","","妻","2017000000","","2017年","00120","","離別","00890","","75歳","","30","6","10","6","4","1","1","-","1","-","-","-","1","-"
"10300","","再婚者数【人】","00110","","妻","2017000000","","2017年","00120","","離別","00900","","76歳","","20","10","4","2","3","1","-","-","-","-","-","-","-","-"
"10300","","再婚者数【人】","00110","","妻","2017000000","","2017年","00120","","離別","00910","","77歳","","14","3","4","1","2","2","-","-","-","1","1","-","-","-"
"10300","","再婚者数【人】","00110","","妻","2017000000","","2017年","00120","","離別","00920","","78歳","","12","7","2","2","-","-","-","-","-","-","-","1","-","-"
"10300","","再婚者数【人】","00110","","妻","2017000000","","2017年","00120","","離別","00930","","79歳","","6","2","-","2","-","-","-","-","1","-","1","-","-","-"
"10300","","再婚者数【人】","00110","","妻","2017000000","","2017年","00120","","離別","00940","","80歳以上","","40","20","11","5","-","3","-","-","-","1","-","-","-","-"
"10300","","再婚者数【人】","00110","","妻","2017000000","","2017年","00120","","離別","01380","","不詳","","34","-","-","-","-","-","-","-","-","-","-","-","-","34"
"10300","","再婚者数【人】","00110","","妻","2016000000","","2016年","00100","","総数","00100","","総数","","104,023","6,131","13,854","11,790","10,110","8,539","7,048","6,329","5,351","4,503","3,814","3,335","23,169","50"
"10300","","再婚者数【人】","00110","","妻","2016000000","","2016年","00100","","総数","00290","","16歳","","19","-","-","2","-","1","1","1","2","3","1","1","7","-"
"10300","","再婚者数【人】","00110","","妻","2016000000","","2016年","00100","","総数","00300","","17歳","","119","1","16","15","11","12","11","9","11","4","4","6","19","-"
"10300","","再婚者数【人】","00110","","妻","2016000000","","2016年","00100","","総数","00310","","18歳","","349","9","31","39","36","38","21","33","16","15","17","14","80","-"
"10300","","再婚者数【人】","00110","","妻","2016000000","","2016年","00100","","総数","00320","","19歳","","828","32","80","100","78","65","60","73","47","52","29","25","187","-"
"10300","","再婚者数【人】","00110","","妻","2016000000","","2016年","00100","","総数","00330","","20歳","","1,534","56","162","148","138","132","123","127","104","60","61","60","363","-"
"10300","","再婚者数【人】","00110","","妻","2016000000","","2016年","00100","","総数","00340","","21歳","","2,089","71","222","208","204","197","139","160","138","93","93","83","481","-"
"10300","","再婚者数【人】","00110","","妻","2016000000","","2016年","00100","","総数","00350","","22歳","","2,757","86","300","297","256","240","198","199","163","140","136","100","642","-"
"10300","","再婚者数【人】","00110","","妻","2016000000","","2016年","00100","","総数","00360","","23歳","","3,322","107","335","351","323","300","274","214","190","197","150","113","768","-"
"10300","","再婚者数【人】","00110","","妻","2016000000","","2016年","00100","","総数","00370","","24歳","","3,782","130","399","394","370","329","291","274","220","216","156","129","874","-"
"10300","","再婚者数【人】","00110","","妻","2016000000","","2016年","00100","","総数","00380","","25歳","","4,267","122","430","464","467","421","347","296","247","174","176","141","982","-"
"10300","","再婚者数【人】","00110","","妻","2016000000","","2016年","00100","","総数","00390","","26歳","","4,699","147","497","504","486","428","334","320","279","226","173","176","1,129","-"
"10300","","再婚者数【人】","00110","","妻","2016000000","","2016年","00100","","総数","00400","","27歳","","5,096","174","568","580","557","493","398","316","275","213","205","161","1,156","-"
"10300","","再婚者数【人】","00110","","妻","2016000000","","2016年","00100","","総数","00410","","28歳","","5,418","200","625","637","597","429","408","363","287","269","208","200","1,195","-"
"10300","","再婚者数【人】","00110","","妻","2016000000","","2016年","00100","","総数","00420","","29歳","","5,544","218","624","664","617","519","429","361","310","232","196","175","1,199","-"
"10300","","再婚者数【人】","00110","","妻","2016000000","","2016年","00100","","総数","00430","","30歳","","5,512","209","696","654","612","525","395","341","285","239","193","158","1,205","-"
"10300","","再婚者数【人】","00110","","妻","2016000000","","2016年","00100","","総数","00440","","31歳","","5,216","230","659","666","554","468","335","347","255","235","198","138","1,131","-"
"10300","","再婚者数【人】","00110","","妻","2016000000","","2016年","00100","","総数","00450","","32歳","","4,958","238","674","652","529","409","383","266","262","202","150","158","1,035","-"
"10300","","再婚者数【人】","00110","","妻","2016000000","","2016年","00100","","総数","00460","","33歳","","4,751","221","664","611","471","403","337","246","237","174","158","171","1,058","-"
"10300","","再婚者数【人】","00110","","妻","2016000000","","2016年","00100","","総数","00470","","34歳","","4,338","240","643","561","426","352","285","230","195","195","143","128","940","-"
"10300","","再婚者数【人】","00110","","妻","2016000000","","2016年","00100","","総数","00480","","35歳","","3,962","225","564","481","364","327","262","223","167","178","149","132","890","-"
"10300","","再婚者数【人】","00110","","妻","2016000000","","2016年","00100","","総数","00490","","36歳","","3,605","196","562","430","340","259","239","206","166","158","140","115","794","-"
"10300","","再婚者数【人】","00110","","妻","2016000000","","2016年","00100","","総数","00500","","37歳","","3,278","216","470","381","323","247","205","188","169","147","116","93","723","-"
"10300","","再婚者数【人】","00110","","妻","2016000000","","2016年","00100","","総数","00510","","38歳","","3,060","213","480","329","275","241","167","167","154","114","119","111","690","-"
"10300","","再婚者数【人】","00110","","妻","2016000000","","2016年","00100","","総数","00520","","39歳","","2,683","199","374","304","247","219","143","129","143","124","89","80","632","-"
"10300","","再婚者数【人】","00110","","妻","2016000000","","2016年","00100","","総数","00530","","40歳","","2,344","179","368","247","199","165","122","117","118","97","82","73","577","-"
"10300","","再婚者数【人】","00110","","妻","2016000000","","2016年","00100","","総数","00540","","41歳","","2,237","199","352","253","207","147","124","136","107","76","75","59","502","-"
"10300","","再婚者数【人】","00110","","妻","2016000000","","2016年","00100","","総数","00550","","42歳","","1,998","162","315","211","145","114","118","123","101","75","86","69","479","-"
"10300","","再婚者数【人】","00110","","妻","2016000000","","2016年","00100","","総数","00560","","43歳","","1,820","208","298","160","147","110","98","112","87","73","57","57","413","-"
"10300","","再婚者数【人】","00110","","妻","2016000000","","2016年","00100","","総数","00570","","44歳","","1,564","133","255","153","119","107","91","96","77","63","48","53","369","-"
"10300","","再婚者数【人】","00110","","妻","2016000000","","2016年","00100","","総数","00580","","45歳","","1,520","147","225","166","123","104","96","71","71","59","57","37","364","-"
"10300","","再婚者数【人】","00110","","妻","2016000000","","2016年","00100","","総数","00590","","46歳","","1,290","133","203","131","109","96","76","71","63","53","39","33","283","-"
"10300","","再婚者数【人】","00110","","妻","2016000000","","2016年","00100","","総数","00600","","47歳","","1,243","130","213","126","77","83","75","74","42","59","39","31","294","-"
"10300","","再婚者数【人】","00110","","妻","2016000000","","2016年","00100","","総数","00610","","48歳","","1,051","129","149","103","113","60","53","63","36","32","31","30","252","-"
"10300","","再婚者数【人】","00110","","妻","2016000000","","2016年","00100","","総数","00620","","49歳","","926","98","153","91","79","70","45","46","45","45","33","19","202","-"
"10300","","再婚者数【人】","00110","","妻","2016000000","","2016年","00100","","総数","00630","","50歳","","859","100","148","70","75","59","56","50","42","33","27","20","179","-"
"10300","","再婚者数【人】","00110","","妻","2016000000","","2016年","00100","","総数","00640","","51歳","","746","98","133","80","56","56","29","37","40","23","23","13","158","-"
"10300","","再婚者数【人】","00110","","妻","2016000000","","2016年","00100","","総数","00650","","52歳","","693","91","123","70","44","50","37","34","17","30","21","24","152","-"
"10300","","再婚者数【人】","00110","","妻","2016000000","","2016年","00100","","総数","00660","","53歳","","554","87","96","50","44","37","27","23","23","18","14","14","121","-"
"10300","","再婚者数【人】","00110","","妻","2016000000","","2016年","00100","","総数","00670","","54歳","","486","72","82","37","30","25","28","23","19","10","14","23","123","-"
"10300","","再婚者数【人】","00110","","妻","2016000000","","2016年","00100","","総数","00690","","55歳","","393","57","66","32","26","23","21","27","23","8","14","9","87","-"
"10300","","再婚者数【人】","00110","","妻","2016000000","","2016年","00100","","総数","00700","","56歳","","391","42","65","37","29","24","18","10","12","17","20","28","89","-"
"10300","","再婚者数【人】","00110","","妻","2016000000","","2016年","00100","","総数","00710","","57歳","","323","43","57","26","25","23","13","14","17","10","8","7","80","-"
"10300","","再婚者数【人】","00110","","妻","2016000000","","2016年","00100","","総数","00720","","58歳","","279","47","47","32","18","11","18","17","13","10","12","10","44","-"
"10300","","再婚者数【人】","00110","","妻","2016000000","","2016年","00100","","総数","00730","","59歳","","251","40","45","28","15","15","17","11","10","12","7","14","37","-"
"10300","","再婚者数【人】","00110","","妻","2016000000","","2016年","00100","","総数","00740","","60歳","","214","32","28","30","16","13","12","14","11","8","7","3","40","-"
"10300","","再婚者数【人】","00110","","妻","2016000000","","2016年","00100","","総数","00750","","61歳","","203","28","33","28","18","14","13","10","8","7","4","5","35","-"
"10300","","再婚者数【人】","00110","","妻","2016000000","","2016年","00100","","総数","00760","","62歳","","144","26","26","16","8","10","9","10","8","1","3","6","21","-"
"10300","","再婚者数【人】","00110","","妻","2016000000","","2016年","00100","","総数","00770","","63歳","","160","28","34","18","17","13","11","9","2","3","4","3","18","-"
"10300","","再婚者数【人】","00110","","妻","2016000000","","2016年","00100","","総数","00780","","64歳","","135","24","34","12","17","6","7","6","4","4","4","5","12","-"
"10300","","再婚者数【人】","00110","","妻","2016000000","","2016年","00100","","総数","00790","","65歳","","163","30","32","29","12","7","10","11","6","1","6","6","13","-"
"10300","","再婚者数【人】","00110","","妻","2016000000","","2016年","00100","","総数","00800","","66歳","","130","23","32","17","13","7","5","6","4","1","5","4","13","-"
"10300","","再婚者数【人】","00110","","妻","2016000000","","2016年","00100","","総数","00810","","67歳","","112","26","28","13","8","8","5","3","6","2","5","4","4","-"
"10300","","再婚者数【人】","00110","","妻","2016000000","","2016年","00100","","総数","00820","","68歳","","95","25","22","8","5","4","5","5","5","5","2","2","7","-"
"10300","","再婚者数【人】","00110","","妻","2016000000","","2016年","00100","","総数","00830","","69歳","","77","25","13","8","6","4","5","2","3","2","2","4","3","-"
"10300","","再婚者数【人】","00110","","妻","2016000000","","2016年","00100","","総数","00840","","70歳","","67","19","15","7","6","4","5","1","2","2","2","1","3","-"
"10300","","再婚者数【人】","00110","","妻","2016000000","","2016年","00100","","総数","00850","","71歳","","61","19","17","7","4","1","1","-","4","-","1","-","7","-"
"10300","","再婚者数【人】","00110","","妻","2016000000","","2016年","00100","","総数","00860","","72歳","","50","11","13","6","6","4","3","3","-","1","-","-","3","-"
"10300","","再婚者数【人】","00110","","妻","2016000000","","2016年","00100","","総数","00870","","73歳","","38","16","10","3","3","1","1","2","-","-","-","-","2","-"
"10300","","再婚者数【人】","00110","","妻","2016000000","","2016年","00100","","総数","00880","","74歳","","34","11","9","3","3","1","4","-","-","-","-","1","2","-"
"10300","","再婚者数【人】","00110","","妻","2016000000","","2016年","00100","","総数","00890","","75歳","","29","12","5","2","2","1","2","2","2","1","-","-","-","-"
"10300","","再婚者数【人】","00110","","妻","2016000000","","2016年","00100","","総数","00900","","76歳","","24","8","7","3","-","2","1","1","-","1","1","-","-","-"
"10300","","再婚者数【人】","00110","","妻","2016000000","","2016年","00100","","総数","00910","","77歳","","18","3","6","4","1","2","1","-","-","-","1","-","-","-"
"10300","","再婚者数【人】","00110","","妻","2016000000","","2016年","00100","","総数","00920","","78歳","","11","5","3","-","1","1","-","-","-","-","-","-","1","-"
"10300","","再婚者数【人】","00110","","妻","2016000000","","2016年","00100","","総数","00930","","79歳","","13","7","3","-","-","1","1","-","1","-","-","-","-","-"
"10300","","再婚者数【人】","00110","","妻","2016000000","","2016年","00100","","総数","00940","","80歳以上","","41","18","16","1","3","2","-","-","-","1","-","-","-","-"
"10300","","再婚者数【人】","00110","","妻","2016000000","","2016年","00100","","総数","01380","","不詳","","50","-","-","-","-","-","-","-","-","-","-","-","-","50"
"10300","","再婚者数【人】","00110","","妻","2016000000","","2016年","00110","","死別","00100","","総数","","2,296","53","129","186","190","151","171","127","119","103","94","103","865","5"
"10300","","再婚者数【人】","00110","","妻","2016000000","","2016年","00110","","死別","00290","","16歳","","1","-","-","-","-","-","-","-","-","-","-","-","1","-"
"10300","","再婚者数【人】","00110","","妻","2016000000","","2016年","00110","","死別","00300","","17歳","","4","-","-","-","1","-","-","-","-","1","-","1","1","-"
"10300","","再婚者数【人】","00110","","妻","2016000000","","2016年","00110","","死別","00310","","18歳","","4","-","-","1","-","-","1","1","-","-","-","-","1","-"
"10300","","再婚者数【人】","00110","","妻","2016000000","","2016年","00110","","死別","00320","","19歳","","7","1","-","-","1","-","1","-","-","-","1","-","3","-"
"10300","","再婚者数【人】","00110","","妻","2016000000","","2016年","00110","","死別","00330","","20歳","","15","1","3","1","1","2","-","-","-","-","-","-","7","-"
"10300","","再婚者数【人】","00110","","妻","2016000000","","2016年","00110","","死別","00340","","21歳","","19","-","-","-","1","2","2","4","-","2","-","2","6","-"
"10300","","再婚者数【人】","00110","","妻","2016000000","","2016年","00110","","死別","00350","","22歳","","25","1","2","1","3","-","5","2","3","-","1","-","7","-"
"10300","","再婚者数【人】","00110","","妻","2016000000","","2016年","00110","","死別","00360","","23歳","","37","1","3","2","7","3","1","1","-","1","2","1","15","-"
"10300","","再婚者数【人】","00110","","妻","2016000000","","2016年","00110","","死別","00370","","24歳","","33","-","2","2","-","2","4","2","1","2","1","2","15","-"
"10300","","再婚者数【人】","00110","","妻","2016000000","","2016年","00110","","死別","00380","","25歳","","38","-","3","2","6","5","3","2","3","-","1","3","10","-"
"10300","","再婚者数【人】","00110","","妻","2016000000","","2016年","00110","","死別","00390","","26歳","","44","1","2","3","3","2","7","4","1","3","-","4","14","-"
"10300","","再婚者数【人】","00110","","妻","2016000000","","2016年","00110","","死別","00400","","27歳","","55","-","3","5","6","2","5","2","5","3","3","2","19","-"
"10300","","再婚者数【人】","00110","","妻","2016000000","","2016年","00110","","死別","00410","","28歳","","76","1","4","7","6","3","8","5","6","7","5","5","19","-"
"10300","","再婚者数【人】","00110","","妻","2016000000","","2016年","00110","","死別","00420","","29歳","","59","-","3","5","6","6","3","3","10","1","-","2","20","-"
"10300","","再婚者数【人】","00110","","妻","2016000000","","2016年","00110","","死別","00430","","30歳","","65","1","2","8","7","3","3","3","4","4","3","3","24","-"
"10300","","再婚者数【人】","00110","","妻","2016000000","","2016年","00110","","死別","00440","","31歳","","85","1","4","10","10","8","7","6","2","3","5","1","28","-"
"10300","","再婚者数【人】","00110","","妻","2016000000","","2016年","00110","","死別","00450","","32歳","","66","2","2","3","4","3","4","2","3","4","4","5","30","-"
"10300","","再婚者数【人】","00110","","妻","2016000000","","2016年","00110","","死別","00460","","33歳","","80","4","4","4","10","3","4","6","4","6","3","6","26","-"
"10300","","再婚者数【人】","00110","","妻","2016000000","","2016年","00110","","死別","00470","","34歳","","80","2","3","6","4","7","8","3","3","2","5","4","33","-"
"10300","","再婚者数【人】","00110","","妻","2016000000","","2016年","00110","","死別","00480","","35歳","","73","1","6","2","9","8","6","-","5","4","3","1","28","-"
"10300","","再婚者数【人】","00110","","妻","2016000000","","2016年","00110","","死別","00490","","36歳","","84","4","7","4","8","6","5","4","1","6","3","4","32","-"
"10300","","再婚者数【人】","00110","","妻","2016000000","","2016年","00110","","死別","00500","","37歳","","64","1","4","6","3","2","2","5","4","2","1","1","33","-"
"10300","","再婚者数【人】","00110","","妻","2016000000","","2016年","00110","","死別","00510","","38歳","","90","-","7","9","9","8","6","4","3","3","5","4","32","-"
"10300","","再婚者数【人】","00110","","妻","2016000000","","2016年","00110","","死別","00520","","39歳","","65","3","5","4","5","2","5","2","1","3","-","-","35","-"
"10300","","再婚者数【人】","00110","","妻","2016000000","","2016年","00110","","死別","00530","","40歳","","68","5","3","3","6","2","6","5","3","4","2","4","25","-"
"10300","","再婚者数【人】","00110","","妻","2016000000","","2016年","00110","","死別","00540","","41歳","","65","3","1","8","6","1","6","4","3","1","2","4","26","-"
"10300","","再婚者数【人】","00110","","妻","2016000000","","2016年","00110","","死別","00550","","42歳","","59","-","1","4","4","3","3","4","7","3","4","2","24","-"
"10300","","再婚者数【人】","00110","","妻","2016000000","","2016年","00110","","死別","00560","","43歳","","66","4","6","3","5","7","4","4","3","2","2","4","22","-"
"10300","","再婚者数【人】","00110","","妻","2016000000","","2016年","00110","","死別","00570","","44歳","","50","-","4","4","3","3","3","6","1","2","2","1","21","-"
"10300","","再婚者数【人】","00110","","妻","2016000000","","2016年","00110","","死別","00580","","45歳","","64","1","3","5","2","3","6","3","5","4","1","2","29","-"
"10300","","再婚者数【人】","00110","","妻","2016000000","","2016年","00110","","死別","00590","","46歳","","61","2","6","6","5","4","3","-","2","4","3","6","20","-"
"10300","","再婚者数【人】","00110","","妻","2016000000","","2016年","00110","","死別","00600","","47歳","","68","2","4","2","2","4","5","1","2","1","1","4","40","-"
"10300","","再婚者数【人】","00110","","妻","2016000000","","2016年","00110","","死別","00610","","48歳","","42","-","1","3","1","3","-","3","2","2","2","1","24","-"
"10300","","再婚者数【人】","00110","","妻","2016000000","","2016年","00110","","死別","00620","","49歳","","44","1","3","5","4","2","1","4","3","1","2","1","17","-"
"10300","","再婚者数【人】","00110","","妻","2016000000","","2016年","00110","","死別","00630","","50歳","","38","-","-","3","3","1","3","2","1","1","2","-","22","-"
"10300","","再婚者数【人】","00110","","妻","2016000000","","2016年","00110","","死別","00640","","51歳","","42","-","2","3","5","3","3","-","3","-","1","1","21","-"
"10300","","再婚者数【人】","00110","","妻","2016000000","","2016年","00110","","死別","00650","","52歳","","38","-","3","3","1","4","4","3","1","3","2","2","12","-"
"10300","","再婚者数【人】","00110","","妻","2016000000","","2016年","00110","","死別","00660","","53歳","","31","1","-","3","2","-","1","2","1","4","1","1","15","-"
"10300","","再婚者数【人】","00110","","妻","2016000000","","2016年","00110","","死別","00670","","54歳","","29","-","1","3","-","1","2","2","1","1","2","1","15","-"
"10300","","再婚者数【人】","00110","","妻","2016000000","","2016年","00110","","死別","00690","","55歳","","37","-","1","3","2","2","1","3","3","1","1","3","17","-"
"10300","","再婚者数【人】","00110","","妻","2016000000","","2016年","00110","","死別","00700","","56歳","","38","-","3","1","2","-","5","1","3","1","5","4","13","-"
"10300","","再婚者数【人】","00110","","妻","2016000000","","2016年","00110","","死別","00710","","57歳","","29","1","1","2","3","4","3","-","1","1","-","-","13","-"
"10300","","再婚者数【人】","00110","","妻","2016000000","","2016年","00110","","死別","00720","","58歳","","25","1","-","3","2","-","3","1","1","2","4","1","7","-"
"10300","","再婚者数【人】","00110","","妻","2016000000","","2016年","00110","","死別","00730","","59歳","","19","1","-","1","2","1","3","2","1","3","-","1","4","-"
"10300","","再婚者数【人】","00110","","妻","2016000000","","2016年","00110","","死別","00740","","60歳","","27","1","-","3","1","3","3","3","-","-","-","2","11","-"
"10300","","再婚者数【人】","00110","","妻","2016000000","","2016年","00110","","死別","00750","","61歳","","30","1","1","4","3","6","1","2","2","1","2","1","6","-"
"10300","","再婚者数【人】","00110","","妻","2016000000","","2016年","00110","","死別","00760","","62歳","","14","1","1","2","1","-","1","4","2","-","1","-","1","-"
"10300","","再婚者数【人】","00110","","妻","2016000000","","2016年","00110","","死別","00770","","63歳","","19","-","-","5","3","3","1","-","1","-","2","1","3","-"
"10300","","再婚者数【人】","00110","","妻","2016000000","","2016年","00110","","死別","00780","","64歳","","15","-","2","2","2","-","1","2","1","-","1","1","3","-"
"10300","","再婚者数【人】","00110","","妻","2016000000","","2016年","00110","","死別","00790","","65歳","","14","1","-","4","1","-","1","2","1","-","1","1","2","-"
"10300","","再婚者数【人】","00110","","妻","2016000000","","2016年","00110","","死別","00800","","66歳","","23","-","3","2","2","2","1","-","1","-","2","3","7","-"
"10300","","再婚者数【人】","00110","","妻","2016000000","","2016年","00110","","死別","00810","","67歳","","9","-","1","-","-","4","1","-","3","-","-","-","-","-"
"10300","","再婚者数【人】","00110","","妻","2016000000","","2016年","00110","","死別","00820","","68歳","","7","-","-","1","-","1","1","1","-","2","-","-","1","-"
"10300","","再婚者数【人】","00110","","妻","2016000000","","2016年","00110","","死別","00830","","69歳","","10","-","1","2","1","1","4","-","1","-","-","-","-","-"
"10300","","再婚者数【人】","00110","","妻","2016000000","","2016年","00110","","死別","00840","","70歳","","4","-","1","-","2","-","-","-","1","-","-","-","-","-"
"10300","","再婚者数【人】","00110","","妻","2016000000","","2016年","00110","","死別","00850","","71歳","","7","-","2","2","1","1","-","-","-","-","-","-","1","-"
"10300","","再婚者数【人】","00110","","妻","2016000000","","2016年","00110","","死別","00860","","72歳","","9","-","1","2","-","2","-","1","-","1","-","-","2","-"
"10300","","再婚者数【人】","00110","","妻","2016000000","","2016年","00110","","死別","00870","","73歳","","1","-","-","-","-","-","-","-","-","-","-","-","1","-"
"10300","","再婚者数【人】","00110","","妻","2016000000","","2016年","00110","","死別","00880","","74歳","","5","-","2","1","-","1","-","-","-","-","-","-","1","-"
"10300","","再婚者数【人】","00110","","妻","2016000000","","2016年","00110","","死別","00890","","75歳","","4","-","-","-","1","-","1","1","-","1","-","-","-","-"
"10300","","再婚者数【人】","00110","","妻","2016000000","","2016年","00110","","死別","00900","","76歳","","3","1","1","1","-","-","-","-","-","-","-","-","-","-"
"10300","","再婚者数【人】","00110","","妻","2016000000","","2016年","00110","","死別","00910","","77歳","","2","-","-","1","-","1","-","-","-","-","-","-","-","-"
"10300","","再婚者数【人】","00110","","妻","2016000000","","2016年","00110","","死別","00920","","78歳","","2","1","-","-","1","-","-","-","-","-","-","-","-","-"
"10300","","再婚者数【人】","00110","","妻","2016000000","","2016年","00110","","死別","00930","","79歳","","1","-","-","-","-","1","-","-","-","-","-","-","-","-"
"10300","","再婚者数【人】","00110","","妻","2016000000","","2016年","00110","","死別","00940","","80歳以上","","3","-","1","1","1","-","-","-","-","-","-","-","-","-"
"10300","","再婚者数【人】","00110","","妻","2016000000","","2016年","00110","","死別","01380","","不詳","","5","-","-","-","-","-","-","-","-","-","-","-","-","5"
"10300","","再婚者数【人】","00110","","妻","2016000000","","2016年","00120","","離別","00100","","総数","","101,727","6,078","13,725","11,604","9,920","8,388","6,877","6,202","5,232","4,400","3,720","3,232","22,304","45"
"10300","","再婚者数【人】","00110","","妻","2016000000","","2016年","00120","","離別","00290","","16歳","","18","-","-","2","-","1","1","1","2","3","1","1","6","-"
"10300","","再婚者数【人】","00110","","妻","2016000000","","2016年","00120","","離別","00300","","17歳","","115","1","16","15","10","12","11","9","11","3","4","5","18","-"
"10300","","再婚者数【人】","00110","","妻","2016000000","","2016年","00120","","離別","00310","","18歳","","345","9","31","38","36","38","20","32","16","15","17","14","79","-"
"10300","","再婚者数【人】","00110","","妻","2016000000","","2016年","00120","","離別","00320","","19歳","","821","31","80","100","77","65","59","73","47","52","28","25","184","-"
"10300","","再婚者数【人】","00110","","妻","2016000000","","2016年","00120","","離別","00330","","20歳","","1,519","55","159","147","137","130","123","127","104","60","61","60","356","-"
"10300","","再婚者数【人】","00110","","妻","2016000000","","2016年","00120","","離別","00340","","21歳","","2,070","71","222","208","203","195","137","156","138","91","93","81","475","-"
"10300","","再婚者数【人】","00110","","妻","2016000000","","2016年","00120","","離別","00350","","22歳","","2,732","85","298","296","253","240","193","197","160","140","135","100","635","-"
"10300","","再婚者数【人】","00110","","妻","2016000000","","2016年","00120","","離別","00360","","23歳","","3,285","106","332","349","316","297","273","213","190","196","148","112","753","-"
"10300","","再婚者数【人】","00110","","妻","2016000000","","2016年","00120","","離別","00370","","24歳","","3,749","130","397","392","370","327","287","272","219","214","155","127","859","-"
"10300","","再婚者数【人】","00110","","妻","2016000000","","2016年","00120","","離別","00380","","25歳","","4,229","122","427","462","461","416","344","294","244","174","175","138","972","-"
"10300","","再婚者数【人】","00110","","妻","2016000000","","2016年","00120","","離別","00390","","26歳","","4,655","146","495","501","483","426","327","316","278","223","173","172","1,115","-"
"10300","","再婚者数【人】","00110","","妻","2016000000","","2016年","00120","","離別","00400","","27歳","","5,041","174","565","575","551","491","393","314","270","210","202","159","1,137","-"
"10300","","再婚者数【人】","00110","","妻","2016000000","","2016年","00120","","離別","00410","","28歳","","5,342","199","621","630","591","426","400","358","281","262","203","195","1,176","-"
"10300","","再婚者数【人】","00110","","妻","2016000000","","2016年","00120","","離別","00420","","29歳","","5,485","218","621","659","611","513","426","358","300","231","196","173","1,179","-"
"10300","","再婚者数【人】","00110","","妻","2016000000","","2016年","00120","","離別","00430","","30歳","","5,447","208","694","646","605","522","392","338","281","235","190","155","1,181","-"
"10300","","再婚者数【人】","00110","","妻","2016000000","","2016年","00120","","離別","00440","","31歳","","5,131","229","655","656","544","460","328","341","253","232","193","137","1,103","-"
"10300","","再婚者数【人】","00110","","妻","2016000000","","2016年","00120","","離別","00450","","32歳","","4,892","236","672","649","525","406","379","264","259","198","146","153","1,005","-"
"10300","","再婚者数【人】","00110","","妻","2016000000","","2016年","00120","","離別","00460","","33歳","","4,671","217","660","607","461","400","333","240","233","168","155","165","1,032","-"
"10300","","再婚者数【人】","00110","","妻","2016000000","","2016年","00120","","離別","00470","","34歳","","4,258","238","640","555","422","345","277","227","192","193","138","124","907","-"
"10300","","再婚者数【人】","00110","","妻","2016000000","","2016年","00120","","離別","00480","","35歳","","3,889","224","558","479","355","319","256","223","162","174","146","131","862","-"
"10300","","再婚者数【人】","00110","","妻","2016000000","","2016年","00120","","離別","00490","","36歳","","3,521","192","555","426","332","253","234","202","165","152","137","111","762","-"
"10300","","再婚者数【人】","00110","","妻","2016000000","","2016年","00120","","離別","00500","","37歳","","3,214","215","466","375","320","245","203","183","165","145","115","92","690","-"
"10300","","再婚者数【人】","00110","","妻","2016000000","","2016年","00120","","離別","00510","","38歳","","2,970","213","473","320","266","233","161","163","151","111","114","107","658","-"
"10300","","再婚者数【人】","00110","","妻","2016000000","","2016年","00120","","離別","00520","","39歳","","2,618","196","369","300","242","217","138","127","142","121","89","80","597","-"
"10300","","再婚者数【人】","00110","","妻","2016000000","","2016年","00120","","離別","00530","","40歳","","2,276","174","365","244","193","163","116","112","115","93","80","69","552","-"
"10300","","再婚者数【人】","00110","","妻","2016000000","","2016年","00120","","離別","00540","","41歳","","2,172","196","351","245","201","146","118","132","104","75","73","55","476","-"
"10300","","再婚者数【人】","00110","","妻","2016000000","","2016年","00120","","離別","00550","","42歳","","1,939","162","314","207","141","111","115","119","94","72","82","67","455","-"
"10300","","再婚者数【人】","00110","","妻","2016000000","","2016年","00120","","離別","00560","","43歳","","1,754","204","292","157","142","103","94","108","84","71","55","53","391","-"
"10300","","再婚者数【人】","00110","","妻","2016000000","","2016年","00120","","離別","00570","","44歳","","1,514","133","251","149","116","104","88","90","76","61","46","52","348","-"
"10300","","再婚者数【人】","00110","","妻","2016000000","","2016年","00120","","離別","00580","","45歳","","1,456","146","222","161","121","101","90","68","66","55","56","35","335","-"
"10300","","再婚者数【人】","00110","","妻","2016000000","","2016年","00120","","離別","00590","","46歳","","1,229","131","197","125","104","92","73","71","61","49","36","27","263","-"
"10300","","再婚者数【人】","00110","","妻","2016000000","","2016年","00120","","離別","00600","","47歳","","1,175","128","209","124","75","79","70","73","40","58","38","27","254","-"
"10300","","再婚者数【人】","00110","","妻","2016000000","","2016年","00120","","離別","00610","","48歳","","1,009","129","148","100","112","57","53","60","34","30","29","29","228","-"
"10300","","再婚者数【人】","00110","","妻","2016000000","","2016年","00120","","離別","00620","","49歳","","882","97","150","86","75","68","44","42","42","44","31","18","185","-"
"10300","","再婚者数【人】","00110","","妻","2016000000","","2016年","00120","","離別","00630","","50歳","","821","100","148","67","72","58","53","48","41","32","25","20","157","-"
"10300","","再婚者数【人】","00110","","妻","2016000000","","2016年","00120","","離別","00640","","51歳","","704","98","131","77","51","53","26","37","37","23","22","12","137","-"
"10300","","再婚者数【人】","00110","","妻","2016000000","","2016年","00120","","離別","00650","","52歳","","655","91","120","67","43","46","33","31","16","27","19","22","140","-"
"10300","","再婚者数【人】","00110","","妻","2016000000","","2016年","00120","","離別","00660","","53歳","","523","86","96","47","42","37","26","21","22","14","13","13","106","-"
"10300","","再婚者数【人】","00110","","妻","2016000000","","2016年","00120","","離別","00670","","54歳","","457","72","81","34","30","24","26","21","18","9","12","22","108","-"
"10300","","再婚者数【人】","00110","","妻","2016000000","","2016年","00120","","離別","00690","","55歳","","356","57","65","29","24","21","20","24","20","7","13","6","70","-"
"10300","","再婚者数【人】","00110","","妻","2016000000","","2016年","00120","","離別","00700","","56歳","","353","42","62","36","27","24","13","9","9","16","15","24","76","-"
"10300","","再婚者数【人】","00110","","妻","2016000000","","2016年","00120","","離別","00710","","57歳","","294","42","56","24","22","19","10","14","16","9","8","7","67","-"
"10300","","再婚者数【人】","00110","","妻","2016000000","","2016年","00120","","離別","00720","","58歳","","254","46","47","29","16","11","15","16","12","8","8","9","37","-"
"10300","","再婚者数【人】","00110","","妻","2016000000","","2016年","00120","","離別","00730","","59歳","","232","39","45","27","13","14","14","9","9","9","7","13","33","-"
"10300","","再婚者数【人】","00110","","妻","2016000000","","2016年","00120","","離別","00740","","60歳","","187","31","28","27","15","10","9","11","11","8","7","1","29","-"
"10300","","再婚者数【人】","00110","","妻","2016000000","","2016年","00120","","離別","00750","","61歳","","173","27","32","24","15","8","12","8","6","6","2","4","29","-"
"10300","","再婚者数【人】","00110","","妻","2016000000","","2016年","00120","","離別","00760","","62歳","","130","25","25","14","7","10","8","6","6","1","2","6","20","-"
"10300","","再婚者数【人】","00110","","妻","2016000000","","2016年","00120","","離別","00770","","63歳","","141","28","34","13","14","10","10","9","1","3","2","2","15","-"
"10300","","再婚者数【人】","00110","","妻","2016000000","","2016年","00120","","離別","00780","","64歳","","120","24","32","10","15","6","6","4","3","4","3","4","9","-"
"10300","","再婚者数【人】","00110","","妻","2016000000","","2016年","00120","","離別","00790","","65歳","","149","29","32","25","11","7","9","9","5","1","5","5","11","-"
"10300","","再婚者数【人】","00110","","妻","2016000000","","2016年","00120","","離別","00800","","66歳","","107","23","29","15","11","5","4","6","3","1","3","1","6","-"
"10300","","再婚者数【人】","00110","","妻","2016000000","","2016年","00120","","離別","00810","","67歳","","103","26","27","13","8","4","4","3","3","2","5","4","4","-"
"10300","","再婚者数【人】","00110","","妻","2016000000","","2016年","00120","","離別","00820","","68歳","","88","25","22","7","5","3","4","4","5","3","2","2","6","-"
"10300","","再婚者数【人】","00110","","妻","2016000000","","2016年","00120","","離別","00830","","69歳","","67","25","12","6","5","3","1","2","2","2","2","4","3","-"
"10300","","再婚者数【人】","00110","","妻","2016000000","","2016年","00120","","離別","00840","","70歳","","63","19","14","7","4","4","5","1","1","2","2","1","3","-"
"10300","","再婚者数【人】","00110","","妻","2016000000","","2016年","00120","","離別","00850","","71歳","","54","19","15","5","3","-","1","-","4","-","1","-","6","-"
"10300","","再婚者数【人】","00110","","妻","2016000000","","2016年","00120","","離別","00860","","72歳","","41","11","12","4","6","2","3","2","-","-","-","-","1","-"
"10300","","再婚者数【人】","00110","","妻","2016000000","","2016年","00120","","離別","00870","","73歳","","37","16","10","3","3","1","1","2","-","-","-","-","1","-"
"10300","","再婚者数【人】","00110","","妻","2016000000","","2016年","00120","","離別","00880","","74歳","","29","11","7","2","3","-","4","-","-","-","-","1","1","-"
"10300","","再婚者数【人】","00110","","妻","2016000000","","2016年","00120","","離別","00890","","75歳","","25","12","5","2","1","1","1","1","2","-","-","-","-","-"
"10300","","再婚者数【人】","00110","","妻","2016000000","","2016年","00120","","離別","00900","","76歳","","21","7","6","2","-","2","1","1","-","1","1","-","-","-"
"10300","","再婚者数【人】","00110","","妻","2016000000","","2016年","00120","","離別","00910","","77歳","","16","3","6","3","1","1","1","-","-","-","1","-","-","-"
"10300","","再婚者数【人】","00110","","妻","2016000000","","2016年","00120","","離別","00920","","78歳","","9","4","3","-","-","1","-","-","-","-","-","-","1","-"
"10300","","再婚者数【人】","00110","","妻","2016000000","","2016年","00120","","離別","00930","","79歳","","12","7","3","-","-","-","1","-","1","-","-","-","-","-"
"10300","","再婚者数【人】","00110","","妻","2016000000","","2016年","00120","","離別","00940","","80歳以上","","38","18","15","-","2","2","-","-","-","1","-","-","-","-"
"10300","","再婚者数【人】","00110","","妻","2016000000","","2016年","00120","","離別","01380","","不詳","","45","-","-","-","-","-","-","-","-","-","-","-","-","45"
"10300","","再婚者数【人】","00110","","妻","2015000000","","2015年","00100","","総数","00100","","総数","","106,614","5,915","13,995","12,227","10,165","8,753","7,836","6,458","5,382","4,630","4,049","3,535","23,611","58"
"10300","","再婚者数【人】","00110","","妻","2015000000","","2015年","00100","","総数","00290","","16歳","","30","2","3","2","-","2","4","2","2","1","1","1","10","-"
"10300","","再婚者数【人】","00110","","妻","2015000000","","2015年","00100","","総数","00300","","17歳","","136","4","9","9","19","12","12","17","11","2","5","3","33","-"
"10300","","再婚者数【人】","00110","","妻","2015000000","","2015年","00100","","総数","00310","","18歳","","423","14","54","41","42","33","32","33","27","12","12","17","106","-"
"10300","","再婚者数【人】","00110","","妻","2015000000","","2015年","00100","","総数","00320","","19歳","","854","25","91","103","74","62","72","69","60","28","49","39","182","-"
"10300","","再婚者数【人】","00110","","妻","2015000000","","2015年","00100","","総数","00330","","20歳","","1,483","56","141","158","146","137","115","132","85","77","63","56","317","-"
"10300","","再婚者数【人】","00110","","妻","2015000000","","2015年","00100","","総数","00340","","21歳","","2,070","70","185","205","208","215","167","135","111","98","89","78","509","-"
"10300","","再婚者数【人】","00110","","妻","2015000000","","2015年","00100","","総数","00350","","22歳","","2,757","95","294","268","272","242","213","196","147","145","124","114","647","-"
"10300","","再婚者数【人】","00110","","妻","2015000000","","2015年","00100","","総数","00360","","23歳","","3,376","102","299","368","318","291","298","263","197","163","169","124","784","-"
"10300","","再婚者数【人】","00110","","妻","2015000000","","2015年","00100","","総数","00370","","24歳","","3,876","133","358","440","342","335","337","272","240","199","168","137","915","-"
"10300","","再婚者数【人】","00110","","妻","2015000000","","2015年","00100","","総数","00380","","25歳","","4,472","130","477","480","440","385","352","296","288","229","187","161","1,047","-"
"10300","","再婚者数【人】","00110","","妻","2015000000","","2015年","00100","","総数","00390","","26歳","","4,872","160","505","553","519","448","394","325","281","230","204","142","1,111","-"
"10300","","再婚者数【人】","00110","","妻","2015000000","","2015年","00100","","総数","00400","","27歳","","5,473","168","562","604","596","525","430","359","307","260","204","182","1,276","-"
"10300","","再婚者数【人】","00110","","妻","2015000000","","2015年","00100","","総数","00410","","28歳","","5,567","216","614","665","565","517","473","352","299","254","220","185","1,207","-"
"10300","","再婚者数【人】","00110","","妻","2015000000","","2015年","00100","","総数","00420","","29歳","","5,675","198","642","696","612","551","457","353","303","250","193","199","1,221","-"
"10300","","再婚者数【人】","00110","","妻","2015000000","","2015年","00100","","総数","00430","","30歳","","5,661","253","670","692","619","462","425","376","284","251","229","200","1,200","-"
"10300","","再婚者数【人】","00110","","妻","2015000000","","2015年","00100","","総数","00440","","31歳","","5,488","200","740","745","540","506","414","306","290","279","188","169","1,111","-"
"10300","","再婚者数【人】","00110","","妻","2015000000","","2015年","00100","","総数","00450","","32歳","","5,126","220","694","626","545","443","392","318","262","223","192","151","1,060","-"
"10300","","再婚者数【人】","00110","","妻","2015000000","","2015年","00100","","総数","00460","","33歳","","4,771","238","652","632","484","368","384","290","211","194","158","146","1,014","-"
"10300","","再婚者数【人】","00110","","妻","2015000000","","2015年","00100","","総数","00470","","34歳","","4,434","224","631","545","436","350","349","276","208","179","174","140","922","-"
"10300","","再婚者数【人】","00110","","妻","2015000000","","2015年","00100","","総数","00480","","35歳","","4,028","202","582","493","386","315","295","210","201","163","139","125","917","-"
"10300","","再婚者数【人】","00110","","妻","2015000000","","2015年","00100","","総数","00490","","36歳","","3,584","187","525","461","347","290","245","231","154","108","149","112","775","-"
"10300","","再婚者数【人】","00110","","妻","2015000000","","2015年","00100","","総数","00500","","37歳","","3,410","196","527","394","325","253","222","178","175","140","117","114","769","-"
"10300","","再婚者数【人】","00110","","妻","2015000000","","2015年","00100","","総数","00510","","38歳","","3,037","188","478","372","264","233","206","180","134","132","109","87","654","-"
"10300","","再婚者数【人】","00110","","妻","2015000000","","2015年","00100","","総数","00520","","39歳","","2,728","187","433","327","261","194","165","142","109","108","86","81","635","-"
"10300","","再婚者数【人】","00110","","妻","2015000000","","2015年","00100","","総数","00530","","40歳","","2,447","153","399","271","201","175","140","110","100","100","109","107","582","-"
"10300","","再婚者数【人】","00110","","妻","2015000000","","2015年","00100","","総数","00540","","41歳","","2,146","167","344","226","178","171","124","112","93","78","84","73","496","-"
"10300","","再婚者数【人】","00110","","妻","2015000000","","2015年","00100","","総数","00550","","42歳","","1,956","173","291","214","153","130","140","96","96","74","70","62","457","-"
"10300","","再婚者数【人】","00110","","妻","2015000000","","2015年","00100","","総数","00560","","43歳","","1,816","168","295","177","139","123","141","91","83","63","58","59","419","-"
"10300","","再婚者数【人】","00110","","妻","2015000000","","2015年","00100","","総数","00570","","44歳","","1,600","145","271","165","146","82","77","58","66","61","53","62","414","-"
"10300","","再婚者数【人】","00110","","妻","2015000000","","2015年","00100","","総数","00580","","45歳","","1,498","125","226","143","110","98","88","98","58","61","56","47","388","-"
"10300","","再婚者数【人】","00110","","妻","2015000000","","2015年","00100","","総数","00590","","46歳","","1,337","126","228","120","102","104","86","54","54","44","51","41","327","-"
"10300","","再婚者数【人】","00110","","妻","2015000000","","2015年","00100","","総数","00600","","47歳","","1,191","124","173","87","126","75","76","73","47","50","35","33","292","-"
"10300","","再婚者数【人】","00110","","妻","2015000000","","2015年","00100","","総数","00610","","48歳","","1,049","94","146","110","70","86","59","55","53","43","33","32","268","-"
"10300","","再婚者数【人】","00110","","妻","2015000000","","2015年","00100","","総数","00620","","49歳","","980","91","174","96","74","60","48","57","38","49","34","33","226","-"
"10300","","再婚者数【人】","00110","","妻","2015000000","","2015年","00100","","総数","00630","","50歳","","899","106","150","98","66","66","43","41","42","36","30","32","189","-"
"10300","","再婚者数【人】","00110","","妻","2015000000","","2015年","00100","","総数","00640","","51歳","","850","110","149","84","67","52","49","22","31","31","24","29","202","-"
"10300","","再婚者数【人】","00110","","妻","2015000000","","2015年","00100","","総数","00650","","52歳","","727","88","121","78","53","40","32","40","31","31","24","23","166","-"
"10300","","再婚者数【人】","00110","","妻","2015000000","","2015年","00100","","総数","00660","","53歳","","573","66","96","50","48","33","29","26","34","18","13","12","148","-"
"10300","","再婚者数【人】","00110","","妻","2015000000","","2015年","00100","","総数","00670","","54歳","","517","74","78","56","35","37","27","23","25","16","20","18","108","-"
"10300","","再婚者数【人】","00110","","妻","2015000000","","2015年","00100","","総数","00690","","55歳","","449","69","79","26","28","24","33","27","15","21","20","15","92","-"
"10300","","再婚者数【人】","00110","","妻","2015000000","","2015年","00100","","総数","00700","","56歳","","380","49","68","35","25","26","20","24","24","10","17","14","68","-"
"10300","","再婚者数【人】","00110","","妻","2015000000","","2015年","00100","","総数","00710","","57歳","","323","32","66","40","17","12","18","13","17","14","16","17","61","-"
"10300","","再婚者数【人】","00110","","妻","2015000000","","2015年","00100","","総数","00720","","58歳","","283","34","44","30","19","13","20","21","20","17","13","13","39","-"
"10300","","再婚者数【人】","00110","","妻","2015000000","","2015年","00100","","総数","00730","","59歳","","247","40","46","19","19","13","17","18","13","13","11","8","30","-"
"10300","","再婚者数【人】","00110","","妻","2015000000","","2015年","00100","","総数","00740","","60歳","","241","38","42","26","20","30","11","8","3","10","8","4","41","-"
"10300","","再婚者数【人】","00110","","妻","2015000000","","2015年","00100","","総数","00750","","61歳","","205","30","31","22","13","17","20","13","8","4","7","7","33","-"
"10300","","再婚者数【人】","00110","","妻","2015000000","","2015年","00100","","総数","00760","","62歳","","195","37","35","21","14","17","11","8","3","7","7","7","28","-"
"10300","","再婚者数【人】","00110","","妻","2015000000","","2015年","00100","","総数","00770","","63歳","","178","28","27","20","13","18","9","11","3","13","6","8","22","-"
"10300","","再婚者数【人】","00110","","妻","2015000000","","2015年","00100","","総数","00780","","64歳","","178","36","28","20","12","16","11","3","6","9","6","3","28","-"
"10300","","再婚者数【人】","00110","","妻","2015000000","","2015年","00100","","総数","00790","","65歳","","146","32","32","20","9","12","5","7","8","4","2","2","13","-"
"10300","","再婚者数【人】","00110","","妻","2015000000","","2015年","00100","","総数","00800","","66歳","","126","24","34","10","4","9","9","5","2","9","6","2","12","-"
"10300","","再婚者数【人】","00110","","妻","2015000000","","2015年","00100","","総数","00810","","67歳","","115","26","29","11","8","9","6","6","2","4","-","3","11","-"
"10300","","再婚者数【人】","00110","","妻","2015000000","","2015年","00100","","総数","00820","","68歳","","94","23","21","5","11","4","8","7","5","1","2","1","6","-"
"10300","","再婚者数【人】","00110","","妻","2015000000","","2015年","00100","","総数","00830","","69歳","","88","20","19","12","7","9","6","3","2","4","-","-","6","-"
"10300","","再婚者数【人】","00110","","妻","2015000000","","2015年","00100","","総数","00840","","70歳","","60","18","14","8","1","4","3","4","-","4","1","-","3","-"
"10300","","再婚者数【人】","00110","","妻","2015000000","","2015年","00100","","総数","00850","","71歳","","72","17","20","10","3","5","3","3","2","1","1","2","5","-"
"10300","","再婚者数【人】","00110","","妻","2015000000","","2015年","00100","","総数","00860","","72歳","","56","15","12","7","5","1","6","3","2","1","1","1","2","-"
"10300","","再婚者数【人】","00110","","妻","2015000000","","2015年","00100","","総数","00870","","73歳","","54","16","4","11","2","4","5","3","4","3","-","1","1","-"
"10300","","再婚者数【人】","00110","","妻","2015000000","","2015年","00100","","総数","00880","","74歳","","27","11","9","2","2","1","1","-","-","-","1","-","-","-"
"10300","","再婚者数【人】","00110","","妻","2015000000","","2015年","00100","","総数","00890","","75歳","","23","8","5","6","-","1","-","-","2","1","-","-","-","-"
"10300","","再婚者数【人】","00110","","妻","2015000000","","2015年","00100","","総数","00900","","76歳","","24","7","4","6","-","1","1","2","2","-","-","-","1","-"
"10300","","再婚者数【人】","00110","","妻","2015000000","","2015年","00100","","総数","00910","","77歳","","18","5","5","1","1","1","1","1","1","-","-","-","2","-"
"10300","","再婚者数【人】","00110","","妻","2015000000","","2015年","00100","","総数","00920","","78歳","","12","4","3","-","1","2","-","-","-","-","-","1","1","-"
"10300","","再婚者数【人】","00110","","妻","2015000000","","2015年","00100","","総数","00930","","79歳","","18","7","4","2","-","2","-","-","-","-","1","-","2","-"
"10300","","再婚者数【人】","00110","","妻","2015000000","","2015年","00100","","総数","00940","","80歳以上","","27","11","7","3","3","1","-","1","1","-","-","-","-","-"
"10300","","再婚者数【人】","00110","","妻","2015000000","","2015年","00100","","総数","01380","","不詳","","58","-","-","-","-","-","-","-","-","-","-","-","-","58"
"10300","","再婚者数【人】","00110","","妻","2015000000","","2015年","00110","","死別","00100","","総数","","2,437","31","162","177","191","190","144","143","145","111","118","107","906","12"
"10300","","再婚者数【人】","00110","","妻","2015000000","","2015年","00110","","死別","00290","","16歳","","-","-","-","-","-","-","-","-","-","-","-","-","-","-"
"10300","","再婚者数【人】","00110","","妻","2015000000","","2015年","00110","","死別","00300","","17歳","","-","-","-","-","-","-","-","-","-","-","-","-","-","-"
"10300","","再婚者数【人】","00110","","妻","2015000000","","2015年","00110","","死別","00310","","18歳","","5","-","-","-","1","-","1","-","-","-","1","-","2","-"
"10300","","再婚者数【人】","00110","","妻","2015000000","","2015年","00110","","死別","00320","","19歳","","8","-","-","-","-","-","-","-","-","1","-","1","6","-"
"10300","","再婚者数【人】","00110","","妻","2015000000","","2015年","00110","","死別","00330","","20歳","","15","-","2","1","2","2","-","-","1","-","1","-","6","-"
"10300","","再婚者数【人】","00110","","妻","2015000000","","2015年","00110","","死別","00340","","21歳","","20","2","1","1","1","2","2","3","1","-","-","-","7","-"
"10300","","再婚者数【人】","00110","","妻","2015000000","","2015年","00110","","死別","00350","","22歳","","33","-","1","2","2","4","2","1","5","3","2","3","8","-"
"10300","","再婚者数【人】","00110","","妻","2015000000","","2015年","00110","","死別","00360","","23歳","","16","1","-","1","1","2","1","-","1","1","-","2","6","-"
"10300","","再婚者数【人】","00110","","妻","2015000000","","2015年","00110","","死別","00370","","24歳","","37","-","1","1","1","6","5","1","-","4","2","2","14","-"
"10300","","再婚者数【人】","00110","","妻","2015000000","","2015年","00110","","死別","00380","","25歳","","48","-","2","1","6","5","3","5","3","2","2","1","18","-"
"10300","","再婚者数【人】","00110","","妻","2015000000","","2015年","00110","","死別","00390","","26歳","","48","-","2","4","7","9","4","2","4","1","3","1","11","-"
"10300","","再婚者数【人】","00110","","妻","2015000000","","2015年","00110","","死別","00400","","27歳","","72","1","3","7","4","8","3","3","7","3","4","1","28","-"
"10300","","再婚者数【人】","00110","","妻","2015000000","","2015年","00110","","死別","00410","","28歳","","97","-","6","5","11","6","6","9","8","2","4","2","38","-"
"10300","","再婚者数【人】","00110","","妻","2015000000","","2015年","00110","","死別","00420","","29歳","","77","2","7","2","7","7","7","4","6","2","2","3","28","-"
"10300","","再婚者数【人】","00110","","妻","2015000000","","2015年","00110","","死別","00430","","30歳","","79","-","5","5","12","7","3","2","10","4","3","3","25","-"
"10300","","再婚者数【人】","00110","","妻","2015000000","","2015年","00110","","死別","00440","","31歳","","79","-","4","8","6","7","8","4","5","2","4","5","26","-"
"10300","","再婚者数【人】","00110","","妻","2015000000","","2015年","00110","","死別","00450","","32歳","","88","1","7","6","7","9","7","5","10","7","6","4","19","-"
"10300","","再婚者数【人】","00110","","妻","2015000000","","2015年","00110","","死別","00460","","33歳","","81","-","5","3","7","7","5","4","3","3","2","7","35","-"
"10300","","再婚者数【人】","00110","","妻","2015000000","","2015年","00110","","死別","00470","","34歳","","61","-","3","6","4","6","3","3","1","5","5","2","23","-"
"10300","","再婚者数【人】","00110","","妻","2015000000","","2015年","00110","","死別","00480","","35歳","","73","1","7","9","7","3","6","4","5","1","2","3","25","-"
"10300","","再婚者数【人】","00110","","妻","2015000000","","2015年","00110","","死別","00490","","36歳","","68","1","2","6","8","3","4","4","3","4","4","1","28","-"
"10300","","再婚者数【人】","00110","","妻","2015000000","","2015年","00110","","死別","00500","","37歳","","75","-","6","7","8","5","5","6","-","3","5","-","30","-"
"10300","","再婚者数【人】","00110","","妻","2015000000","","2015年","00110","","死別","00510","","38歳","","84","-","4","7","6","6","4","5","6","4","5","10","27","-"
"10300","","再婚者数【人】","00110","","妻","2015000000","","2015年","00110","","死別","00520","","39歳","","79","1","4","6","3","8","3","3","2","6","2","3","38","-"
"10300","","再婚者数【人】","00110","","妻","2015000000","","2015年","00110","","死別","00530","","40歳","","82","2","4","7","4","3","2","6","2","3","4","6","39","-"
"10300","","再婚者数【人】","00110","","妻","2015000000","","2015年","00110","","死別","00540","","41歳","","61","1","9","10","2","2","2","3","3","2","2","5","20","-"
"10300","","再婚者数【人】","00110","","妻","2015000000","","2015年","00110","","死別","00550","","42歳","","58","1","3","5","3","3","2","4","6","3","4","2","22","-"
"10300","","再婚者数【人】","00110","","妻","2015000000","","2015年","00110","","死別","00560","","43歳","","56","-","4","4","3","4","2","4","3","3","1","3","25","-"
"10300","","再婚者数【人】","00110","","妻","2015000000","","2015年","00110","","死別","00570","","44歳","","66","1","5","5","7","1","1","3","4","-","4","2","33","-"
"10300","","再婚者数【人】","00110","","妻","2015000000","","2015年","00110","","死別","00580","","45歳","","50","2","1","1","7","4","-","2","2","1","2","-","28","-"
"10300","","再婚者数【人】","00110","","妻","2015000000","","2015年","00110","","死別","00590","","46歳","","56","-","3","4","8","3","4","2","2","2","3","-","25","-"
"10300","","再婚者数【人】","00110","","妻","2015000000","","2015年","00110","","死別","00600","","47歳","","56","2","5","2","5","2","5","2","2","2","2","2","25","-"
"10300","","再婚者数【人】","00110","","妻","2015000000","","2015年","00110","","死別","00610","","48歳","","57","1","3","6","-","1","5","6","3","-","2","1","29","-"
"10300","","再婚者数【人】","00110","","妻","2015000000","","2015年","00110","","死別","00620","","49歳","","51","1","3","1","3","3","2","2","2","3","1","1","29","-"
"10300","","再婚者数【人】","00110","","妻","2015000000","","2015年","00110","","死別","00630","","50歳","","47","1","2","1","-","4","6","2","1","5","1","7","17","-"
"10300","","再婚者数【人】","00110","","妻","2015000000","","2015年","00110","","死別","00640","","51歳","","34","1","1","2","-","1","1","-","2","1","2","4","19","-"
"10300","","再婚者数【人】","00110","","妻","2015000000","","2015年","00110","","死別","00650","","52歳","","38","-","2","3","4","1","2","2","-","1","1","3","19","-"
"10300","","再婚者数【人】","00110","","妻","2015000000","","2015年","00110","","死別","00660","","53歳","","44","-","3","1","1","2","-","2","5","1","3","-","26","-"
"10300","","再婚者数【人】","00110","","妻","2015000000","","2015年","00110","","死別","00670","","54歳","","39","-","5","3","2","2","2","2","3","-","4","-","16","-"
"10300","","再婚者数【人】","00110","","妻","2015000000","","2015年","00110","","死別","00690","","55歳","","30","1","2","2","-","3","2","2","1","2","3","4","8","-"
"10300","","再婚者数【人】","00110","","妻","2015000000","","2015年","00110","","死別","00700","","56歳","","24","-","3","-","1","1","-","1","3","2","3","1","9","-"
"10300","","再婚者数【人】","00110","","妻","2015000000","","2015年","00110","","死別","00710","","57歳","","31","-","3","5","1","1","1","1","1","3","2","2","11","-"
"10300","","再婚者数【人】","00110","","妻","2015000000","","2015年","00110","","死別","00720","","58歳","","33","1","2","3","-","2","2","6","4","4","-","2","7","-"
"10300","","再婚者数【人】","00110","","妻","2015000000","","2015年","00110","","死別","00730","","59歳","","29","1","2","4","1","4","2","4","-","2","3","3","3","-"
"10300","","再婚者数【人】","00110","","妻","2015000000","","2015年","00110","","死別","00740","","60歳","","26","1","3","1","4","4","3","2","2","-","1","-","5","-"
"10300","","再婚者数【人】","00110","","妻","2015000000","","2015年","00110","","死別","00750","","61歳","","25","1","3","2","4","3","1","1","2","-","-","1","7","-"
"10300","","再婚者数【人】","00110","","妻","2015000000","","2015年","00110","","死別","00760","","62歳","","24","-","3","1","2","5","1","3","-","-","3","2","4","-"
"10300","","再婚者数【人】","00110","","妻","2015000000","","2015年","00110","","死別","00770","","63歳","","26","-","-","2","3","2","4","1","2","2","3","1","6","-"
"10300","","再婚者数【人】","00110","","妻","2015000000","","2015年","00110","","死別","00780","","64歳","","23","-","2","-","5","1","2","2","1","2","1","-","7","-"
"10300","","再婚者数【人】","00110","","妻","2015000000","","2015年","00110","","死別","00790","","65歳","","16","-","3","-","1","1","1","1","2","1","1","-","5","-"
"10300","","再婚者数【人】","00110","","妻","2015000000","","2015年","00110","","死別","00800","","66歳","","10","-","1","-","-","1","1","-","-","3","2","-","2","-"
"10300","","再婚者数【人】","00110","","妻","2015000000","","2015年","00110","","死別","00810","","67歳","","12","-","2","1","2","2","-","2","-","1","-","-","2","-"
"10300","","再婚者数【人】","00110","","妻","2015000000","","2015年","00110","","死別","00820","","68歳","","16","1","1","1","3","-","3","1","3","-","-","1","2","-"
"10300","","再婚者数【人】","00110","","妻","2015000000","","2015年","00110","","死別","00830","","69歳","","18","-","-","4","2","6","1","1","1","2","-","-","1","-"
"10300","","再婚者数【人】","00110","","妻","2015000000","","2015年","00110","","死別","00840","","70歳","","5","-","-","-","-","2","-","3","-","-","-","-","-","-"
"10300","","再婚者数【人】","00110","","妻","2015000000","","2015年","00110","","死別","00850","","71歳","","7","-","1","2","-","1","-","-","1","-","-","-","2","-"
"10300","","再婚者数【人】","00110","","妻","2015000000","","2015年","00110","","死別","00860","","72歳","","8","1","2","1","1","-","1","1","-","-","1","-","-","-"
"10300","","再婚者数【人】","00110","","妻","2015000000","","2015年","00110","","死別","00870","","73歳","","7","1","-","1","-","1","1","-","-","2","-","-","1","-"
"10300","","再婚者数【人】","00110","","妻","2015000000","","2015年","00110","","死別","00880","","74歳","","3","-","2","1","-","-","-","-","-","-","-","-","-","-"
"10300","","再婚者数【人】","00110","","妻","2015000000","","2015年","00110","","死別","00890","","75歳","","1","-","-","-","-","1","-","-","-","-","-","-","-","-"
"10300","","再婚者数【人】","00110","","妻","2015000000","","2015年","00110","","死別","00900","","76歳","","5","-","-","2","-","-","-","1","1","-","-","-","1","-"
"10300","","再婚者数【人】","00110","","妻","2015000000","","2015年","00110","","死別","00910","","77歳","","4","-","2","-","-","-","-","-","-","-","-","-","2","-"
"10300","","再婚者数【人】","00110","","妻","2015000000","","2015年","00110","","死別","00920","","78歳","","-","-","-","-","-","-","-","-","-","-","-","-","-","-"
"10300","","再婚者数【人】","00110","","妻","2015000000","","2015年","00110","","死別","00930","","79歳","","2","-","-","-","-","1","-","-","-","-","-","-","1","-"
"10300","","再婚者数【人】","00110","","妻","2015000000","","2015年","00110","","死別","00940","","80歳以上","","2","-","-","1","1","-","-","-","-","-","-","-","-","-"
"10300","","再婚者数【人】","00110","","妻","2015000000","","2015年","00110","","死別","01380","","不詳","","12","-","-","-","-","-","-","-","-","-","-","-","-","12"
"10300","","再婚者数【人】","00110","","妻","2015000000","","2015年","00120","","離別","00100","","総数","","104,177","5,884","13,833","12,050","9,974","8,563","7,692","6,315","5,237","4,519","3,931","3,428","22,705","46"
"10300","","再婚者数【人】","00110","","妻","2015000000","","2015年","00120","","離別","00290","","16歳","","30","2","3","2","-","2","4","2","2","1","1","1","10","-"
"10300","","再婚者数【人】","00110","","妻","2015000000","","2015年","00120","","離別","00300","","17歳","","136","4","9","9","19","12","12","17","11","2","5","3","33","-"
"10300","","再婚者数【人】","00110","","妻","2015000000","","2015年","00120","","離別","00310","","18歳","","418","14","54","41","41","33","31","33","27","12","11","17","104","-"
"10300","","再婚者数【人】","00110","","妻","2015000000","","2015年","00120","","離別","00320","","19歳","","846","25","91","103","74","62","72","69","60","27","49","38","176","-"
"10300","","再婚者数【人】","00110","","妻","2015000000","","2015年","00120","","離別","00330","","20歳","","1,468","56","139","157","144","135","115","132","84","77","62","56","311","-"
"10300","","再婚者数【人】","00110","","妻","2015000000","","2015年","00120","","離別","00340","","21歳","","2,050","68","184","204","207","213","165","132","110","98","89","78","502","-"
"10300","","再婚者数【人】","00110","","妻","2015000000","","2015年","00120","","離別","00350","","22歳","","2,724","95","293","266","270","238","211","195","142","142","122","111","639","-"
"10300","","再婚者数【人】","00110","","妻","2015000000","","2015年","00120","","離別","00360","","23歳","","3,360","101","299","367","317","289","297","263","196","162","169","122","778","-"
"10300","","再婚者数【人】","00110","","妻","2015000000","","2015年","00120","","離別","00370","","24歳","","3,839","133","357","439","341","329","332","271","240","195","166","135","901","-"
"10300","","再婚者数【人】","00110","","妻","2015000000","","2015年","00120","","離別","00380","","25歳","","4,424","130","475","479","434","380","349","291","285","227","185","160","1,029","-"
"10300","","再婚者数【人】","00110","","妻","2015000000","","2015年","00120","","離別","00390","","26歳","","4,824","160","503","549","512","439","390","323","277","229","201","141","1,100","-"
"10300","","再婚者数【人】","00110","","妻","2015000000","","2015年","00120","","離別","00400","","27歳","","5,401","167","559","597","592","517","427","356","300","257","200","181","1,248","-"
"10300","","再婚者数【人】","00110","","妻","2015000000","","2015年","00120","","離別","00410","","28歳","","5,470","216","608","660","554","511","467","343","291","252","216","183","1,169","-"
"10300","","再婚者数【人】","00110","","妻","2015000000","","2015年","00120","","離別","00420","","29歳","","5,598","196","635","694","605","544","450","349","297","248","191","196","1,193","-"
"10300","","再婚者数【人】","00110","","妻","2015000000","","2015年","00120","","離別","00430","","30歳","","5,582","253","665","687","607","455","422","374","274","247","226","197","1,175","-"
"10300","","再婚者数【人】","00110","","妻","2015000000","","2015年","00120","","離別","00440","","31歳","","5,409","200","736","737","534","499","406","302","285","277","184","164","1,085","-"
"10300","","再婚者数【人】","00110","","妻","2015000000","","2015年","00120","","離別","00450","","32歳","","5,038","219","687","620","538","434","385","313","252","216","186","147","1,041","-"
"10300","","再婚者数【人】","00110","","妻","2015000000","","2015年","00120","","離別","00460","","33歳","","4,690","238","647","629","477","361","379","286","208","191","156","139","979","-"
"10300","","再婚者数【人】","00110","","妻","2015000000","","2015年","00120","","離別","00470","","34歳","","4,373","224","628","539","432","344","346","273","207","174","169","138","899","-"
"10300","","再婚者数【人】","00110","","妻","2015000000","","2015年","00120","","離別","00480","","35歳","","3,955","201","575","484","379","312","289","206","196","162","137","122","892","-"
"10300","","再婚者数【人】","00110","","妻","2015000000","","2015年","00120","","離別","00490","","36歳","","3,516","186","523","455","339","287","241","227","151","104","145","111","747","-"
"10300","","再婚者数【人】","00110","","妻","2015000000","","2015年","00120","","離別","00500","","37歳","","3,335","196","521","387","317","248","217","172","175","137","112","114","739","-"
"10300","","再婚者数【人】","00110","","妻","2015000000","","2015年","00120","","離別","00510","","38歳","","2,953","188","474","365","258","227","202","175","128","128","104","77","627","-"
"10300","","再婚者数【人】","00110","","妻","2015000000","","2015年","00120","","離別","00520","","39歳","","2,649","186","429","321","258","186","162","139","107","102","84","78","597","-"
"10300","","再婚者数【人】","00110","","妻","2015000000","","2015年","00120","","離別","00530","","40歳","","2,365","151","395","264","197","172","138","104","98","97","105","101","543","-"
"10300","","再婚者数【人】","00110","","妻","2015000000","","2015年","00120","","離別","00540","","41歳","","2,085","166","335","216","176","169","122","109","90","76","82","68","476","-"
"10300","","再婚者数【人】","00110","","妻","2015000000","","2015年","00120","","離別","00550","","42歳","","1,898","172","288","209","150","127","138","92","90","71","66","60","435","-"
"10300","","再婚者数【人】","00110","","妻","2015000000","","2015年","00120","","離別","00560","","43歳","","1,760","168","291","173","136","119","139","87","80","60","57","56","394","-"
"10300","","再婚者数【人】","00110","","妻","2015000000","","2015年","00120","","離別","00570","","44歳","","1,534","144","266","160","139","81","76","55","62","61","49","60","381","-"
"10300","","再婚者数【人】","00110","","妻","2015000000","","2015年","00120","","離別","00580","","45歳","","1,448","123","225","142","103","94","88","96","56","60","54","47","360","-"
"10300","","再婚者数【人】","00110","","妻","2015000000","","2015年","00120","","離別","00590","","46歳","","1,281","126","225","116","94","101","82","52","52","42","48","41","302","-"
"10300","","再婚者数【人】","00110","","妻","2015000000","","2015年","00120","","離別","00600","","47歳","","1,135","122","168","85","121","73","71","71","45","48","33","31","267","-"
"10300","","再婚者数【人】","00110","","妻","2015000000","","2015年","00120","","離別","00610","","48歳","","992","93","143","104","70","85","54","49","50","43","31","31","239","-"
"10300","","再婚者数【人】","00110","","妻","2015000000","","2015年","00120","","離別","00620","","49歳","","929","90","171","95","71","57","46","55","36","46","33","32","197","-"
"10300","","再婚者数【人】","00110","","妻","2015000000","","2015年","00120","","離別","00630","","50歳","","852","105","148","97","66","62","37","39","41","31","29","25","172","-"
"10300","","再婚者数【人】","00110","","妻","2015000000","","2015年","00120","","離別","00640","","51歳","","816","109","148","82","67","51","48","22","29","30","22","25","183","-"
"10300","","再婚者数【人】","00110","","妻","2015000000","","2015年","00120","","離別","00650","","52歳","","689","88","119","75","49","39","30","38","31","30","23","20","147","-"
"10300","","再婚者数【人】","00110","","妻","2015000000","","2015年","00120","","離別","00660","","53歳","","529","66","93","49","47","31","29","24","29","17","10","12","122","-"
"10300","","再婚者数【人】","00110","","妻","2015000000","","2015年","00120","","離別","00670","","54歳","","478","74","73","53","33","35","25","21","22","16","16","18","92","-"
"10300","","再婚者数【人】","00110","","妻","2015000000","","2015年","00120","","離別","00690","","55歳","","419","68","77","24","28","21","31","25","14","19","17","11","84","-"
"10300","","再婚者数【人】","00110","","妻","2015000000","","2015年","00120","","離別","00700","","56歳","","356","49","65","35","24","25","20","23","21","8","14","13","59","-"
"10300","","再婚者数【人】","00110","","妻","2015000000","","2015年","00120","","離別","00710","","57歳","","292","32","63","35","16","11","17","12","16","11","14","15","50","-"
"10300","","再婚者数【人】","00110","","妻","2015000000","","2015年","00120","","離別","00720","","58歳","","250","33","42","27","19","11","18","15","16","13","13","11","32","-"
"10300","","再婚者数【人】","00110","","妻","2015000000","","2015年","00120","","離別","00730","","59歳","","218","39","44","15","18","9","15","14","13","11","8","5","27","-"
"10300","","再婚者数【人】","00110","","妻","2015000000","","2015年","00120","","離別","00740","","60歳","","215","37","39","25","16","26","8","6","1","10","7","4","36","-"
"10300","","再婚者数【人】","00110","","妻","2015000000","","2015年","00120","","離別","00750","","61歳","","180","29","28","20","9","14","19","12","6","4","7","6","26","-"
"10300","","再婚者数【人】","00110","","妻","2015000000","","2015年","00120","","離別","00760","","62歳","","171","37","32","20","12","12","10","5","3","7","4","5","24","-"
"10300","","再婚者数【人】","00110","","妻","2015000000","","2015年","00120","","離別","00770","","63歳","","152","28","27","18","10","16","5","10","1","11","3","7","16","-"
"10300","","再婚者数【人】","00110","","妻","2015000000","","2015年","00120","","離別","00780","","64歳","","155","36","26","20","7","15","9","1","5","7","5","3","21","-"
"10300","","再婚者数【人】","00110","","妻","2015000000","","2015年","00120","","離別","00790","","65歳","","130","32","29","20","8","11","4","6","6","3","1","2","8","-"
"10300","","再婚者数【人】","00110","","妻","2015000000","","2015年","00120","","離別","00800","","66歳","","116","24","33","10","4","8","8","5","2","6","4","2","10","-"
"10300","","再婚者数【人】","00110","","妻","2015000000","","2015年","00120","","離別","00810","","67歳","","103","26","27","10","6","7","6","4","2","3","-","3","9","-"
"10300","","再婚者数【人】","00110","","妻","2015000000","","2015年","00120","","離別","00820","","68歳","","78","22","20","4","8","4","5","6","2","1","2","-","4","-"
"10300","","再婚者数【人】","00110","","妻","2015000000","","2015年","00120","","離別","00830","","69歳","","70","20","19","8","5","3","5","2","1","2","-","-","5","-"
"10300","","再婚者数【人】","00110","","妻","2015000000","","2015年","00120","","離別","00840","","70歳","","55","18","14","8","1","2","3","1","-","4","1","-","3","-"
"10300","","再婚者数【人】","00110","","妻","2015000000","","2015年","00120","","離別","00850","","71歳","","65","17","19","8","3","4","3","3","1","1","1","2","3","-"
"10300","","再婚者数【人】","00110","","妻","2015000000","","2015年","00120","","離別","00860","","72歳","","48","14","10","6","4","1","5","2","2","1","-","1","2","-"
"10300","","再婚者数【人】","00110","","妻","2015000000","","2015年","00120","","離別","00870","","73歳","","47","15","4","10","2","3","4","3","4","1","-","1","-","-"
"10300","","再婚者数【人】","00110","","妻","2015000000","","2015年","00120","","離別","00880","","74歳","","24","11","7","1","2","1","1","-","-","-","1","-","-","-"
"10300","","再婚者数【人】","00110","","妻","2015000000","","2015年","00120","","離別","00890","","75歳","","22","8","5","6","-","-","-","-","2","1","-","-","-","-"
"10300","","再婚者数【人】","00110","","妻","2015000000","","2015年","00120","","離別","00900","","76歳","","19","7","4","4","-","1","1","1","1","-","-","-","-","-"
"10300","","再婚者数【人】","00110","","妻","2015000000","","2015年","00120","","離別","00910","","77歳","","14","5","3","1","1","1","1","1","1","-","-","-","-","-"
"10300","","再婚者数【人】","00110","","妻","2015000000","","2015年","00120","","離別","00920","","78歳","","12","4","3","-","1","2","-","-","-","-","-","1","1","-"
"10300","","再婚者数【人】","00110","","妻","2015000000","","2015年","00120","","離別","00930","","79歳","","16","7","4","2","-","1","-","-","-","-","1","-","1","-"
"10300","","再婚者数【人】","00110","","妻","2015000000","","2015年","00120","","離別","00940","","80歳以上","","25","11","7","2","2","1","-","1","1","-","-","-","-","-"
"10300","","再婚者数【人】","00110","","妻","2015000000","","2015年","00120","","離別","01380","","不詳","","46","-","-","-","-","-","-","-","-","-","-","-","-","46"
