"“Œv–¼F","lŒû“®‘Ô’²¸ lŒû“®‘Ô“Œv Šm’è” ¥ˆ÷"
"•\”Ô†F","3"
"•\‘èF","[’†Šª] ¥ˆ÷Œ”i“–ŠY”N‚ÉŒ‹¥¶Šˆ‚É“ü‚è“Í‚¯o‚½‚à‚ÌjC‰¥|Ä¥E•v|ÈEŒ‹¥¶Šˆ‚É“ü‚Á‚½‚Æ‚«‚Ì”N—îi‚TÎŠK‹‰jE“ÍoŒŽ•Ê"
"ŽÀŽ{”NŒŽF","2024”N","-"

"***","’²¸–”‚ÍWŒv‚µ‚Ä‚¢‚È‚¢‚à‚Ì"
"-","Œv”‚Ì‚È‚¢ê‡"
"c","Œv”•s–¾‚Ìê‡"
"E","“Œv€–Ú‚Ì‚ ‚è‚¦‚È‚¢ê‡"

"","","","","","","","","","","","","","","","/ŒŽ ƒR[ƒh","00100","00110","00120","00130","00140","00150","00160","00170","00180","00190","00200","00210","00220"
"","","","","","","","","","","","","","","","/ŒŽ •â•ƒR[ƒh","-","-","-","-","-","-","-","-","-","-","-","-","-"
"•\Í€–Ú ƒR[ƒh","•\Í€–Ú •â•ƒR[ƒh","•\Í€–Ú","ŽžŠÔŽ²(”NŽŸ) ƒR[ƒh","ŽžŠÔŽ²(”NŽŸ) •â•ƒR[ƒh","ŽžŠÔŽ²(”NŽŸ)","‰¥EÄ¥ ƒR[ƒh","‰¥EÄ¥ •â•ƒR[ƒh","‰¥EÄ¥","•vEÈ ƒR[ƒh","•vEÈ •â•ƒR[ƒh","•vEÈ","”N—î(5ÎŠK‹‰) ƒR[ƒh","”N—î(5ÎŠK‹‰) •â•ƒR[ƒh","”N—î(5ÎŠK‹‰)","/ŒŽ","‘”","1ŒŽ","2ŒŽ","3ŒŽ","4ŒŽ","5ŒŽ","6ŒŽ","7ŒŽ","8ŒŽ","9ŒŽ","10ŒŽ","11ŒŽ","12ŒŽ"
"10270","","¥ˆ÷Œ”yŒz","2024000000","","2024”N","00100","","‘”","00100","","•v","00100","","‘”","","311,468","17,886","19,986","32,951","18,629","28,947","20,547","30,960","26,739","19,443","23,219","38,303","33,858"
"10270","","¥ˆ÷Œ”yŒz","2024000000","","2024”N","00100","","‘”","00100","","•v","00210","","19ÎˆÈ‰º","","1,677","82","82","146","135","161","133","173","155","121","161","154","174"
"10270","","¥ˆ÷Œ”yŒz","2024000000","","2024”N","00100","","‘”","00100","","•v","00230","","20`24Î","","32,448","1,689","1,978","3,116","1,830","2,821","2,178","3,209","2,848","2,259","2,792","3,798","3,930"
"10270","","¥ˆ÷Œ”yŒz","2024000000","","2024”N","00100","","‘”","00100","","•v","00240","","25`29Î","","106,140","5,520","6,840","11,247","5,643","9,743","6,752","10,648","9,296","6,607","8,173","13,859","11,812"
"10270","","¥ˆ÷Œ”yŒz","2024000000","","2024”N","00100","","‘”","00100","","•v","00250","","30`34Î","","69,513","3,848","4,561","7,379","3,946","6,561","4,386","7,055","5,933","4,210","5,173","8,974","7,487"
"10270","","¥ˆ÷Œ”yŒz","2024000000","","2024”N","00100","","‘”","00100","","•v","00260","","35`39Î","","40,239","2,542","2,583","4,420","2,407","3,861","2,674","4,016","3,515","2,411","2,706","4,944","4,160"
"10270","","¥ˆ÷Œ”yŒz","2024000000","","2024”N","00100","","‘”","00100","","•v","00280","","40`44Î","","22,340","1,548","1,436","2,495","1,548","2,055","1,448","2,258","1,861","1,304","1,485","2,566","2,336"
"10270","","¥ˆ÷Œ”yŒz","2024000000","","2024”N","00100","","‘”","00100","","•v","00300","","45`49Î","","14,100","1,032","921","1,569","1,050","1,322","1,004","1,337","1,165","854","934","1,504","1,408"
"10270","","¥ˆ÷Œ”yŒz","2024000000","","2024”N","00100","","‘”","00100","","•v","00320","","50`54Î","","9,600","645","586","1,029","758","929","735","898","782","618","638","954","1,028"
"10270","","¥ˆ÷Œ”yŒz","2024000000","","2024”N","00100","","‘”","00100","","•v","00340","","55`59Î","","6,148","410","392","651","511","598","511","580","462","372","412","623","626"
"10270","","¥ˆ÷Œ”yŒz","2024000000","","2024”N","00100","","‘”","00100","","•v","00350","","60`64Î","","3,975","258","263","395","324","394","289","341","314","271","315","408","403"
"10270","","¥ˆ÷Œ”yŒz","2024000000","","2024”N","00100","","‘”","00100","","•v","00360","","65`69Î","","2,257","141","154","209","205","207","165","197","177","192","173","220","217"
"10270","","¥ˆ÷Œ”yŒz","2024000000","","2024”N","00100","","‘”","00100","","•v","00370","","70`74Î","","1,415","75","95","147","145","141","118","122","105","95","109","136","127"
"10270","","¥ˆ÷Œ”yŒz","2024000000","","2024”N","00100","","‘”","00100","","•v","00380","","75`79Î","","938","54","52","77","76","96","89","76","75","75","80","96","92"
"10270","","¥ˆ÷Œ”yŒz","2024000000","","2024”N","00100","","‘”","00100","","•v","00390","","80ÎˆÈã","","678","42","43","71","51","58","65","50","51","54","68","67","58"
"10270","","¥ˆ÷Œ”yŒz","2024000000","","2024”N","00100","","‘”","00100","","•v","00450","","•sÚ","","-","-","-","-","-","-","-","-","-","-","-","-","-"
"10270","","¥ˆ÷Œ”yŒz","2024000000","","2024”N","00100","","‘”","00110","","È","00100","","‘”","","311,468","17,886","19,986","32,951","18,629","28,947","20,547","30,960","26,739","19,443","23,219","38,303","33,858"
"10270","","¥ˆ÷Œ”yŒz","2024000000","","2024”N","00100","","‘”","00110","","È","00210","","19ÎˆÈ‰º","","3,230","146","173","305","234","318","242","316","303","246","302","301","344"
"10270","","¥ˆ÷Œ”yŒz","2024000000","","2024”N","00100","","‘”","00110","","È","00230","","20`24Î","","43,018","2,241","2,625","4,156","2,495","3,735","2,943","4,366","3,765","2,883","3,683","5,066","5,060"
"10270","","¥ˆ÷Œ”yŒz","2024000000","","2024”N","00100","","‘”","00110","","È","00240","","25`29Î","","120,166","6,256","7,937","12,745","6,396","11,095","7,671","12,006","10,471","7,480","9,162","15,658","13,289"
"10270","","¥ˆ÷Œ”yŒz","2024000000","","2024”N","00100","","‘”","00110","","È","00250","","30`34Î","","68,184","3,980","4,323","7,193","3,858","6,363","4,345","6,927","5,813","4,228","4,984","8,714","7,456"
"10270","","¥ˆ÷Œ”yŒz","2024000000","","2024”N","00100","","‘”","00110","","È","00260","","35`39Î","","34,581","2,347","2,272","3,915","2,218","3,317","2,272","3,406","3,000","2,002","2,244","4,145","3,443"
"10270","","¥ˆ÷Œ”yŒz","2024000000","","2024”N","00100","","‘”","00110","","È","00280","","40`44Î","","16,117","1,114","1,013","1,859","1,243","1,518","1,103","1,557","1,367","949","1,018","1,760","1,616"
"10270","","¥ˆ÷Œ”yŒz","2024000000","","2024”N","00100","","‘”","00110","","È","00300","","45`49Î","","9,485","700","587","1,128","753","956","643","855","738","538","608","1,014","965"
"10270","","¥ˆ÷Œ”yŒz","2024000000","","2024”N","00100","","‘”","00110","","È","00320","","50`54Î","","7,481","538","448","725","627","755","620","702","600","472","518","729","747"
"10270","","¥ˆ÷Œ”yŒz","2024000000","","2024”N","00100","","‘”","00110","","È","00340","","55`59Î","","4,379","262","300","472","385","452","314","414","337","291","289","402","461"
"10270","","¥ˆ÷Œ”yŒz","2024000000","","2024”N","00100","","‘”","00110","","È","00350","","60`64Î","","2,207","149","147","204","203","194","158","204","159","162","180","234","213"
"10270","","¥ˆ÷Œ”yŒz","2024000000","","2024”N","00100","","‘”","00110","","È","00360","","65`69Î","","1,147","68","69","104","105","99","117","97","69","81","89","130","119"
"10270","","¥ˆ÷Œ”yŒz","2024000000","","2024”N","00100","","‘”","00110","","È","00370","","70`74Î","","708","39","42","64","61","73","52","54","57","61","59","73","73"
"10270","","¥ˆ÷Œ”yŒz","2024000000","","2024”N","00100","","‘”","00110","","È","00380","","75`79Î","","470","27","28","49","35","41","40","27","38","25","62","51","47"
"10270","","¥ˆ÷Œ”yŒz","2024000000","","2024”N","00100","","‘”","00110","","È","00390","","80ÎˆÈã","","294","18","22","32","16","31","27","29","22","25","21","26","25"
"10270","","¥ˆ÷Œ”yŒz","2024000000","","2024”N","00100","","‘”","00110","","È","00450","","•sÚ","","1","1","-","-","-","-","-","-","-","-","-","-","-"
"10270","","¥ˆ÷Œ”yŒz","2024000000","","2024”N","00110","","‰¥","00100","","•v","00100","","‘”","","252,641","14,098","16,289","26,580","14,313","23,571","16,443","25,246","21,723","15,579","18,937","32,065","27,797"
"10270","","¥ˆ÷Œ”yŒz","2024000000","","2024”N","00110","","‰¥","00100","","•v","00210","","19ÎˆÈ‰º","","1,670","82","82","145","135","160","132","172","155","120","159","154","174"
"10270","","¥ˆ÷Œ”yŒz","2024000000","","2024”N","00110","","‰¥","00100","","•v","00230","","20`24Î","","31,712","1,647","1,937","3,060","1,781","2,750","2,115","3,124","2,796","2,207","2,720","3,730","3,845"
"10270","","¥ˆ÷Œ”yŒz","2024000000","","2024”N","00110","","‰¥","00100","","•v","00240","","25`29Î","","102,068","5,317","6,632","10,840","5,392","9,385","6,482","10,224","8,901","6,291","7,837","13,396","11,371"
"10270","","¥ˆ÷Œ”yŒz","2024000000","","2024”N","00110","","‰¥","00100","","•v","00250","","30`34Î","","61,501","3,366","4,073","6,540","3,462","5,830","3,894","6,239","5,208","3,677","4,522","8,068","6,622"
"10270","","¥ˆ÷Œ”yŒz","2024000000","","2024”N","00110","","‰¥","00100","","•v","00260","","35`39Î","","30,372","1,915","1,959","3,269","1,773","2,959","2,053","3,018","2,620","1,811","2,012","3,850","3,133"
"10270","","¥ˆ÷Œ”yŒz","2024000000","","2024”N","00110","","‰¥","00100","","•v","00280","","40`44Î","","13,469","952","855","1,464","883","1,295","880","1,350","1,103","778","889","1,606","1,414"
"10270","","¥ˆ÷Œ”yŒz","2024000000","","2024”N","00110","","‰¥","00100","","•v","00300","","45`49Î","","6,347","460","405","662","464","616","465","585","534","362","408","727","659"
"10270","","¥ˆ÷Œ”yŒz","2024000000","","2024”N","00110","","‰¥","00100","","•v","00320","","50`54Î","","2,947","201","171","305","229","297","233","300","222","177","195","291","326"
"10270","","¥ˆ÷Œ”yŒz","2024000000","","2024”N","00110","","‰¥","00100","","•v","00340","","55`59Î","","1,322","89","82","148","106","141","103","130","76","83","96","137","131"
"10270","","¥ˆ÷Œ”yŒz","2024000000","","2024”N","00110","","‰¥","00100","","•v","00350","","60`64Î","","643","33","51","84","33","73","46","46","54","35","56","64","68"
"10270","","¥ˆ÷Œ”yŒz","2024000000","","2024”N","00110","","‰¥","00100","","•v","00360","","65`69Î","","299","21","20","33","31","32","18","31","26","22","22","18","25"
"10270","","¥ˆ÷Œ”yŒz","2024000000","","2024”N","00110","","‰¥","00100","","•v","00370","","70`74Î","","179","9","13","16","15","18","21","15","15","11","10","17","19"
"10270","","¥ˆ÷Œ”yŒz","2024000000","","2024”N","00110","","‰¥","00100","","•v","00380","","75`79Î","","80","5","6","10","6","11","1","9","10","4","5","6","7"
"10270","","¥ˆ÷Œ”yŒz","2024000000","","2024”N","00110","","‰¥","00100","","•v","00390","","80ÎˆÈã","","32","1","3","4","3","4","-","3","3","1","6","1","3"
"10270","","¥ˆ÷Œ”yŒz","2024000000","","2024”N","00110","","‰¥","00100","","•v","00450","","•sÚ","","-","-","-","-","-","-","-","-","-","-","-","-","-"
"10270","","¥ˆ÷Œ”yŒz","2024000000","","2024”N","00110","","‰¥","00110","","È","00100","","‘”","","258,657","14,474","16,600","26,691","14,558","24,377","16,908","26,082","22,244","16,004","19,398","32,838","28,483"
"10270","","¥ˆ÷Œ”yŒz","2024000000","","2024”N","00110","","‰¥","00110","","È","00210","","19ÎˆÈ‰º","","3,197","145","170","303","233","313","240","314","301","243","297","298","340"
"10270","","¥ˆ÷Œ”yŒz","2024000000","","2024”N","00110","","‰¥","00110","","È","00230","","20`24Î","","41,739","2,181","2,561","4,036","2,409","3,630","2,830","4,228","3,663","2,791","3,564","4,917","4,929"
"10270","","¥ˆ÷Œ”yŒz","2024000000","","2024”N","00110","","‰¥","00110","","È","00240","","25`29Î","","114,211","5,906","7,553","11,977","6,068","10,663","7,264","11,472","9,953","7,070","8,662","14,978","12,645"
"10270","","¥ˆ÷Œ”yŒz","2024000000","","2024”N","00110","","‰¥","00110","","È","00250","","30`34Î","","58,447","3,378","3,687","5,979","3,214","5,612","3,775","5,971","4,914","3,576","4,231","7,708","6,402"
"10270","","¥ˆ÷Œ”yŒz","2024000000","","2024”N","00110","","‰¥","00110","","È","00260","","35`39Î","","25,361","1,697","1,669","2,720","1,516","2,566","1,690","2,566","2,179","1,428","1,608","3,176","2,546"
"10270","","¥ˆ÷Œ”yŒz","2024000000","","2024”N","00110","","‰¥","00110","","È","00280","","40`44Î","","9,316","671","567","990","652","922","657","902","772","523","603","1,092","965"
"10270","","¥ˆ÷Œ”yŒz","2024000000","","2024”N","00110","","‰¥","00110","","È","00300","","45`49Î","","3,481","295","209","398","247","359","220","339","260","184","235","387","348"
"10270","","¥ˆ÷Œ”yŒz","2024000000","","2024”N","00110","","‰¥","00110","","È","00320","","50`54Î","","1,681","122","103","160","128","192","126","166","114","110","118","157","185"
"10270","","¥ˆ÷Œ”yŒz","2024000000","","2024”N","00110","","‰¥","00110","","È","00340","","55`59Î","","721","45","45","76","54","77","62","75","49","52","39","79","68"
"10270","","¥ˆ÷Œ”yŒz","2024000000","","2024”N","00110","","‰¥","00110","","È","00350","","60`64Î","","273","23","18","25","23","21","20","26","19","20","23","27","28"
"10270","","¥ˆ÷Œ”yŒz","2024000000","","2024”N","00110","","‰¥","00110","","È","00360","","65`69Î","","117","9","9","12","6","15","14","12","10","4","7","8","11"
"10270","","¥ˆ÷Œ”yŒz","2024000000","","2024”N","00110","","‰¥","00110","","È","00370","","70`74Î","","59","-","5","8","7","4","5","3","4","3","6","6","8"
"10270","","¥ˆ÷Œ”yŒz","2024000000","","2024”N","00110","","‰¥","00110","","È","00380","","75`79Î","","36","-","2","5","1","1","4","4","4","-","5","3","7"
"10270","","¥ˆ÷Œ”yŒz","2024000000","","2024”N","00110","","‰¥","00110","","È","00390","","80ÎˆÈã","","17","1","2","2","-","2","1","4","2","-","-","2","1"
"10270","","¥ˆ÷Œ”yŒz","2024000000","","2024”N","00110","","‰¥","00110","","È","00450","","•sÚ","","1","1","-","-","-","-","-","-","-","-","-","-","-"
"10270","","¥ˆ÷Œ”yŒz","2024000000","","2024”N","00120","","Ä¥","00100","","•v","00100","","‘”","","58,827","3,788","3,697","6,371","4,316","5,376","4,104","5,714","5,016","3,864","4,282","6,238","6,061"
"10270","","¥ˆ÷Œ”yŒz","2024000000","","2024”N","00120","","Ä¥","00100","","•v","00210","","19ÎˆÈ‰º","","7","-","-","1","-","1","1","1","-","1","2","-","-"
"10270","","¥ˆ÷Œ”yŒz","2024000000","","2024”N","00120","","Ä¥","00100","","•v","00230","","20`24Î","","736","42","41","56","49","71","63","85","52","52","72","68","85"
"10270","","¥ˆ÷Œ”yŒz","2024000000","","2024”N","00120","","Ä¥","00100","","•v","00240","","25`29Î","","4,072","203","208","407","251","358","270","424","395","316","336","463","441"
"10270","","¥ˆ÷Œ”yŒz","2024000000","","2024”N","00120","","Ä¥","00100","","•v","00250","","30`34Î","","8,012","482","488","839","484","731","492","816","725","533","651","906","865"
"10270","","¥ˆ÷Œ”yŒz","2024000000","","2024”N","00120","","Ä¥","00100","","•v","00260","","35`39Î","","9,867","627","624","1,151","634","902","621","998","895","600","694","1,094","1,027"
"10270","","¥ˆ÷Œ”yŒz","2024000000","","2024”N","00120","","Ä¥","00100","","•v","00280","","40`44Î","","8,871","596","581","1,031","665","760","568","908","758","526","596","960","922"
"10270","","¥ˆ÷Œ”yŒz","2024000000","","2024”N","00120","","Ä¥","00100","","•v","00300","","45`49Î","","7,753","572","516","907","586","706","539","752","631","492","526","777","749"
"10270","","¥ˆ÷Œ”yŒz","2024000000","","2024”N","00120","","Ä¥","00100","","•v","00320","","50`54Î","","6,653","444","415","724","529","632","502","598","560","441","443","663","702"
"10270","","¥ˆ÷Œ”yŒz","2024000000","","2024”N","00120","","Ä¥","00100","","•v","00340","","55`59Î","","4,826","321","310","503","405","457","408","450","386","289","316","486","495"
"10270","","¥ˆ÷Œ”yŒz","2024000000","","2024”N","00120","","Ä¥","00100","","•v","00350","","60`64Î","","3,332","225","212","311","291","321","243","295","260","236","259","344","335"
"10270","","¥ˆ÷Œ”yŒz","2024000000","","2024”N","00120","","Ä¥","00100","","•v","00360","","65`69Î","","1,958","120","134","176","174","175","147","166","151","170","151","202","192"
"10270","","¥ˆ÷Œ”yŒz","2024000000","","2024”N","00120","","Ä¥","00100","","•v","00370","","70`74Î","","1,236","66","82","131","130","123","97","107","90","84","99","119","108"
"10270","","¥ˆ÷Œ”yŒz","2024000000","","2024”N","00120","","Ä¥","00100","","•v","00380","","75`79Î","","858","49","46","67","70","85","88","67","65","71","75","90","85"
"10270","","¥ˆ÷Œ”yŒz","2024000000","","2024”N","00120","","Ä¥","00100","","•v","00390","","80ÎˆÈã","","646","41","40","67","48","54","65","47","48","53","62","66","55"
"10270","","¥ˆ÷Œ”yŒz","2024000000","","2024”N","00120","","Ä¥","00100","","•v","00450","","•sÚ","","-","-","-","-","-","-","-","-","-","-","-","-","-"
"10270","","¥ˆ÷Œ”yŒz","2024000000","","2024”N","00120","","Ä¥","00110","","È","00100","","‘”","","52,811","3,412","3,386","6,260","4,071","4,570","3,639","4,878","4,495","3,439","3,821","5,465","5,375"
"10270","","¥ˆ÷Œ”yŒz","2024000000","","2024”N","00120","","Ä¥","00110","","È","00210","","19ÎˆÈ‰º","","33","1","3","2","1","5","2","2","2","3","5","3","4"
"10270","","¥ˆ÷Œ”yŒz","2024000000","","2024”N","00120","","Ä¥","00110","","È","00230","","20`24Î","","1,279","60","64","120","86","105","113","138","102","92","119","149","131"
"10270","","¥ˆ÷Œ”yŒz","2024000000","","2024”N","00120","","Ä¥","00110","","È","00240","","25`29Î","","5,955","350","384","768","328","432","407","534","518","410","500","680","644"
"10270","","¥ˆ÷Œ”yŒz","2024000000","","2024”N","00120","","Ä¥","00110","","È","00250","","30`34Î","","9,737","602","636","1,214","644","751","570","956","899","652","753","1,006","1,054"
"10270","","¥ˆ÷Œ”yŒz","2024000000","","2024”N","00120","","Ä¥","00110","","È","00260","","35`39Î","","9,220","650","603","1,195","702","751","582","840","821","574","636","969","897"
"10270","","¥ˆ÷Œ”yŒz","2024000000","","2024”N","00120","","Ä¥","00110","","È","00280","","40`44Î","","6,801","443","446","869","591","596","446","655","595","426","415","668","651"
"10270","","¥ˆ÷Œ”yŒz","2024000000","","2024”N","00120","","Ä¥","00110","","È","00300","","45`49Î","","6,004","405","378","730","506","597","423","516","478","354","373","627","617"
"10270","","¥ˆ÷Œ”yŒz","2024000000","","2024”N","00120","","Ä¥","00110","","È","00320","","50`54Î","","5,800","416","345","565","499","563","494","536","486","362","400","572","562"
"10270","","¥ˆ÷Œ”yŒz","2024000000","","2024”N","00120","","Ä¥","00110","","È","00340","","55`59Î","","3,658","217","255","396","331","375","252","339","288","239","250","323","393"
"10270","","¥ˆ÷Œ”yŒz","2024000000","","2024”N","00120","","Ä¥","00110","","È","00350","","60`64Î","","1,934","126","129","179","180","173","138","178","140","142","157","207","185"
"10270","","¥ˆ÷Œ”yŒz","2024000000","","2024”N","00120","","Ä¥","00110","","È","00360","","65`69Î","","1,030","59","60","92","99","84","103","85","59","77","82","122","108"
"10270","","¥ˆ÷Œ”yŒz","2024000000","","2024”N","00120","","Ä¥","00110","","È","00370","","70`74Î","","649","39","37","56","54","69","47","51","53","58","53","67","65"
"10270","","¥ˆ÷Œ”yŒz","2024000000","","2024”N","00120","","Ä¥","00110","","È","00380","","75`79Î","","434","27","26","44","34","40","36","23","34","25","57","48","40"
"10270","","¥ˆ÷Œ”yŒz","2024000000","","2024”N","00120","","Ä¥","00110","","È","00390","","80ÎˆÈã","","277","17","20","30","16","29","26","25","20","25","21","24","24"
"10270","","¥ˆ÷Œ”yŒz","2024000000","","2024”N","00120","","Ä¥","00110","","È","00450","","•sÚ","","-","-","-","-","-","-","-","-","-","-","-","-","-"
"10270","","¥ˆ÷Œ”yŒz","2023000000","","2023”N","00100","","‘”","00100","","•v","00100","","‘”","","315,526","16,738","21,890","35,359","20,081","28,510","22,472","22,333","35,451","23,099","24,406","37,416","27,771"
"10270","","¥ˆ÷Œ”yŒz","2023000000","","2023”N","00100","","‘”","00100","","•v","00210","","19ÎˆÈ‰º","","1,905","84","90","204","156","152","186","188","170","157","157","184","177"
"10270","","¥ˆ÷Œ”yŒz","2023000000","","2023”N","00100","","‘”","00100","","•v","00230","","20`24Î","","33,519","1,721","2,071","3,377","2,095","2,860","2,618","2,643","3,651","2,694","2,891","3,610","3,288"
"10270","","¥ˆ÷Œ”yŒz","2023000000","","2023”N","00100","","‘”","00100","","•v","00240","","25`29Î","","105,257","5,137","7,548","11,518","6,156","9,484","7,162","7,227","12,170","7,822","8,413","13,244","9,376"
"10270","","¥ˆ÷Œ”yŒz","2023000000","","2023”N","00100","","‘”","00100","","•v","00250","","30`34Î","","69,642","3,573","5,003","7,876","4,259","6,467","4,765","4,824","8,020","4,937","5,182","8,843","5,893"
"10270","","¥ˆ÷Œ”yŒz","2023000000","","2023”N","00100","","‘”","00100","","•v","00260","","35`39Î","","41,539","2,265","2,860","4,876","2,758","3,847","2,789","2,881","4,716","2,982","3,000","4,894","3,671"
"10270","","¥ˆ÷Œ”yŒz","2023000000","","2023”N","00100","","‘”","00100","","•v","00280","","40`44Î","","23,633","1,463","1,645","2,901","1,637","2,093","1,692","1,693","2,665","1,610","1,722","2,618","1,894"
"10270","","¥ˆ÷Œ”yŒz","2023000000","","2023”N","00100","","‘”","00100","","•v","00300","","45`49Î","","15,123","986","1,096","1,867","1,121","1,340","1,182","1,056","1,647","1,029","984","1,532","1,283"
"10270","","¥ˆ÷Œ”yŒz","2023000000","","2023”N","00100","","‘”","00100","","•v","00320","","50`54Î","","9,762","619","609","1,156","732","905","728","720","1,012","678","753","1,020","830"
"10270","","¥ˆ÷Œ”yŒz","2023000000","","2023”N","00100","","‘”","00100","","•v","00340","","55`59Î","","6,009","340","358","680","451","572","529","406","587","455","500","579","552"
"10270","","¥ˆ÷Œ”yŒz","2023000000","","2023”N","00100","","‘”","00100","","•v","00350","","60`64Î","","3,908","238","253","438","297","337","367","290","384","279","315","386","324"
"10270","","¥ˆ÷Œ”yŒz","2023000000","","2023”N","00100","","‘”","00100","","•v","00360","","65`69Î","","2,272","126","164","208","176","204","207","157","198","179","195","251","207"
"10270","","¥ˆ÷Œ”yŒz","2023000000","","2023”N","00100","","‘”","00100","","•v","00370","","70`74Î","","1,478","97","109","123","115","128","116","125","120","143","137","145","120"
"10270","","¥ˆ÷Œ”yŒz","2023000000","","2023”N","00100","","‘”","00100","","•v","00380","","75`79Î","","898","55","52","88","76","74","76","73","64","83","99","62","96"
"10270","","¥ˆ÷Œ”yŒz","2023000000","","2023”N","00100","","‘”","00100","","•v","00390","","80ÎˆÈã","","578","34","32","46","52","47","55","50","46","51","58","47","60"
"10270","","¥ˆ÷Œ”yŒz","2023000000","","2023”N","00100","","‘”","00100","","•v","00450","","•sÚ","","3","-","-","1","-","-","-","-","1","-","-","1","-"
"10270","","¥ˆ÷Œ”yŒz","2023000000","","2023”N","00100","","‘”","00110","","È","00100","","‘”","","315,526","16,738","21,890","35,359","20,081","28,510","22,472","22,333","35,451","23,099","24,406","37,416","27,771"
"10270","","¥ˆ÷Œ”yŒz","2023000000","","2023”N","00100","","‘”","00110","","È","00210","","19ÎˆÈ‰º","","3,472","142","185","352","267","322","298","318","331","272","282","359","344"
"10270","","¥ˆ÷Œ”yŒz","2023000000","","2023”N","00100","","‘”","00110","","È","00230","","20`24Î","","45,222","2,226","2,936","4,640","2,843","3,889","3,447","3,503","4,987","3,590","3,797","4,933","4,431"
"10270","","¥ˆ÷Œ”yŒz","2023000000","","2023”N","00100","","‘”","00110","","È","00240","","25`29Î","","120,173","5,939","8,590","13,193","7,073","10,803","8,257","8,287","13,877","8,816","9,534","15,247","10,557"
"10270","","¥ˆ÷Œ”yŒz","2023000000","","2023”N","00100","","‘”","00110","","È","00250","","30`34Î","","67,861","3,594","4,853","7,733","4,160","6,336","4,581","4,742","7,784","4,805","4,977","8,465","5,831"
"10270","","¥ˆ÷Œ”yŒz","2023000000","","2023”N","00100","","‘”","00110","","È","00260","","35`39Î","","35,741","2,136","2,504","4,296","2,458","3,258","2,491","2,420","4,053","2,545","2,549","4,087","2,944"
"10270","","¥ˆ÷Œ”yŒz","2023000000","","2023”N","00100","","‘”","00110","","È","00280","","40`44Î","","16,702","1,079","1,126","2,162","1,212","1,468","1,228","1,222","1,820","1,143","1,155","1,708","1,379"
"10270","","¥ˆ÷Œ”yŒz","2023000000","","2023”N","00100","","‘”","00110","","È","00300","","45`49Î","","10,031","634","643","1,236","785","915","796","662","1,043","708","760","1,013","836"
"10270","","¥ˆ÷Œ”yŒz","2023000000","","2023”N","00100","","‘”","00110","","È","00320","","50`54Î","","7,620","478","480","876","601","714","617","527","790","514","584","771","668"
"10270","","¥ˆ÷Œ”yŒz","2023000000","","2023”N","00100","","‘”","00110","","È","00340","","55`59Î","","4,057","246","281","441","307","379","350","305","400","307","324","364","353"
"10270","","¥ˆ÷Œ”yŒz","2023000000","","2023”N","00100","","‘”","00110","","È","00350","","60`64Î","","2,165","123","141","205","166","214","188","159","180","175","181","235","198"
"10270","","¥ˆ÷Œ”yŒz","2023000000","","2023”N","00100","","‘”","00110","","È","00360","","65`69Î","","1,041","62","63","104","83","91","99","71","83","91","105","99","90"
"10270","","¥ˆ÷Œ”yŒz","2023000000","","2023”N","00100","","‘”","00110","","È","00370","","70`74Î","","787","43","53","65","70","63","69","67","54","71","81","75","76"
"10270","","¥ˆ÷Œ”yŒz","2023000000","","2023”N","00100","","‘”","00110","","È","00380","","75`79Î","","428","24","28","38","34","39","35","33","33","44","51","35","34"
"10270","","¥ˆ÷Œ”yŒz","2023000000","","2023”N","00100","","‘”","00110","","È","00390","","80ÎˆÈã","","222","12","7","17","22","19","16","17","15","18","26","23","30"
"10270","","¥ˆ÷Œ”yŒz","2023000000","","2023”N","00100","","‘”","00110","","È","00450","","•sÚ","","4","-","-","1","-","-","-","-","1","-","-","2","-"
"10270","","¥ˆ÷Œ”yŒz","2023000000","","2023”N","00110","","‰¥","00100","","•v","00100","","‘”","","254,731","13,124","17,860","28,135","15,671","23,162","17,852","17,936","28,838","18,685","19,807","31,155","22,506"
"10270","","¥ˆ÷Œ”yŒz","2023000000","","2023”N","00110","","‰¥","00100","","•v","00210","","19ÎˆÈ‰º","","1,897","84","90","204","154","152","186","188","169","155","156","183","176"
"10270","","¥ˆ÷Œ”yŒz","2023000000","","2023”N","00110","","‰¥","00100","","•v","00230","","20`24Î","","32,760","1,687","2,024","3,312","2,050","2,803","2,548","2,577","3,579","2,611","2,822","3,539","3,208"
"10270","","¥ˆ÷Œ”yŒz","2023000000","","2023”N","00110","","‰¥","00100","","•v","00240","","25`29Î","","101,162","4,904","7,301","11,092","5,897","9,131","6,863","6,913","11,694","7,486","8,110","12,771","9,000"
"10270","","¥ˆ÷Œ”yŒz","2023000000","","2023”N","00110","","‰¥","00100","","•v","00250","","30`34Î","","61,361","3,119","4,425","6,914","3,729","5,767","4,171","4,223","7,026","4,342","4,538","7,919","5,188"
"10270","","¥ˆ÷Œ”yŒz","2023000000","","2023”N","00110","","‰¥","00100","","•v","00260","","35`39Î","","31,220","1,700","2,172","3,562","2,011","2,943","2,084","2,153","3,511","2,254","2,257","3,833","2,740"
"10270","","¥ˆ÷Œ”yŒz","2023000000","","2023”N","00110","","‰¥","00100","","•v","00280","","40`44Î","","14,176","884","999","1,652","959","1,269","1,045","993","1,570","1,000","1,038","1,628","1,139"
"10270","","¥ˆ÷Œ”yŒz","2023000000","","2023”N","00110","","‰¥","00100","","•v","00300","","45`49Î","","6,721","429","495","780","477","577","526","505","753","449","441","736","553"
"10270","","¥ˆ÷Œ”yŒz","2023000000","","2023”N","00110","","‰¥","00100","","•v","00320","","50`54Î","","2,951","188","201","354","210","269","213","209","303","201","229","322","252"
"10270","","¥ˆ÷Œ”yŒz","2023000000","","2023”N","00110","","‰¥","00100","","•v","00340","","55`59Î","","1,261","60","71","148","97","130","106","79","124","91","108","109","138"
"10270","","¥ˆ÷Œ”yŒz","2023000000","","2023”N","00110","","‰¥","00100","","•v","00350","","60`64Î","","626","40","39","69","42","63","58","45","58","40","49","58","65"
"10270","","¥ˆ÷Œ”yŒz","2023000000","","2023”N","00110","","‰¥","00100","","•v","00360","","65`69Î","","333","15","28","28","21","35","29","24","31","25","32","32","33"
"10270","","¥ˆ÷Œ”yŒz","2023000000","","2023”N","00110","","‰¥","00100","","•v","00370","","70`74Î","","177","11","10","12","17","16","14","18","12","24","16","18","9"
"10270","","¥ˆ÷Œ”yŒz","2023000000","","2023”N","00110","","‰¥","00100","","•v","00380","","75`79Î","","60","2","3","5","5","6","5","6","5","5","9","5","4"
"10270","","¥ˆ÷Œ”yŒz","2023000000","","2023”N","00110","","‰¥","00100","","•v","00390","","80ÎˆÈã","","23","1","2","2","2","1","4","3","2","2","2","1","1"
"10270","","¥ˆ÷Œ”yŒz","2023000000","","2023”N","00110","","‰¥","00100","","•v","00450","","•sÚ","","3","-","-","1","-","-","-","-","1","-","-","1","-"
"10270","","¥ˆ÷Œ”yŒz","2023000000","","2023”N","00110","","‰¥","00110","","È","00100","","‘”","","261,737","13,521","18,218","28,276","16,031","24,140","18,461","18,400","29,764","19,361","20,290","32,097","23,178"
"10270","","¥ˆ÷Œ”yŒz","2023000000","","2023”N","00110","","‰¥","00110","","È","00210","","19ÎˆÈ‰º","","3,437","142","182","348","263","319","294","316","326","271","280","357","339"
"10270","","¥ˆ÷Œ”yŒz","2023000000","","2023”N","00110","","‰¥","00110","","È","00230","","20`24Î","","43,842","2,151","2,846","4,497","2,751","3,797","3,342","3,396","4,845","3,474","3,658","4,795","4,290"
"10270","","¥ˆ÷Œ”yŒz","2023000000","","2023”N","00110","","‰¥","00110","","È","00240","","25`29Î","","114,159","5,605","8,157","12,383","6,691","10,361","7,842","7,817","13,218","8,410","9,043","14,603","10,029"
"10270","","¥ˆ÷Œ”yŒz","2023000000","","2023”N","00110","","‰¥","00110","","È","00250","","30`34Î","","58,094","3,016","4,138","6,311","3,509","5,599","3,921","4,024","6,665","4,149","4,290","7,484","4,988"
"10270","","¥ˆ÷Œ”yŒz","2023000000","","2023”N","00110","","‰¥","00110","","È","00260","","35`39Î","","26,047","1,556","1,821","2,906","1,727","2,529","1,813","1,753","2,976","1,885","1,862","3,096","2,123"
"10270","","¥ˆ÷Œ”yŒz","2023000000","","2023”N","00110","","‰¥","00110","","È","00280","","40`44Î","","9,634","644","665","1,121","628","898","723","670","1,067","685","688","1,050","795"
"10270","","¥ˆ÷Œ”yŒz","2023000000","","2023”N","00110","","‰¥","00110","","È","00300","","45`49Î","","3,689","228","229","428","256","357","291","228","382","278","253","425","334"
"10270","","¥ˆ÷Œ”yŒz","2023000000","","2023”N","00110","","‰¥","00110","","È","00320","","50`54Î","","1,697","111","109","175","125","173","136","115","178","112","123","193","147"
"10270","","¥ˆ÷Œ”yŒz","2023000000","","2023”N","00110","","‰¥","00110","","È","00340","","55`59Î","","654","46","43","62","50","64","57","42","72","49","47","55","67"
"10270","","¥ˆ÷Œ”yŒz","2023000000","","2023”N","00110","","‰¥","00110","","È","00350","","60`64Î","","274","10","22","28","21","25","23","25","16","26","21","20","37"
"10270","","¥ˆ÷Œ”yŒz","2023000000","","2023”N","00110","","‰¥","00110","","È","00360","","65`69Î","","106","2","4","12","6","9","11","6","11","9","13","8","15"
"10270","","¥ˆ÷Œ”yŒz","2023000000","","2023”N","00110","","‰¥","00110","","È","00370","","70`74Î","","55","6","1","2","2","6","4","2","3","8","6","4","11"
"10270","","¥ˆ÷Œ”yŒz","2023000000","","2023”N","00110","","‰¥","00110","","È","00380","","75`79Î","","26","2","-","1","-","3","1","4","1","4","6","2","2"
"10270","","¥ˆ÷Œ”yŒz","2023000000","","2023”N","00110","","‰¥","00110","","È","00390","","80ÎˆÈã","","19","2","1","1","2","-","3","2","3","1","-","3","1"
"10270","","¥ˆ÷Œ”yŒz","2023000000","","2023”N","00110","","‰¥","00110","","È","00450","","•sÚ","","4","-","-","1","-","-","-","-","1","-","-","2","-"
"10270","","¥ˆ÷Œ”yŒz","2023000000","","2023”N","00120","","Ä¥","00100","","•v","00100","","‘”","","60,795","3,614","4,030","7,224","4,410","5,348","4,620","4,397","6,613","4,414","4,599","6,261","5,265"
"10270","","¥ˆ÷Œ”yŒz","2023000000","","2023”N","00120","","Ä¥","00100","","•v","00210","","19ÎˆÈ‰º","","8","-","-","-","2","-","-","-","1","2","1","1","1"
"10270","","¥ˆ÷Œ”yŒz","2023000000","","2023”N","00120","","Ä¥","00100","","•v","00230","","20`24Î","","759","34","47","65","45","57","70","66","72","83","69","71","80"
"10270","","¥ˆ÷Œ”yŒz","2023000000","","2023”N","00120","","Ä¥","00100","","•v","00240","","25`29Î","","4,095","233","247","426","259","353","299","314","476","336","303","473","376"
"10270","","¥ˆ÷Œ”yŒz","2023000000","","2023”N","00120","","Ä¥","00100","","•v","00250","","30`34Î","","8,281","454","578","962","530","700","594","601","994","595","644","924","705"
"10270","","¥ˆ÷Œ”yŒz","2023000000","","2023”N","00120","","Ä¥","00100","","•v","00260","","35`39Î","","10,319","565","688","1,314","747","904","705","728","1,205","728","743","1,061","931"
"10270","","¥ˆ÷Œ”yŒz","2023000000","","2023”N","00120","","Ä¥","00100","","•v","00280","","40`44Î","","9,457","579","646","1,249","678","824","647","700","1,095","610","684","990","755"
"10270","","¥ˆ÷Œ”yŒz","2023000000","","2023”N","00120","","Ä¥","00100","","•v","00300","","45`49Î","","8,402","557","601","1,087","644","763","656","551","894","580","543","796","730"
"10270","","¥ˆ÷Œ”yŒz","2023000000","","2023”N","00120","","Ä¥","00100","","•v","00320","","50`54Î","","6,811","431","408","802","522","636","515","511","709","477","524","698","578"
"10270","","¥ˆ÷Œ”yŒz","2023000000","","2023”N","00120","","Ä¥","00100","","•v","00340","","55`59Î","","4,748","280","287","532","354","442","423","327","463","364","392","470","414"
"10270","","¥ˆ÷Œ”yŒz","2023000000","","2023”N","00120","","Ä¥","00100","","•v","00350","","60`64Î","","3,282","198","214","369","255","274","309","245","326","239","266","328","259"
"10270","","¥ˆ÷Œ”yŒz","2023000000","","2023”N","00120","","Ä¥","00100","","•v","00360","","65`69Î","","1,939","111","136","180","155","169","178","133","167","154","163","219","174"
"10270","","¥ˆ÷Œ”yŒz","2023000000","","2023”N","00120","","Ä¥","00100","","•v","00370","","70`74Î","","1,301","86","99","111","98","112","102","107","108","119","121","127","111"
"10270","","¥ˆ÷Œ”yŒz","2023000000","","2023”N","00120","","Ä¥","00100","","•v","00380","","75`79Î","","838","53","49","83","71","68","71","67","59","78","90","57","92"
"10270","","¥ˆ÷Œ”yŒz","2023000000","","2023”N","00120","","Ä¥","00100","","•v","00390","","80ÎˆÈã","","555","33","30","44","50","46","51","47","44","49","56","46","59"
"10270","","¥ˆ÷Œ”yŒz","2023000000","","2023”N","00120","","Ä¥","00100","","•v","00450","","•sÚ","","-","-","-","-","-","-","-","-","-","-","-","-","-"
"10270","","¥ˆ÷Œ”yŒz","2023000000","","2023”N","00120","","Ä¥","00110","","È","00100","","‘”","","53,789","3,217","3,672","7,083","4,050","4,370","4,011","3,933","5,687","3,738","4,116","5,319","4,593"
"10270","","¥ˆ÷Œ”yŒz","2023000000","","2023”N","00120","","Ä¥","00110","","È","00210","","19ÎˆÈ‰º","","35","-","3","4","4","3","4","2","5","1","2","2","5"
"10270","","¥ˆ÷Œ”yŒz","2023000000","","2023”N","00120","","Ä¥","00110","","È","00230","","20`24Î","","1,380","75","90","143","92","92","105","107","142","116","139","138","141"
"10270","","¥ˆ÷Œ”yŒz","2023000000","","2023”N","00120","","Ä¥","00110","","È","00240","","25`29Î","","6,014","334","433","810","382","442","415","470","659","406","491","644","528"
"10270","","¥ˆ÷Œ”yŒz","2023000000","","2023”N","00120","","Ä¥","00110","","È","00250","","30`34Î","","9,767","578","715","1,422","651","737","660","718","1,119","656","687","981","843"
"10270","","¥ˆ÷Œ”yŒz","2023000000","","2023”N","00120","","Ä¥","00110","","È","00260","","35`39Î","","9,694","580","683","1,390","731","729","678","667","1,077","660","687","991","821"
"10270","","¥ˆ÷Œ”yŒz","2023000000","","2023”N","00120","","Ä¥","00110","","È","00280","","40`44Î","","7,068","435","461","1,041","584","570","505","552","753","458","467","658","584"
"10270","","¥ˆ÷Œ”yŒz","2023000000","","2023”N","00120","","Ä¥","00110","","È","00300","","45`49Î","","6,342","406","414","808","529","558","505","434","661","430","507","588","502"
"10270","","¥ˆ÷Œ”yŒz","2023000000","","2023”N","00120","","Ä¥","00110","","È","00320","","50`54Î","","5,923","367","371","701","476","541","481","412","612","402","461","578","521"
"10270","","¥ˆ÷Œ”yŒz","2023000000","","2023”N","00120","","Ä¥","00110","","È","00340","","55`59Î","","3,403","200","238","379","257","315","293","263","328","258","277","309","286"
"10270","","¥ˆ÷Œ”yŒz","2023000000","","2023”N","00120","","Ä¥","00110","","È","00350","","60`64Î","","1,891","113","119","177","145","189","165","134","164","149","160","215","161"
"10270","","¥ˆ÷Œ”yŒz","2023000000","","2023”N","00120","","Ä¥","00110","","È","00360","","65`69Î","","935","60","59","92","77","82","88","65","72","82","92","91","75"
"10270","","¥ˆ÷Œ”yŒz","2023000000","","2023”N","00120","","Ä¥","00110","","È","00370","","70`74Î","","732","37","52","63","68","57","65","65","51","63","75","71","65"
"10270","","¥ˆ÷Œ”yŒz","2023000000","","2023”N","00120","","Ä¥","00110","","È","00380","","75`79Î","","402","22","28","37","34","36","34","29","32","40","45","33","32"
"10270","","¥ˆ÷Œ”yŒz","2023000000","","2023”N","00120","","Ä¥","00110","","È","00390","","80ÎˆÈã","","203","10","6","16","20","19","13","15","12","17","26","20","29"
"10270","","¥ˆ÷Œ”yŒz","2023000000","","2023”N","00120","","Ä¥","00110","","È","00450","","•sÚ","","-","-","-","-","-","-","-","-","-","-","-","-","-"
"10270","","¥ˆ÷Œ”yŒz","2022000000","","2022”N","00100","","‘”","00100","","•v","00100","","‘”","","344,823","24,603","26,500","38,952","18,973","29,402","22,856","31,424","28,229","21,699","28,974","42,213","30,998"
"10270","","¥ˆ÷Œ”yŒz","2022000000","","2022”N","00100","","‘”","00100","","•v","00210","","19ÎˆÈ‰º","","2,014","104","105","234","180","181","159","172","185","146","169","201","178"
"10270","","¥ˆ÷Œ”yŒz","2022000000","","2022”N","00100","","‘”","00100","","•v","00230","","20`24Î","","36,716","2,229","2,518","3,831","2,132","2,971","2,622","3,417","3,076","2,591","3,372","4,333","3,624"
"10270","","¥ˆ÷Œ”yŒz","2022000000","","2022”N","00100","","‘”","00100","","•v","00240","","25`29Î","","114,537","7,787","9,083","12,965","5,899","9,864","7,333","10,447","9,486","7,140","10,096","14,271","10,166"
"10270","","¥ˆ÷Œ”yŒz","2022000000","","2022”N","00100","","‘”","00100","","•v","00250","","30`34Î","","77,108","5,454","6,123","8,854","3,982","6,620","4,798","7,135","6,334","4,655","6,520","9,844","6,789"
"10270","","¥ˆ÷Œ”yŒz","2022000000","","2022”N","00100","","‘”","00100","","•v","00260","","35`39Î","","46,689","3,727","3,769","5,342","2,541","3,959","2,983","4,306","3,686","2,829","3,608","5,840","4,099"
"10270","","¥ˆ÷Œ”yŒz","2022000000","","2022”N","00100","","‘”","00100","","•v","00280","","40`44Î","","26,408","2,132","2,034","3,120","1,451","2,249","1,774","2,440","2,158","1,624","2,024","3,094","2,308"
"10270","","¥ˆ÷Œ”yŒz","2022000000","","2022”N","00100","","‘”","00100","","•v","00300","","45`49Î","","16,915","1,357","1,220","1,997","1,023","1,511","1,230","1,469","1,358","1,024","1,303","1,908","1,515"
"10270","","¥ˆ÷Œ”yŒz","2022000000","","2022”N","00100","","‘”","00100","","•v","00320","","50`54Î","","10,002","790","682","1,189","698","817","733","834","787","659","711","1,124","978"
"10270","","¥ˆ÷Œ”yŒz","2022000000","","2022”N","00100","","‘”","00100","","•v","00340","","55`59Î","","5,848","445","424","597","407","492","485","505","442","380","454","698","519"
"10270","","¥ˆ÷Œ”yŒz","2022000000","","2022”N","00100","","‘”","00100","","•v","00350","","60`64Î","","3,726","250","237","396","272","332","310","281","301","266","292","420","369"
"10270","","¥ˆ÷Œ”yŒz","2022000000","","2022”N","00100","","‘”","00100","","•v","00360","","65`69Î","","2,077","142","143","195","143","167","169","166","170","179","191","206","206"
"10270","","¥ˆ÷Œ”yŒz","2022000000","","2022”N","00100","","‘”","00100","","•v","00370","","70`74Î","","1,474","94","89","124","141","125","137","126","140","101","115","151","131"
"10270","","¥ˆ÷Œ”yŒz","2022000000","","2022”N","00100","","‘”","00100","","•v","00380","","75`79Î","","727","48","35","61","51","69","64","68","60","64","72","67","68"
"10270","","¥ˆ÷Œ”yŒz","2022000000","","2022”N","00100","","‘”","00100","","•v","00390","","80ÎˆÈã","","582","44","38","47","53","45","59","58","46","41","47","56","48"
"10270","","¥ˆ÷Œ”yŒz","2022000000","","2022”N","00100","","‘”","00100","","•v","00450","","•sÚ","","-","-","-","-","-","-","-","-","-","-","-","-","-"
"10270","","¥ˆ÷Œ”yŒz","2022000000","","2022”N","00100","","‘”","00110","","È","00100","","‘”","","344,823","24,603","26,500","38,952","18,973","29,402","22,856","31,424","28,229","21,699","28,974","42,213","30,998"
"10270","","¥ˆ÷Œ”yŒz","2022000000","","2022”N","00100","","‘”","00110","","È","00210","","19ÎˆÈ‰º","","3,634","168","208","387","320","308","274","349","304","253","306","397","360"
"10270","","¥ˆ÷Œ”yŒz","2022000000","","2022”N","00100","","‘”","00110","","È","00230","","20`24Î","","50,405","3,076","3,497","5,288","2,872","4,020","3,581","4,769","4,235","3,583","4,578","5,994","4,912"
"10270","","¥ˆ÷Œ”yŒz","2022000000","","2022”N","00100","","‘”","00110","","È","00240","","25`29Î","","132,341","9,008","10,689","14,983","6,832","11,472","8,387","12,000","10,917","8,201","11,624","16,592","11,636"
"10270","","¥ˆ÷Œ”yŒz","2022000000","","2022”N","00100","","‘”","00110","","È","00250","","30`34Î","","73,946","5,512","5,860","8,416","3,830","6,352","4,612","6,832","6,086","4,476","6,066","9,434","6,470"
"10270","","¥ˆ÷Œ”yŒz","2022000000","","2022”N","00100","","‘”","00110","","È","00260","","35`39Î","","39,371","3,234","3,088","4,685","2,109","3,342","2,546","3,609","3,123","2,331","3,016","4,786","3,502"
"10270","","¥ˆ÷Œ”yŒz","2022000000","","2022”N","00100","","‘”","00110","","È","00280","","40`44Î","","18,352","1,583","1,346","2,235","1,113","1,530","1,319","1,612","1,423","1,104","1,398","2,075","1,614"
"10270","","¥ˆ÷Œ”yŒz","2022000000","","2022”N","00100","","‘”","00110","","È","00300","","45`49Î","","10,956","867","749","1,367","756","974","813","933","864","667","760","1,228","978"
"10270","","¥ˆ÷Œ”yŒz","2022000000","","2022”N","00100","","‘”","00110","","È","00320","","50`54Î","","7,513","554","496","795","520","696","593","605","600","512","562","851","729"
"10270","","¥ˆ÷Œ”yŒz","2022000000","","2022”N","00100","","‘”","00110","","È","00340","","55`59Î","","3,859","288","280","390","270","309","322","342","318","239","294","425","382"
"10270","","¥ˆ÷Œ”yŒz","2022000000","","2022”N","00100","","‘”","00110","","È","00350","","60`64Î","","1,979","143","129","199","131","188","187","160","149","134","173","193","193"
"10270","","¥ˆ÷Œ”yŒz","2022000000","","2022”N","00100","","‘”","00110","","È","00360","","65`69Î","","1,021","60","69","90","91","86","86","94","85","76","83","105","96"
"10270","","¥ˆ÷Œ”yŒz","2022000000","","2022”N","00100","","‘”","00110","","È","00370","","70`74Î","","832","67","47","72","72","77","73","65","69","64","68","77","81"
"10270","","¥ˆ÷Œ”yŒz","2022000000","","2022”N","00100","","‘”","00110","","È","00380","","75`79Î","","399","30","28","25","37","36","36","37","41","37","28","38","26"
"10270","","¥ˆ÷Œ”yŒz","2022000000","","2022”N","00100","","‘”","00110","","È","00390","","80ÎˆÈã","","215","13","14","20","20","12","27","17","15","22","18","18","19"
"10270","","¥ˆ÷Œ”yŒz","2022000000","","2022”N","00100","","‘”","00110","","È","00450","","•sÚ","","-","-","-","-","-","-","-","-","-","-","-","-","-"
"10270","","¥ˆ÷Œ”yŒz","2022000000","","2022”N","00110","","‰¥","00100","","•v","00100","","‘”","","279,179","19,567","21,754","31,277","14,895","24,032","18,281","25,502","22,720","17,408","23,912","34,797","25,034"
"10270","","¥ˆ÷Œ”yŒz","2022000000","","2022”N","00110","","‰¥","00100","","•v","00210","","19ÎˆÈ‰º","","2,003","103","104","232","180","181","158","169","185","145","169","200","177"
"10270","","¥ˆ÷Œ”yŒz","2022000000","","2022”N","00110","","‰¥","00100","","•v","00230","","20`24Î","","35,892","2,185","2,461","3,754","2,085","2,905","2,554","3,332","3,009","2,524","3,307","4,239","3,537"
"10270","","¥ˆ÷Œ”yŒz","2022000000","","2022”N","00110","","‰¥","00100","","•v","00240","","25`29Î","","110,203","7,481","8,810","12,491","5,655","9,529","7,046","9,988","9,078","6,870","9,712","13,788","9,755"
"10270","","¥ˆ÷Œ”yŒz","2022000000","","2022”N","00110","","‰¥","00100","","•v","00250","","30`34Î","","67,723","4,738","5,414","7,725","3,495","5,882","4,225","6,277","5,504","4,040","5,758","8,699","5,966"
"10270","","¥ˆ÷Œ”yŒz","2022000000","","2022”N","00110","","‰¥","00100","","•v","00260","","35`39Î","","34,909","2,754","2,840","3,930","1,886","3,017","2,262","3,182","2,724","2,081","2,731","4,450","3,052"
"10270","","¥ˆ÷Œ”yŒz","2022000000","","2022”N","00110","","‰¥","00100","","•v","00280","","40`44Î","","15,679","1,294","1,226","1,761","845","1,395","1,075","1,454","1,236","918","1,231","1,915","1,329"
"10270","","¥ˆ÷Œ”yŒz","2022000000","","2022”N","00110","","‰¥","00100","","•v","00300","","45`49Î","","7,540","617","558","846","411","680","549","674","571","460","593","887","694"
"10270","","¥ˆ÷Œ”yŒz","2022000000","","2022”N","00110","","‰¥","00100","","•v","00320","","50`54Î","","3,029","247","209","332","203","244","221","235","226","204","226","362","320"
"10270","","¥ˆ÷Œ”yŒz","2022000000","","2022”N","00110","","‰¥","00100","","•v","00340","","55`59Î","","1,141","78","70","106","76","100","96","101","100","78","107","141","88"
"10270","","¥ˆ÷Œ”yŒz","2022000000","","2022”N","00110","","‰¥","00100","","•v","00350","","60`64Î","","548","32","38","62","28","53","49","35","38","47","43","66","57"
"10270","","¥ˆ÷Œ”yŒz","2022000000","","2022”N","00110","","‰¥","00100","","•v","00360","","65`69Î","","287","23","17","24","14","25","21","28","26","25","24","25","35"
"10270","","¥ˆ÷Œ”yŒz","2022000000","","2022”N","00110","","‰¥","00100","","•v","00370","","70`74Î","","144","8","6","9","11","12","11","18","17","11","5","20","16"
"10270","","¥ˆ÷Œ”yŒz","2022000000","","2022”N","00110","","‰¥","00100","","•v","00380","","75`79Î","","55","6","-","2","4","7","10","7","3","5","5","3","3"
"10270","","¥ˆ÷Œ”yŒz","2022000000","","2022”N","00110","","‰¥","00100","","•v","00390","","80ÎˆÈã","","26","1","1","3","2","2","4","2","3","-","1","2","5"
"10270","","¥ˆ÷Œ”yŒz","2022000000","","2022”N","00110","","‰¥","00100","","•v","00450","","•sÚ","","-","-","-","-","-","-","-","-","-","-","-","-","-"
"10270","","¥ˆ÷Œ”yŒz","2022000000","","2022”N","00110","","‰¥","00110","","È","00100","","‘”","","287,543","20,247","22,307","31,568","15,128","24,880","18,891","26,504","23,394","18,025","24,796","35,980","25,823"
"10270","","¥ˆ÷Œ”yŒz","2022000000","","2022”N","00110","","‰¥","00110","","È","00210","","19ÎˆÈ‰º","","3,607","165","206","385","319","308","271","346","302","252","304","394","355"
"10270","","¥ˆ÷Œ”yŒz","2022000000","","2022”N","00110","","‰¥","00110","","È","00230","","20`24Î","","48,912","2,960","3,404","5,125","2,786","3,923","3,467","4,619","4,104","3,456","4,459","5,844","4,765"
"10270","","¥ˆ÷Œ”yŒz","2022000000","","2022”N","00110","","‰¥","00110","","È","00240","","25`29Î","","125,860","8,556","10,191","14,088","6,420","11,008","8,021","11,412","10,343","7,797","11,138","15,832","11,054"
"10270","","¥ˆ÷Œ”yŒz","2022000000","","2022”N","00110","","‰¥","00110","","È","00250","","30`34Î","","63,292","4,681","5,007","6,931","3,198","5,614","3,955","5,918","5,129","3,837","5,265","8,235","5,522"
"10270","","¥ˆ÷Œ”yŒz","2022000000","","2022”N","00110","","‰¥","00110","","È","00260","","35`39Î","","28,646","2,386","2,262","3,166","1,472","2,498","1,868","2,654","2,216","1,658","2,269","3,611","2,586"
"10270","","¥ˆ÷Œ”yŒz","2022000000","","2022”N","00110","","‰¥","00110","","È","00280","","40`44Î","","10,506","959","773","1,134","540","916","746","973","817","603","851","1,275","919"
"10270","","¥ˆ÷Œ”yŒz","2022000000","","2022”N","00110","","‰¥","00110","","È","00300","","45`49Î","","3,956","329","275","467","232","374","302","360","283","234","282","470","348"
"10270","","¥ˆ÷Œ”yŒz","2022000000","","2022”N","00110","","‰¥","00110","","È","00320","","50`54Î","","1,691","142","122","173","89","152","148","138","117","119","136","188","167"
"10270","","¥ˆ÷Œ”yŒz","2022000000","","2022”N","00110","","‰¥","00110","","È","00340","","55`59Î","","618","37","43","62","49","43","65","45","45","37","55","77","60"
"10270","","¥ˆ÷Œ”yŒz","2022000000","","2022”N","00110","","‰¥","00110","","È","00350","","60`64Î","","253","17","12","24","7","24","27","21","21","13","21","35","31"
"10270","","¥ˆ÷Œ”yŒz","2022000000","","2022”N","00110","","‰¥","00110","","È","00360","","65`69Î","","91","5","6","5","9","6","10","8","12","4","8","10","8"
"10270","","¥ˆ÷Œ”yŒz","2022000000","","2022”N","00110","","‰¥","00110","","È","00370","","70`74Î","","63","6","1","5","6","10","6","4","3","9","5","4","4"
"10270","","¥ˆ÷Œ”yŒz","2022000000","","2022”N","00110","","‰¥","00110","","È","00380","","75`79Î","","34","4","3","3","-","4","2","3","1","4","2","5","3"
"10270","","¥ˆ÷Œ”yŒz","2022000000","","2022”N","00110","","‰¥","00110","","È","00390","","80ÎˆÈã","","14","-","2","-","1","-","3","3","1","2","1","-","1"
"10270","","¥ˆ÷Œ”yŒz","2022000000","","2022”N","00110","","‰¥","00110","","È","00450","","•sÚ","","-","-","-","-","-","-","-","-","-","-","-","-","-"
"10270","","¥ˆ÷Œ”yŒz","2022000000","","2022”N","00120","","Ä¥","00100","","•v","00100","","‘”","","65,644","5,036","4,746","7,675","4,078","5,370","4,575","5,922","5,509","4,291","5,062","7,416","5,964"
"10270","","¥ˆ÷Œ”yŒz","2022000000","","2022”N","00120","","Ä¥","00100","","•v","00210","","19ÎˆÈ‰º","","11","1","1","2","-","-","1","3","-","1","-","1","1"
"10270","","¥ˆ÷Œ”yŒz","2022000000","","2022”N","00120","","Ä¥","00100","","•v","00230","","20`24Î","","824","44","57","77","47","66","68","85","67","67","65","94","87"
"10270","","¥ˆ÷Œ”yŒz","2022000000","","2022”N","00120","","Ä¥","00100","","•v","00240","","25`29Î","","4,334","306","273","474","244","335","287","459","408","270","384","483","411"
"10270","","¥ˆ÷Œ”yŒz","2022000000","","2022”N","00120","","Ä¥","00100","","•v","00250","","30`34Î","","9,385","716","709","1,129","487","738","573","858","830","615","762","1,145","823"
"10270","","¥ˆ÷Œ”yŒz","2022000000","","2022”N","00120","","Ä¥","00100","","•v","00260","","35`39Î","","11,780","973","929","1,412","655","942","721","1,124","962","748","877","1,390","1,047"
"10270","","¥ˆ÷Œ”yŒz","2022000000","","2022”N","00120","","Ä¥","00100","","•v","00280","","40`44Î","","10,729","838","808","1,359","606","854","699","986","922","706","793","1,179","979"
"10270","","¥ˆ÷Œ”yŒz","2022000000","","2022”N","00120","","Ä¥","00100","","•v","00300","","45`49Î","","9,375","740","662","1,151","612","831","681","795","787","564","710","1,021","821"
"10270","","¥ˆ÷Œ”yŒz","2022000000","","2022”N","00120","","Ä¥","00100","","•v","00320","","50`54Î","","6,973","543","473","857","495","573","512","599","561","455","485","762","658"
"10270","","¥ˆ÷Œ”yŒz","2022000000","","2022”N","00120","","Ä¥","00100","","•v","00340","","55`59Î","","4,707","367","354","491","331","392","389","404","342","302","347","557","431"
"10270","","¥ˆ÷Œ”yŒz","2022000000","","2022”N","00120","","Ä¥","00100","","•v","00350","","60`64Î","","3,178","218","199","334","244","279","261","246","263","219","249","354","312"
"10270","","¥ˆ÷Œ”yŒz","2022000000","","2022”N","00120","","Ä¥","00100","","•v","00360","","65`69Î","","1,790","119","126","171","129","142","148","138","144","154","167","181","171"
"10270","","¥ˆ÷Œ”yŒz","2022000000","","2022”N","00120","","Ä¥","00100","","•v","00370","","70`74Î","","1,330","86","83","115","130","113","126","108","123","90","110","131","115"
"10270","","¥ˆ÷Œ”yŒz","2022000000","","2022”N","00120","","Ä¥","00100","","•v","00380","","75`79Î","","672","42","35","59","47","62","54","61","57","59","67","64","65"
"10270","","¥ˆ÷Œ”yŒz","2022000000","","2022”N","00120","","Ä¥","00100","","•v","00390","","80ÎˆÈã","","556","43","37","44","51","43","55","56","43","41","46","54","43"
"10270","","¥ˆ÷Œ”yŒz","2022000000","","2022”N","00120","","Ä¥","00100","","•v","00450","","•sÚ","","-","-","-","-","-","-","-","-","-","-","-","-","-"
"10270","","¥ˆ÷Œ”yŒz","2022000000","","2022”N","00120","","Ä¥","00110","","È","00100","","‘”","","57,280","4,356","4,193","7,384","3,845","4,522","3,965","4,920","4,835","3,674","4,178","6,233","5,175"
"10270","","¥ˆ÷Œ”yŒz","2022000000","","2022”N","00120","","Ä¥","00110","","È","00210","","19ÎˆÈ‰º","","27","3","2","2","1","-","3","3","2","1","2","3","5"
"10270","","¥ˆ÷Œ”yŒz","2022000000","","2022”N","00120","","Ä¥","00110","","È","00230","","20`24Î","","1,493","116","93","163","86","97","114","150","131","127","119","150","147"
"10270","","¥ˆ÷Œ”yŒz","2022000000","","2022”N","00120","","Ä¥","00110","","È","00240","","25`29Î","","6,481","452","498","895","412","464","366","588","574","404","486","760","582"
"10270","","¥ˆ÷Œ”yŒz","2022000000","","2022”N","00120","","Ä¥","00110","","È","00250","","30`34Î","","10,654","831","853","1,485","632","738","657","914","957","639","801","1,199","948"
"10270","","¥ˆ÷Œ”yŒz","2022000000","","2022”N","00120","","Ä¥","00110","","È","00260","","35`39Î","","10,725","848","826","1,519","637","844","678","955","907","673","747","1,175","916"
"10270","","¥ˆ÷Œ”yŒz","2022000000","","2022”N","00120","","Ä¥","00110","","È","00280","","40`44Î","","7,846","624","573","1,101","573","614","573","639","606","501","547","800","695"
"10270","","¥ˆ÷Œ”yŒz","2022000000","","2022”N","00120","","Ä¥","00110","","È","00300","","45`49Î","","7,000","538","474","900","524","600","511","573","581","433","478","758","630"
"10270","","¥ˆ÷Œ”yŒz","2022000000","","2022”N","00120","","Ä¥","00110","","È","00320","","50`54Î","","5,822","412","374","622","431","544","445","467","483","393","426","663","562"
"10270","","¥ˆ÷Œ”yŒz","2022000000","","2022”N","00120","","Ä¥","00110","","È","00340","","55`59Î","","3,241","251","237","328","221","266","257","297","273","202","239","348","322"
"10270","","¥ˆ÷Œ”yŒz","2022000000","","2022”N","00120","","Ä¥","00110","","È","00350","","60`64Î","","1,726","126","117","175","124","164","160","139","128","121","152","158","162"
"10270","","¥ˆ÷Œ”yŒz","2022000000","","2022”N","00120","","Ä¥","00110","","È","00360","","65`69Î","","930","55","63","85","82","80","76","86","73","72","75","95","88"
"10270","","¥ˆ÷Œ”yŒz","2022000000","","2022”N","00120","","Ä¥","00110","","È","00370","","70`74Î","","769","61","46","67","66","67","67","61","66","55","63","73","77"
"10270","","¥ˆ÷Œ”yŒz","2022000000","","2022”N","00120","","Ä¥","00110","","È","00380","","75`79Î","","365","26","25","22","37","32","34","34","40","33","26","33","23"
"10270","","¥ˆ÷Œ”yŒz","2022000000","","2022”N","00120","","Ä¥","00110","","È","00390","","80ÎˆÈã","","201","13","12","20","19","12","24","14","14","20","17","18","18"
"10270","","¥ˆ÷Œ”yŒz","2022000000","","2022”N","00120","","Ä¥","00110","","È","00450","","•sÚ","","-","-","-","-","-","-","-","-","-","-","-","-","-"
"10270","","¥ˆ÷Œ”yŒz","2021000000","","2021”N","00100","","‘”","00100","","•v","00100","","‘”","","358,960","19,898","27,584","42,006","22,756","31,735","28,269","30,394","32,561","22,358","24,006","45,858","31,535"
"10270","","¥ˆ÷Œ”yŒz","2021000000","","2021”N","00100","","‘”","00100","","•v","00210","","19ÎˆÈ‰º","","2,291","128","169","231","183","186","209","209","189","192","180","241","174"
"10270","","¥ˆ÷Œ”yŒz","2021000000","","2021”N","00100","","‘”","00100","","•v","00230","","20`24Î","","40,293","2,087","2,901","4,235","2,614","3,450","3,318","3,634","3,749","2,850","3,011","4,606","3,838"
"10270","","¥ˆ÷Œ”yŒz","2021000000","","2021”N","00100","","‘”","00100","","•v","00240","","25`29Î","","119,615","6,164","9,529","13,993","7,177","10,708","9,068","10,096","10,988","7,555","8,101","15,680","10,556"
"10270","","¥ˆ÷Œ”yŒz","2021000000","","2021”N","00100","","‘”","00100","","•v","00250","","30`34Î","","80,033","4,323","6,296","9,492","4,833","7,201","6,051","6,816","7,398","4,807","5,200","10,745","6,871"
"10270","","¥ˆ÷Œ”yŒz","2021000000","","2021”N","00100","","‘”","00100","","•v","00260","","35`39Î","","48,406","2,850","3,714","5,901","2,991","4,277","3,838","4,100","4,470","2,825","3,059","6,274","4,107"
"10270","","¥ˆ÷Œ”yŒz","2021000000","","2021”N","00100","","‘”","00100","","•v","00280","","40`44Î","","27,665","1,807","2,116","3,360","1,902","2,450","2,293","2,289","2,380","1,578","1,737","3,460","2,293"
"10270","","¥ˆ÷Œ”yŒz","2021000000","","2021”N","00100","","‘”","00100","","•v","00300","","45`49Î","","17,273","1,071","1,235","2,253","1,169","1,491","1,399","1,473","1,547","980","1,007","2,102","1,546"
"10270","","¥ˆ÷Œ”yŒz","2021000000","","2021”N","00100","","‘”","00100","","•v","00320","","50`54Î","","9,690","617","660","1,141","743","848","846","747","783","594","639","1,186","886"
"10270","","¥ˆ÷Œ”yŒz","2021000000","","2021”N","00100","","‘”","00100","","•v","00340","","55`59Î","","5,496","335","411","584","454","449","537","427","439","375","374","646","465"
"10270","","¥ˆ÷Œ”yŒz","2021000000","","2021”N","00100","","‘”","00100","","•v","00350","","60`64Î","","3,487","237","239","363","274","300","306","265","267","232","252","422","330"
"10270","","¥ˆ÷Œ”yŒz","2021000000","","2021”N","00100","","‘”","00100","","•v","00360","","65`69Î","","2,034","123","153","191","178","162","182","155","152","133","174","204","227"
"10270","","¥ˆ÷Œ”yŒz","2021000000","","2021”N","00100","","‘”","00100","","•v","00370","","70`74Î","","1,461","71","84","150","129","130","120","114","100","120","153","163","127"
"10270","","¥ˆ÷Œ”yŒz","2021000000","","2021”N","00100","","‘”","00100","","•v","00380","","75`79Î","","707","53","41","64","63","50","69","36","62","63","59","80","67"
"10270","","¥ˆ÷Œ”yŒz","2021000000","","2021”N","00100","","‘”","00100","","•v","00390","","80ÎˆÈã","","509","32","36","48","46","33","33","33","37","54","60","49","48"
"10270","","¥ˆ÷Œ”yŒz","2021000000","","2021”N","00100","","‘”","00100","","•v","00450","","•sÚ","","-","-","-","-","-","-","-","-","-","-","-","-","-"
"10270","","¥ˆ÷Œ”yŒz","2021000000","","2021”N","00100","","‘”","00110","","È","00100","","‘”","","358,960","19,898","27,584","42,006","22,756","31,735","28,269","30,394","32,561","22,358","24,006","45,858","31,535"
"10270","","¥ˆ÷Œ”yŒz","2021000000","","2021”N","00100","","‘”","00110","","È","00210","","19ÎˆÈ‰º","","4,272","220","300","421","327","371","389","386","384","356","345","423","350"
"10270","","¥ˆ÷Œ”yŒz","2021000000","","2021”N","00100","","‘”","00110","","È","00230","","20`24Î","","55,478","2,914","4,023","5,929","3,540","4,728","4,509","4,860","5,038","3,915","4,098","6,657","5,267"
"10270","","¥ˆ÷Œ”yŒz","2021000000","","2021”N","00100","","‘”","00110","","È","00240","","25`29Î","","138,189","7,115","10,935","16,136","8,333","12,508","10,563","11,760","12,710","8,626","9,287","18,128","12,088"
"10270","","¥ˆ÷Œ”yŒz","2021000000","","2021”N","00100","","‘”","00110","","È","00250","","30`34Î","","75,631","4,248","5,982","9,179","4,558","6,810","5,631","6,428","7,044","4,401","4,718","10,229","6,403"
"10270","","¥ˆ÷Œ”yŒz","2021000000","","2021”N","00100","","‘”","00110","","È","00260","","35`39Î","","40,602","2,574","3,136","4,981","2,624","3,524","3,245","3,468","3,692","2,294","2,550","5,135","3,379"
"10270","","¥ˆ÷Œ”yŒz","2021000000","","2021”N","00100","","‘”","00110","","È","00280","","40`44Î","","18,748","1,196","1,415","2,366","1,328","1,564","1,660","1,478","1,636","1,066","1,218","2,234","1,587"
"10270","","¥ˆ÷Œ”yŒz","2021000000","","2021”N","00100","","‘”","00110","","È","00300","","45`49Î","","11,040","681","793","1,427","830","959","948","876","900","637","668","1,290","1,031"
"10270","","¥ˆ÷Œ”yŒz","2021000000","","2021”N","00100","","‘”","00110","","È","00320","","50`54Î","","7,013","468","446","744","536","614","646","570","541","461","443","857","687"
"10270","","¥ˆ÷Œ”yŒz","2021000000","","2021”N","00100","","‘”","00110","","È","00340","","55`59Î","","3,671","226","258","404","292","330","329","266","289","240","281","434","322"
"10270","","¥ˆ÷Œ”yŒz","2021000000","","2021”N","00100","","‘”","00110","","È","00350","","60`64Î","","1,856","116","136","164","154","149","152","153","151","137","153","215","176"
"10270","","¥ˆ÷Œ”yŒz","2021000000","","2021”N","00100","","‘”","00110","","È","00360","","65`69Î","","1,062","64","79","111","96","86","89","58","68","87","91","121","112"
"10270","","¥ˆ÷Œ”yŒz","2021000000","","2021”N","00100","","‘”","00110","","È","00370","","70`74Î","","831","43","46","85","88","55","64","55","73","75","88","79","80"
"10270","","¥ˆ÷Œ”yŒz","2021000000","","2021”N","00100","","‘”","00110","","È","00380","","75`79Î","","392","25","26","48","38","28","30","25","25","40","37","39","31"
"10270","","¥ˆ÷Œ”yŒz","2021000000","","2021”N","00100","","‘”","00110","","È","00390","","80ÎˆÈã","","175","8","9","11","12","9","14","11","10","23","29","17","22"
"10270","","¥ˆ÷Œ”yŒz","2021000000","","2021”N","00100","","‘”","00110","","È","00450","","•sÚ","","-","-","-","-","-","-","-","-","-","-","-","-","-"
"10270","","¥ˆ÷Œ”yŒz","2021000000","","2021”N","00110","","‰¥","00100","","•v","00100","","‘”","","290,926","15,727","22,737","33,835","17,900","26,020","22,764","24,844","26,500","18,012","19,344","37,748","25,495"
"10270","","¥ˆ÷Œ”yŒz","2021000000","","2021”N","00110","","‰¥","00100","","•v","00210","","19ÎˆÈ‰º","","2,280","126","169","231","181","185","208","207","189","192","180","238","174"
"10270","","¥ˆ÷Œ”yŒz","2021000000","","2021”N","00110","","‰¥","00100","","•v","00230","","20`24Î","","39,341","2,029","2,820","4,144","2,530","3,365","3,240","3,558","3,667","2,790","2,946","4,511","3,741"
"10270","","¥ˆ÷Œ”yŒz","2021000000","","2021”N","00110","","‰¥","00100","","•v","00240","","25`29Î","","114,849","5,917","9,190","13,444","6,858","10,311","8,696","9,708","10,532","7,226","7,739","15,116","10,112"
"10270","","¥ˆ÷Œ”yŒz","2021000000","","2021”N","00110","","‰¥","00100","","•v","00250","","30`34Î","","70,170","3,742","5,583","8,319","4,214","6,376","5,345","5,935","6,454","4,171","4,472","9,573","5,986"
"10270","","¥ˆ÷Œ”yŒz","2021000000","","2021”N","00110","","‰¥","00100","","•v","00260","","35`39Î","","35,462","2,065","2,777","4,281","2,166","3,209","2,827","2,987","3,235","2,027","2,226","4,677","2,985"
"10270","","¥ˆ÷Œ”yŒz","2021000000","","2021”N","00110","","‰¥","00100","","•v","00280","","40`44Î","","16,283","1,057","1,268","1,934","1,089","1,451","1,403","1,394","1,358","897","996","2,084","1,352"
"10270","","¥ˆ÷Œ”yŒz","2021000000","","2021”N","00110","","‰¥","00100","","•v","00300","","45`49Î","","7,621","482","571","942","509","679","602","673","694","404","453","941","671"
"10270","","¥ˆ÷Œ”yŒz","2021000000","","2021”N","00110","","‰¥","00100","","•v","00320","","50`54Î","","2,873","183","202","333","208","243","243","220","230","156","198","379","278"
"10270","","¥ˆ÷Œ”yŒz","2021000000","","2021”N","00110","","‰¥","00100","","•v","00340","","55`59Î","","1,052","63","78","101","75","100","116","91","75","79","64","119","91"
"10270","","¥ˆ÷Œ”yŒz","2021000000","","2021”N","00110","","‰¥","00100","","•v","00350","","60`64Î","","507","36","38","53","30","55","41","44","38","31","27","65","49"
"10270","","¥ˆ÷Œ”yŒz","2021000000","","2021”N","00110","","‰¥","00100","","•v","00360","","65`69Î","","285","17","27","30","22","25","26","14","13","21","24","28","38"
"10270","","¥ˆ÷Œ”yŒz","2021000000","","2021”N","00110","","‰¥","00100","","•v","00370","","70`74Î","","149","7","9","16","15","16","14","5","14","14","15","11","13"
"10270","","¥ˆ÷Œ”yŒz","2021000000","","2021”N","00110","","‰¥","00100","","•v","00380","","75`79Î","","40","3","4","6","2","3","2","6","1","3","2","4","4"
"10270","","¥ˆ÷Œ”yŒz","2021000000","","2021”N","00110","","‰¥","00100","","•v","00390","","80ÎˆÈã","","14","-","1","1","1","2","1","2","-","1","2","2","1"
"10270","","¥ˆ÷Œ”yŒz","2021000000","","2021”N","00110","","‰¥","00100","","•v","00450","","•sÚ","","-","-","-","-","-","-","-","-","-","-","-","-","-"
"10270","","¥ˆ÷Œ”yŒz","2021000000","","2021”N","00110","","‰¥","00110","","È","00100","","‘”","","299,095","16,152","23,121","34,007","18,324","27,128","23,455","25,561","27,298","18,623","19,996","39,136","26,294"
"10270","","¥ˆ÷Œ”yŒz","2021000000","","2021”N","00110","","‰¥","00110","","È","00210","","19ÎˆÈ‰º","","4,225","220","295","417","322","367","387","383","380","352","339","419","344"
"10270","","¥ˆ÷Œ”yŒz","2021000000","","2021”N","00110","","‰¥","00110","","È","00230","","20`24Î","","53,722","2,803","3,898","5,703","3,408","4,583","4,380","4,726","4,888","3,792","3,983","6,475","5,083"
"10270","","¥ˆ÷Œ”yŒz","2021000000","","2021”N","00110","","‰¥","00110","","È","00240","","25`29Î","","131,006","6,651","10,373","15,159","7,881","11,995","10,019","11,167","12,044","8,143","8,776","17,345","11,453"
"10270","","¥ˆ÷Œ”yŒz","2021000000","","2021”N","00110","","‰¥","00110","","È","00250","","30`34Î","","64,245","3,569","5,071","7,447","3,830","5,996","4,816","5,470","5,946","3,727","4,014","8,926","5,433"
"10270","","¥ˆ÷Œ”yŒz","2021000000","","2021”N","00110","","‰¥","00110","","È","00260","","35`39Î","","29,013","1,799","2,216","3,325","1,780","2,663","2,370","2,497","2,649","1,633","1,837","3,812","2,432"
"10270","","¥ˆ÷Œ”yŒz","2021000000","","2021”N","00110","","‰¥","00110","","È","00280","","40`44Î","","10,639","717","810","1,199","682","968","942","871","936","580","660","1,348","926"
"10270","","¥ˆ÷Œ”yŒz","2021000000","","2021”N","00110","","‰¥","00110","","È","00300","","45`49Î","","3,893","252","293","499","251","341","340","290","292","243","227","493","372"
"10270","","¥ˆ÷Œ”yŒz","2021000000","","2021”N","00110","","‰¥","00110","","È","00320","","50`54Î","","1,452","87","100","164","94","132","122","107","103","88","93","205","157"
"10270","","¥ˆ÷Œ”yŒz","2021000000","","2021”N","00110","","‰¥","00110","","È","00340","","55`59Î","","512","33","39","57","35","50","44","26","40","37","32","62","57"
"10270","","¥ˆ÷Œ”yŒz","2021000000","","2021”N","00110","","‰¥","00110","","È","00350","","60`64Î","","196","13","11","19","23","17","18","12","7","10","20","29","17"
"10270","","¥ˆ÷Œ”yŒz","2021000000","","2021”N","00110","","‰¥","00110","","È","00360","","65`69Î","","90","2","9","9","9","7","10","6","8","2","3","11","14"
"10270","","¥ˆ÷Œ”yŒz","2021000000","","2021”N","00110","","‰¥","00110","","È","00370","","70`74Î","","54","3","3","3","5","7","6","3","3","10","4","4","3"
"10270","","¥ˆ÷Œ”yŒz","2021000000","","2021”N","00110","","‰¥","00110","","È","00380","","75`79Î","","31","2","-","3","4","2","-","2","1","4","6","5","2"
"10270","","¥ˆ÷Œ”yŒz","2021000000","","2021”N","00110","","‰¥","00110","","È","00390","","80ÎˆÈã","","17","1","3","3","-","-","1","1","1","2","2","2","1"
"10270","","¥ˆ÷Œ”yŒz","2021000000","","2021”N","00110","","‰¥","00110","","È","00450","","•sÚ","","-","-","-","-","-","-","-","-","-","-","-","-","-"
"10270","","¥ˆ÷Œ”yŒz","2021000000","","2021”N","00120","","Ä¥","00100","","•v","00100","","‘”","","68,034","4,171","4,847","8,171","4,856","5,715","5,505","5,550","6,061","4,346","4,662","8,110","6,040"
"10270","","¥ˆ÷Œ”yŒz","2021000000","","2021”N","00120","","Ä¥","00100","","•v","00210","","19ÎˆÈ‰º","","11","2","-","-","2","1","1","2","-","-","-","3","-"
"10270","","¥ˆ÷Œ”yŒz","2021000000","","2021”N","00120","","Ä¥","00100","","•v","00230","","20`24Î","","952","58","81","91","84","85","78","76","82","60","65","95","97"
"10270","","¥ˆ÷Œ”yŒz","2021000000","","2021”N","00120","","Ä¥","00100","","•v","00240","","25`29Î","","4,766","247","339","549","319","397","372","388","456","329","362","564","444"
"10270","","¥ˆ÷Œ”yŒz","2021000000","","2021”N","00120","","Ä¥","00100","","•v","00250","","30`34Î","","9,863","581","713","1,173","619","825","706","881","944","636","728","1,172","885"
"10270","","¥ˆ÷Œ”yŒz","2021000000","","2021”N","00120","","Ä¥","00100","","•v","00260","","35`39Î","","12,944","785","937","1,620","825","1,068","1,011","1,113","1,235","798","833","1,597","1,122"
"10270","","¥ˆ÷Œ”yŒz","2021000000","","2021”N","00120","","Ä¥","00100","","•v","00280","","40`44Î","","11,382","750","848","1,426","813","999","890","895","1,022","681","741","1,376","941"
"10270","","¥ˆ÷Œ”yŒz","2021000000","","2021”N","00120","","Ä¥","00100","","•v","00300","","45`49Î","","9,652","589","664","1,311","660","812","797","800","853","576","554","1,161","875"
"10270","","¥ˆ÷Œ”yŒz","2021000000","","2021”N","00120","","Ä¥","00100","","•v","00320","","50`54Î","","6,817","434","458","808","535","605","603","527","553","438","441","807","608"
"10270","","¥ˆ÷Œ”yŒz","2021000000","","2021”N","00120","","Ä¥","00100","","•v","00340","","55`59Î","","4,444","272","333","483","379","349","421","336","364","296","310","527","374"
"10270","","¥ˆ÷Œ”yŒz","2021000000","","2021”N","00120","","Ä¥","00100","","•v","00350","","60`64Î","","2,980","201","201","310","244","245","265","221","229","201","225","357","281"
"10270","","¥ˆ÷Œ”yŒz","2021000000","","2021”N","00120","","Ä¥","00100","","•v","00360","","65`69Î","","1,749","106","126","161","156","137","156","141","139","112","150","176","189"
"10270","","¥ˆ÷Œ”yŒz","2021000000","","2021”N","00120","","Ä¥","00100","","•v","00370","","70`74Î","","1,312","64","75","134","114","114","106","109","86","106","138","152","114"
"10270","","¥ˆ÷Œ”yŒz","2021000000","","2021”N","00120","","Ä¥","00100","","•v","00380","","75`79Î","","667","50","37","58","61","47","67","30","61","60","57","76","63"
"10270","","¥ˆ÷Œ”yŒz","2021000000","","2021”N","00120","","Ä¥","00100","","•v","00390","","80ÎˆÈã","","495","32","35","47","45","31","32","31","37","53","58","47","47"
"10270","","¥ˆ÷Œ”yŒz","2021000000","","2021”N","00120","","Ä¥","00100","","•v","00450","","•sÚ","","-","-","-","-","-","-","-","-","-","-","-","-","-"
"10270","","¥ˆ÷Œ”yŒz","2021000000","","2021”N","00120","","Ä¥","00110","","È","00100","","‘”","","59,865","3,746","4,463","7,999","4,432","4,607","4,814","4,833","5,263","3,735","4,010","6,722","5,241"
"10270","","¥ˆ÷Œ”yŒz","2021000000","","2021”N","00120","","Ä¥","00110","","È","00210","","19ÎˆÈ‰º","","47","-","5","4","5","4","2","3","4","4","6","4","6"
"10270","","¥ˆ÷Œ”yŒz","2021000000","","2021”N","00120","","Ä¥","00110","","È","00230","","20`24Î","","1,756","111","125","226","132","145","129","134","150","123","115","182","184"
"10270","","¥ˆ÷Œ”yŒz","2021000000","","2021”N","00120","","Ä¥","00110","","È","00240","","25`29Î","","7,183","464","562","977","452","513","544","593","666","483","511","783","635"
"10270","","¥ˆ÷Œ”yŒz","2021000000","","2021”N","00120","","Ä¥","00110","","È","00250","","30`34Î","","11,386","679","911","1,732","728","814","815","958","1,098","674","704","1,303","970"
"10270","","¥ˆ÷Œ”yŒz","2021000000","","2021”N","00120","","Ä¥","00110","","È","00260","","35`39Î","","11,589","775","920","1,656","844","861","875","971","1,043","661","713","1,323","947"
"10270","","¥ˆ÷Œ”yŒz","2021000000","","2021”N","00120","","Ä¥","00110","","È","00280","","40`44Î","","8,109","479","605","1,167","646","596","718","607","700","486","558","886","661"
"10270","","¥ˆ÷Œ”yŒz","2021000000","","2021”N","00120","","Ä¥","00110","","È","00300","","45`49Î","","7,147","429","500","928","579","618","608","586","608","394","441","797","659"
"10270","","¥ˆ÷Œ”yŒz","2021000000","","2021”N","00120","","Ä¥","00110","","È","00320","","50`54Î","","5,561","381","346","580","442","482","524","463","438","373","350","652","530"
"10270","","¥ˆ÷Œ”yŒz","2021000000","","2021”N","00120","","Ä¥","00110","","È","00340","","55`59Î","","3,159","193","219","347","257","280","285","240","249","203","249","372","265"
"10270","","¥ˆ÷Œ”yŒz","2021000000","","2021”N","00120","","Ä¥","00110","","È","00350","","60`64Î","","1,660","103","125","145","131","132","134","141","144","127","133","186","159"
"10270","","¥ˆ÷Œ”yŒz","2021000000","","2021”N","00120","","Ä¥","00110","","È","00360","","65`69Î","","972","62","70","102","87","79","79","52","60","85","88","110","98"
"10270","","¥ˆ÷Œ”yŒz","2021000000","","2021”N","00120","","Ä¥","00110","","È","00370","","70`74Î","","777","40","43","82","83","48","58","52","70","65","84","75","77"
"10270","","¥ˆ÷Œ”yŒz","2021000000","","2021”N","00120","","Ä¥","00110","","È","00380","","75`79Î","","361","23","26","45","34","26","30","23","24","36","31","34","29"
"10270","","¥ˆ÷Œ”yŒz","2021000000","","2021”N","00120","","Ä¥","00110","","È","00390","","80ÎˆÈã","","158","7","6","8","12","9","13","10","9","21","27","15","21"
"10270","","¥ˆ÷Œ”yŒz","2021000000","","2021”N","00120","","Ä¥","00110","","È","00450","","•sÚ","","-","-","-","-","-","-","-","-","-","-","-","-","-"
"10270","","¥ˆ÷Œ”yŒz","2020000000","","2020”N","00100","","‘”","00100","","•v","00100","","‘”","","393,283","19,945","47,782","30,172","28,034","24,294","33,552","28,260","32,908","25,582","31,867","55,332","35,555"
"10270","","¥ˆ÷Œ”yŒz","2020000000","","2020”N","00100","","‘”","00100","","•v","00210","","19ÎˆÈ‰º","","2,960","141","237","265","281","222","261","264","241","230","231","294","293"
"10270","","¥ˆ÷Œ”yŒz","2020000000","","2020”N","00100","","‘”","00100","","•v","00230","","20`24Î","","44,264","2,182","4,523","3,398","3,331","2,827","3,829","3,507","3,920","3,140","3,870","5,497","4,240"
"10270","","¥ˆ÷Œ”yŒz","2020000000","","2020”N","00100","","‘”","00100","","•v","00240","","25`29Î","","128,783","6,045","16,078","9,845","8,547","8,058","10,643","9,062","10,897","8,340","10,908","18,811","11,549"
"10270","","¥ˆ÷Œ”yŒz","2020000000","","2020”N","00100","","‘”","00100","","•v","00250","","30`34Î","","89,085","4,339","11,249","6,674","6,114","5,494","7,540","6,246","7,622","5,660","6,969","13,391","7,787"
"10270","","¥ˆ÷Œ”yŒz","2020000000","","2020”N","00100","","‘”","00100","","•v","00260","","35`39Î","","53,841","2,790","6,864","3,847","3,835","3,276","4,680","3,864","4,533","3,440","4,150","7,887","4,675"
"10270","","¥ˆ÷Œ”yŒz","2020000000","","2020”N","00100","","‘”","00100","","•v","00280","","40`44Î","","31,010","1,732","4,023","2,478","2,382","1,864","2,775","2,154","2,394","1,891","2,340","4,174","2,803"
"10270","","¥ˆ÷Œ”yŒz","2020000000","","2020”N","00100","","‘”","00100","","•v","00300","","45`49Î","","19,075","1,094","2,381","1,577","1,509","1,142","1,690","1,380","1,456","1,200","1,424","2,451","1,771"
"10270","","¥ˆ÷Œ”yŒz","2020000000","","2020”N","00100","","‘”","00100","","•v","00320","","50`54Î","","9,920","624","1,053","853","830","579","916","687","782","648","723","1,266","959"
"10270","","¥ˆ÷Œ”yŒz","2020000000","","2020”N","00100","","‘”","00100","","•v","00340","","55`59Î","","5,850","359","595","527","508","349","524","419","453","388","456","661","611"
"10270","","¥ˆ÷Œ”yŒz","2020000000","","2020”N","00100","","‘”","00100","","•v","00350","","60`64Î","","3,553","272","342","270","295","177","273","290","259","269","327","409","370"
"10270","","¥ˆ÷Œ”yŒz","2020000000","","2020”N","00100","","‘”","00100","","•v","00360","","65`69Î","","2,158","173","189","191","189","134","197","165","133","161","180","223","223"
"10270","","¥ˆ÷Œ”yŒz","2020000000","","2020”N","00100","","‘”","00100","","•v","00370","","70`74Î","","1,515","110","134","120","128","95","127","116","124","121","144","146","150"
"10270","","¥ˆ÷Œ”yŒz","2020000000","","2020”N","00100","","‘”","00100","","•v","00380","","75`79Î","","722","50","58","70","52","42","54","62","53","56","77","69","79"
"10270","","¥ˆ÷Œ”yŒz","2020000000","","2020”N","00100","","‘”","00100","","•v","00390","","80ÎˆÈã","","546","34","55","57","33","35","43","44","41","38","68","53","45"
"10270","","¥ˆ÷Œ”yŒz","2020000000","","2020”N","00100","","‘”","00100","","•v","00450","","•sÚ","","1","-","1","-","-","-","-","-","-","-","-","-","-"
"10270","","¥ˆ÷Œ”yŒz","2020000000","","2020”N","00100","","‘”","00110","","È","00100","","‘”","","393,283","19,945","47,782","30,172","28,034","24,294","33,552","28,260","32,908","25,582","31,867","55,332","35,555"
"10270","","¥ˆ÷Œ”yŒz","2020000000","","2020”N","00100","","‘”","00110","","È","00210","","19ÎˆÈ‰º","","5,327","272","432","439","472","384","489","486","471","396","441","543","502"
"10270","","¥ˆ÷Œ”yŒz","2020000000","","2020”N","00100","","‘”","00110","","È","00230","","20`24Î","","61,415","2,957","6,448","4,711","4,596","3,918","5,264","4,813","5,341","4,325","5,406","7,812","5,824"
"10270","","¥ˆ÷Œ”yŒz","2020000000","","2020”N","00100","","‘”","00110","","È","00240","","25`29Î","","149,290","7,053","18,783","11,285","9,919","9,296","12,251","10,456","12,666","9,668","12,436","22,121","13,356"
"10270","","¥ˆ÷Œ”yŒz","2020000000","","2020”N","00100","","‘”","00110","","È","00250","","30`34Î","","84,457","4,182","10,911","6,325","5,817","5,096","7,242","5,823","7,178","5,225","6,468","12,827","7,363"
"10270","","¥ˆ÷Œ”yŒz","2020000000","","2020”N","00100","","‘”","00110","","È","00260","","35`39Î","","44,845","2,478","5,713","3,460","3,312","2,780","3,960","3,219","3,661","2,820","3,424","6,104","3,914"
"10270","","¥ˆ÷Œ”yŒz","2020000000","","2020”N","00100","","‘”","00110","","È","00280","","40`44Î","","20,784","1,273","2,615","1,751","1,625","1,212","1,872","1,458","1,582","1,266","1,506","2,692","1,932"
"10270","","¥ˆ÷Œ”yŒz","2020000000","","2020”N","00100","","‘”","00110","","È","00300","","45`49Î","","11,968","762","1,395","982","1,053","699","1,124","823","874","802","863","1,488","1,103"
"10270","","¥ˆ÷Œ”yŒz","2020000000","","2020”N","00100","","‘”","00110","","È","00320","","50`54Î","","6,960","420","737","575","556","424","630","509","525","488","541","841","714"
"10270","","¥ˆ÷Œ”yŒz","2020000000","","2020”N","00100","","‘”","00110","","È","00340","","55`59Î","","3,653","238","355","301","314","199","314","305","264","245","308","436","374"
"10270","","¥ˆ÷Œ”yŒz","2020000000","","2020”N","00100","","‘”","00110","","È","00350","","60`64Î","","1,878","129","153","132","149","134","156","143","139","144","193","203","203"
"10270","","¥ˆ÷Œ”yŒz","2020000000","","2020”N","00100","","‘”","00110","","È","00360","","65`69Î","","1,219","83","108","89","109","69","128","100","93","79","120","123","118"
"10270","","¥ˆ÷Œ”yŒz","2020000000","","2020”N","00100","","‘”","00110","","È","00370","","70`74Î","","862","55","71","70","68","41","79","68","70","74","80","82","104"
"10270","","¥ˆ÷Œ”yŒz","2020000000","","2020”N","00100","","‘”","00110","","È","00380","","75`79Î","","432","28","47","38","30","29","30","37","26","31","59","45","32"
"10270","","¥ˆ÷Œ”yŒz","2020000000","","2020”N","00100","","‘”","00110","","È","00390","","80ÎˆÈã","","192","15","13","14","14","13","13","20","18","19","22","15","16"
"10270","","¥ˆ÷Œ”yŒz","2020000000","","2020”N","00100","","‘”","00110","","È","00450","","•sÚ","","1","-","1","-","-","-","-","-","-","-","-","-","-"
"10270","","¥ˆ÷Œ”yŒz","2020000000","","2020”N","00110","","‰¥","00100","","•v","00100","","‘”","","319,347","15,519","39,558","23,958","22,156","19,901","27,191","22,660","26,808","20,655","26,078","46,208","28,655"
"10270","","¥ˆ÷Œ”yŒz","2020000000","","2020”N","00110","","‰¥","00100","","•v","00210","","19ÎˆÈ‰º","","2,943","141","235","264","280","222","259","263","241","227","228","292","291"
"10270","","¥ˆ÷Œ”yŒz","2020000000","","2020”N","00110","","‰¥","00100","","•v","00230","","20`24Î","","43,149","2,118","4,446","3,320","3,245","2,764","3,742","3,386","3,821","3,050","3,758","5,379","4,120"
"10270","","¥ˆ÷Œ”yŒz","2020000000","","2020”N","00110","","‰¥","00100","","•v","00240","","25`29Î","","123,519","5,787","15,561","9,404","8,164","7,717","10,188","8,631","10,438","7,984","10,436","18,151","11,058"
"10270","","¥ˆ÷Œ”yŒz","2020000000","","2020”N","00110","","‰¥","00100","","•v","00250","","30`34Î","","78,103","3,724","9,988","5,741","5,302","4,838","6,635","5,410","6,625","4,935","6,154","11,906","6,845"
"10270","","¥ˆ÷Œ”yŒz","2020000000","","2020”N","00110","","‰¥","00100","","•v","00260","","35`39Î","","39,795","1,994","5,213","2,742","2,782","2,450","3,479","2,795","3,289","2,499","3,046","6,074","3,432"
"10270","","¥ˆ÷Œ”yŒz","2020000000","","2020”N","00110","","‰¥","00100","","•v","00280","","40`44Î","","18,409","978","2,416","1,384","1,372","1,097","1,687","1,260","1,395","1,141","1,418","2,612","1,649"
"10270","","¥ˆ÷Œ”yŒz","2020000000","","2020”N","00110","","‰¥","00100","","•v","00300","","45`49Î","","8,477","476","1,163","680","604","531","750","580","636","492","655","1,152","758"
"10270","","¥ˆ÷Œ”yŒz","2020000000","","2020”N","00110","","‰¥","00100","","•v","00320","","50`54Î","","2,839","171","315","242","227","173","258","167","230","169","201","401","285"
"10270","","¥ˆ÷Œ”yŒz","2020000000","","2020”N","00110","","‰¥","00100","","•v","00340","","55`59Î","","1,120","63","108","108","91","61","109","84","79","84","86","131","116"
"10270","","¥ˆ÷Œ”yŒz","2020000000","","2020”N","00110","","‰¥","00100","","•v","00350","","60`64Î","","553","33","56","36","51","22","52","40","24","41","59","80","59"
"10270","","¥ˆ÷Œ”yŒz","2020000000","","2020”N","00110","","‰¥","00100","","•v","00360","","65`69Î","","255","15","33","25","28","12","20","24","15","20","22","20","21"
"10270","","¥ˆ÷Œ”yŒz","2020000000","","2020”N","00110","","‰¥","00100","","•v","00370","","70`74Î","","120","13","16","8","8","9","5","16","6","7","9","7","16"
"10270","","¥ˆ÷Œ”yŒz","2020000000","","2020”N","00110","","‰¥","00100","","•v","00380","","75`79Î","","47","4","5","3","1","4","6","1","8","4","5","2","4"
"10270","","¥ˆ÷Œ”yŒz","2020000000","","2020”N","00110","","‰¥","00100","","•v","00390","","80ÎˆÈã","","17","2","2","1","1","1","1","3","1","2","1","1","1"
"10270","","¥ˆ÷Œ”yŒz","2020000000","","2020”N","00110","","‰¥","00100","","•v","00450","","•sÚ","","1","-","1","-","-","-","-","-","-","-","-","-","-"
"10270","","¥ˆ÷Œ”yŒz","2020000000","","2020”N","00110","","‰¥","00110","","È","00100","","‘”","","328,670","16,020","40,665","23,763","22,736","20,717","28,206","23,368","27,692","21,284","26,784","47,843","29,592"
"10270","","¥ˆ÷Œ”yŒz","2020000000","","2020”N","00110","","‰¥","00110","","È","00210","","19ÎˆÈ‰º","","5,256","270","428","429","470","379","482","481","469","390","435","530","493"
"10270","","¥ˆ÷Œ”yŒz","2020000000","","2020”N","00110","","‰¥","00110","","È","00230","","20`24Î","","59,320","2,826","6,253","4,538","4,453","3,800","5,091","4,642","5,165","4,155","5,197","7,577","5,623"
"10270","","¥ˆ÷Œ”yŒz","2020000000","","2020”N","00110","","‰¥","00110","","È","00240","","25`29Î","","141,559","6,617","17,980","10,490","9,340","8,889","11,666","9,815","11,988","9,092","11,806","21,240","12,636"
"10270","","¥ˆ÷Œ”yŒz","2020000000","","2020”N","00110","","‰¥","00110","","È","00250","","30`34Î","","71,833","3,469","9,367","4,992","4,794","4,457","6,298","4,918","6,063","4,436","5,510","11,245","6,284"
"10270","","¥ˆ÷Œ”yŒz","2020000000","","2020”N","00110","","‰¥","00110","","È","00260","","35`39Î","","32,307","1,698","4,235","2,105","2,288","2,095","2,924","2,306","2,642","2,052","2,455","4,686","2,821"
"10270","","¥ˆ÷Œ”yŒz","2020000000","","2020”N","00110","","‰¥","00110","","È","00280","","40`44Î","","11,848","722","1,591","783","868","704","1,109","810","906","729","861","1,680","1,085"
"10270","","¥ˆ÷Œ”yŒz","2020000000","","2020”N","00110","","‰¥","00110","","È","00300","","45`49Î","","4,245","283","540","258","332","264","436","259","294","277","306","595","401"
"10270","","¥ˆ÷Œ”yŒz","2020000000","","2020”N","00110","","‰¥","00110","","È","00320","","50`54Î","","1,392","83","176","93","106","79","122","70","105","89","127","200","142"
"10270","","¥ˆ÷Œ”yŒz","2020000000","","2020”N","00110","","‰¥","00110","","È","00340","","55`59Î","","507","20","61","47","55","24","40","31","36","35","46","55","57"
"10270","","¥ˆ÷Œ”yŒz","2020000000","","2020”N","00110","","‰¥","00110","","È","00350","","60`64Î","","212","19","14","15","17","13","19","19","14","15","21","19","27"
"10270","","¥ˆ÷Œ”yŒz","2020000000","","2020”N","00110","","‰¥","00110","","È","00360","","65`69Î","","91","7","9","9","8","6","7","7","7","9","7","7","8"
"10270","","¥ˆ÷Œ”yŒz","2020000000","","2020”N","00110","","‰¥","00110","","È","00370","","70`74Î","","59","4","5","1","3","5","7","7","1","3","7","4","12"
"10270","","¥ˆ÷Œ”yŒz","2020000000","","2020”N","00110","","‰¥","00110","","È","00380","","75`79Î","","29","2","3","2","2","2","3","2","1","1","4","4","3"
"10270","","¥ˆ÷Œ”yŒz","2020000000","","2020”N","00110","","‰¥","00110","","È","00390","","80ÎˆÈã","","11","-","2","1","-","-","2","1","1","1","2","1","-"
"10270","","¥ˆ÷Œ”yŒz","2020000000","","2020”N","00110","","‰¥","00110","","È","00450","","•sÚ","","1","-","1","-","-","-","-","-","-","-","-","-","-"
"10270","","¥ˆ÷Œ”yŒz","2020000000","","2020”N","00120","","Ä¥","00100","","•v","00100","","‘”","","73,936","4,426","8,224","6,214","5,878","4,393","6,361","5,600","6,100","4,927","5,789","9,124","6,900"
"10270","","¥ˆ÷Œ”yŒz","2020000000","","2020”N","00120","","Ä¥","00100","","•v","00210","","19ÎˆÈ‰º","","17","-","2","1","1","-","2","1","-","3","3","2","2"
"10270","","¥ˆ÷Œ”yŒz","2020000000","","2020”N","00120","","Ä¥","00100","","•v","00230","","20`24Î","","1,115","64","77","78","86","63","87","121","99","90","112","118","120"
"10270","","¥ˆ÷Œ”yŒz","2020000000","","2020”N","00120","","Ä¥","00100","","•v","00240","","25`29Î","","5,264","258","517","441","383","341","455","431","459","356","472","660","491"
"10270","","¥ˆ÷Œ”yŒz","2020000000","","2020”N","00120","","Ä¥","00100","","•v","00250","","30`34Î","","10,982","615","1,261","933","812","656","905","836","997","725","815","1,485","942"
"10270","","¥ˆ÷Œ”yŒz","2020000000","","2020”N","00120","","Ä¥","00100","","•v","00260","","35`39Î","","14,046","796","1,651","1,105","1,053","826","1,201","1,069","1,244","941","1,104","1,813","1,243"
"10270","","¥ˆ÷Œ”yŒz","2020000000","","2020”N","00120","","Ä¥","00100","","•v","00280","","40`44Î","","12,601","754","1,607","1,094","1,010","767","1,088","894","999","750","922","1,562","1,154"
"10270","","¥ˆ÷Œ”yŒz","2020000000","","2020”N","00120","","Ä¥","00100","","•v","00300","","45`49Î","","10,598","618","1,218","897","905","611","940","800","820","708","769","1,299","1,013"
"10270","","¥ˆ÷Œ”yŒz","2020000000","","2020”N","00120","","Ä¥","00100","","•v","00320","","50`54Î","","7,081","453","738","611","603","406","658","520","552","479","522","865","674"
"10270","","¥ˆ÷Œ”yŒz","2020000000","","2020”N","00120","","Ä¥","00100","","•v","00340","","55`59Î","","4,730","296","487","419","417","288","415","335","374","304","370","530","495"
"10270","","¥ˆ÷Œ”yŒz","2020000000","","2020”N","00120","","Ä¥","00100","","•v","00350","","60`64Î","","3,000","239","286","234","244","155","221","250","235","228","268","329","311"
"10270","","¥ˆ÷Œ”yŒz","2020000000","","2020”N","00120","","Ä¥","00100","","•v","00360","","65`69Î","","1,903","158","156","166","161","122","177","141","118","141","158","203","202"
"10270","","¥ˆ÷Œ”yŒz","2020000000","","2020”N","00120","","Ä¥","00100","","•v","00370","","70`74Î","","1,395","97","118","112","120","86","122","100","118","114","135","139","134"
"10270","","¥ˆ÷Œ”yŒz","2020000000","","2020”N","00120","","Ä¥","00100","","•v","00380","","75`79Î","","675","46","53","67","51","38","48","61","45","52","72","67","75"
"10270","","¥ˆ÷Œ”yŒz","2020000000","","2020”N","00120","","Ä¥","00100","","•v","00390","","80ÎˆÈã","","529","32","53","56","32","34","42","41","40","36","67","52","44"
"10270","","¥ˆ÷Œ”yŒz","2020000000","","2020”N","00120","","Ä¥","00100","","•v","00450","","•sÚ","","-","-","-","-","-","-","-","-","-","-","-","-","-"
"10270","","¥ˆ÷Œ”yŒz","2020000000","","2020”N","00120","","Ä¥","00110","","È","00100","","‘”","","64,613","3,925","7,117","6,409","5,298","3,577","5,346","4,892","5,216","4,298","5,083","7,489","5,963"
"10270","","¥ˆ÷Œ”yŒz","2020000000","","2020”N","00120","","Ä¥","00110","","È","00210","","19ÎˆÈ‰º","","71","2","4","10","2","5","7","5","2","6","6","13","9"
"10270","","¥ˆ÷Œ”yŒz","2020000000","","2020”N","00120","","Ä¥","00110","","È","00230","","20`24Î","","2,095","131","195","173","143","118","173","171","176","170","209","235","201"
"10270","","¥ˆ÷Œ”yŒz","2020000000","","2020”N","00120","","Ä¥","00110","","È","00240","","25`29Î","","7,731","436","803","795","579","407","585","641","678","576","630","881","720"
"10270","","¥ˆ÷Œ”yŒz","2020000000","","2020”N","00120","","Ä¥","00110","","È","00250","","30`34Î","","12,624","713","1,544","1,333","1,023","639","944","905","1,115","789","958","1,582","1,079"
"10270","","¥ˆ÷Œ”yŒz","2020000000","","2020”N","00120","","Ä¥","00110","","È","00260","","35`39Î","","12,538","780","1,478","1,355","1,024","685","1,036","913","1,019","768","969","1,418","1,093"
"10270","","¥ˆ÷Œ”yŒz","2020000000","","2020”N","00120","","Ä¥","00110","","È","00280","","40`44Î","","8,936","551","1,024","968","757","508","763","648","676","537","645","1,012","847"
"10270","","¥ˆ÷Œ”yŒz","2020000000","","2020”N","00120","","Ä¥","00110","","È","00300","","45`49Î","","7,723","479","855","724","721","435","688","564","580","525","557","893","702"
"10270","","¥ˆ÷Œ”yŒz","2020000000","","2020”N","00120","","Ä¥","00110","","È","00320","","50`54Î","","5,568","337","561","482","450","345","508","439","420","399","414","641","572"
"10270","","¥ˆ÷Œ”yŒz","2020000000","","2020”N","00120","","Ä¥","00110","","È","00340","","55`59Î","","3,146","218","294","254","259","175","274","274","228","210","262","381","317"
"10270","","¥ˆ÷Œ”yŒz","2020000000","","2020”N","00120","","Ä¥","00110","","È","00350","","60`64Î","","1,666","110","139","117","132","121","137","124","125","129","172","184","176"
"10270","","¥ˆ÷Œ”yŒz","2020000000","","2020”N","00120","","Ä¥","00110","","È","00360","","65`69Î","","1,128","76","99","80","101","63","121","93","86","70","113","116","110"
"10270","","¥ˆ÷Œ”yŒz","2020000000","","2020”N","00120","","Ä¥","00110","","È","00370","","70`74Î","","803","51","66","69","65","36","72","61","69","71","73","78","92"
"10270","","¥ˆ÷Œ”yŒz","2020000000","","2020”N","00120","","Ä¥","00110","","È","00380","","75`79Î","","403","26","44","36","28","27","27","35","25","30","55","41","29"
"10270","","¥ˆ÷Œ”yŒz","2020000000","","2020”N","00120","","Ä¥","00110","","È","00390","","80ÎˆÈã","","181","15","11","13","14","13","11","19","17","18","20","14","16"
"10270","","¥ˆ÷Œ”yŒz","2020000000","","2020”N","00120","","Ä¥","00110","","È","00450","","•sÚ","","-","-","-","-","-","-","-","-","-","-","-","-","-"
"10270","","¥ˆ÷Œ”yŒz","2019000000","","2019”N","00100","","‘”","00100","","•v","00100","","‘”","","456,958","22,683","29,234","38,286","26,702","67,720","32,997","33,052","33,444","37,714","30,781","62,993","41,352"
"10270","","¥ˆ÷Œ”yŒz","2019000000","","2019”N","00100","","‘”","00100","","•v","00210","","19ÎˆÈ‰º","","3,474","177","201","268","264","400","301","299","283","309","283","348","341"
"10270","","¥ˆ÷Œ”yŒz","2019000000","","2019”N","00100","","‘”","00100","","•v","00230","","20`24Î","","48,945","2,380","3,056","3,905","2,961","5,963","3,870","3,872","3,799","4,361","3,718","6,264","4,796"
"10270","","¥ˆ÷Œ”yŒz","2019000000","","2019”N","00100","","‘”","00100","","•v","00240","","25`29Î","","144,839","6,811","9,788","12,283","8,190","21,074","10,204","10,478","10,721","12,176","9,818","20,479","12,817"
"10270","","¥ˆ÷Œ”yŒz","2019000000","","2019”N","00100","","‘”","00100","","•v","00250","","30`34Î","","105,476","5,226","6,865","8,979","5,968","16,359","7,201","7,336","7,670","8,611","6,688","15,338","9,235"
"10270","","¥ˆ÷Œ”yŒz","2019000000","","2019”N","00100","","‘”","00100","","•v","00260","","35`39Î","","64,271","3,301","3,929","5,310","3,588","10,280","4,526","4,545","4,604","5,189","4,151","8,998","5,850"
"10270","","¥ˆ÷Œ”yŒz","2019000000","","2019”N","00100","","‘”","00100","","•v","00280","","40`44Î","","38,168","2,097","2,359","3,205","2,299","6,020","2,793","2,639","2,609","3,089","2,374","5,177","3,507"
"10270","","¥ˆ÷Œ”yŒz","2019000000","","2019”N","00100","","‘”","00100","","•v","00300","","45`49Î","","22,982","1,181","1,353","1,994","1,457","3,594","1,776","1,665","1,636","1,739","1,506","2,989","2,092"
"10270","","¥ˆ÷Œ”yŒz","2019000000","","2019”N","00100","","‘”","00100","","•v","00320","","50`54Î","","11,822","603","663","932","766","1,858","941","861","841","930","844","1,487","1,096"
"10270","","¥ˆ÷Œ”yŒz","2019000000","","2019”N","00100","","‘”","00100","","•v","00340","","55`59Î","","6,962","324","384","583","449","1,009","572","526","513","525","552","868","657"
"10270","","¥ˆ÷Œ”yŒz","2019000000","","2019”N","00100","","‘”","00100","","•v","00350","","60`64Î","","4,248","236","252","347","277","549","343","352","324","337","353","477","401"
"10270","","¥ˆ÷Œ”yŒz","2019000000","","2019”N","00100","","‘”","00100","","•v","00360","","65`69Î","","2,729","166","186","218","216","316","222","221","222","213","227","274","248"
"10270","","¥ˆ÷Œ”yŒz","2019000000","","2019”N","00100","","‘”","00100","","•v","00370","","70`74Î","","1,661","83","101","141","156","164","128","130","124","132","148","175","179"
"10270","","¥ˆ÷Œ”yŒz","2019000000","","2019”N","00100","","‘”","00100","","•v","00380","","75`79Î","","800","58","50","76","68","66","70","74","61","68","67","67","75"
"10270","","¥ˆ÷Œ”yŒz","2019000000","","2019”N","00100","","‘”","00100","","•v","00390","","80ÎˆÈã","","580","40","47","45","43","68","49","54","37","35","52","52","58"
"10270","","¥ˆ÷Œ”yŒz","2019000000","","2019”N","00100","","‘”","00100","","•v","00450","","•sÚ","","1","-","-","-","-","-","1","-","-","-","-","-","-"
"10270","","¥ˆ÷Œ”yŒz","2019000000","","2019”N","00100","","‘”","00110","","È","00100","","‘”","","456,958","22,683","29,234","38,286","26,702","67,720","32,997","33,052","33,444","37,714","30,781","62,993","41,352"
"10270","","¥ˆ÷Œ”yŒz","2019000000","","2019”N","00100","","‘”","00110","","È","00210","","19ÎˆÈ‰º","","6,254","300","350","455","478","758","529","544","518","558","493","665","606"
"10270","","¥ˆ÷Œ”yŒz","2019000000","","2019”N","00100","","‘”","00110","","È","00230","","20`24Î","","69,972","3,456","4,399","5,591","4,065","8,950","5,446","5,491","5,343","6,099","5,276","9,069","6,787"
"10270","","¥ˆ÷Œ”yŒz","2019000000","","2019”N","00100","","‘”","00110","","È","00240","","25`29Î","","169,940","7,971","11,303","14,385","9,495","25,429","11,781","12,141","12,401","14,180","11,403","24,464","14,987"
"10270","","¥ˆ÷Œ”yŒz","2019000000","","2019”N","00100","","‘”","00110","","È","00250","","30`34Î","","100,823","5,031","6,541","8,625","5,692","15,770","6,998","6,937","7,331","8,244","6,325","14,393","8,936"
"10270","","¥ˆ÷Œ”yŒz","2019000000","","2019”N","00100","","‘”","00110","","È","00260","","35`39Î","","53,507","2,928","3,390","4,488","3,204","8,274","3,883","3,770","3,916","4,261","3,342","7,252","4,799"
"10270","","¥ˆ÷Œ”yŒz","2019000000","","2019”N","00100","","‘”","00110","","È","00280","","40`44Î","","25,392","1,383","1,465","2,223","1,624","3,987","1,869","1,834","1,739","1,980","1,657","3,327","2,304"
"10270","","¥ˆ÷Œ”yŒz","2019000000","","2019”N","00100","","‘”","00110","","È","00300","","45`49Î","","14,256","706","801","1,177","961","2,168","1,148","1,057","990","1,115","961","1,894","1,278"
"10270","","¥ˆ÷Œ”yŒz","2019000000","","2019”N","00100","","‘”","00110","","È","00320","","50`54Î","","7,927","412","419","621","530","1,293","594","563","549","616","589","961","780"
"10270","","¥ˆ÷Œ”yŒz","2019000000","","2019”N","00100","","‘”","00110","","È","00340","","55`59Î","","4,016","193","241","297","263","561","336","317","284","322","316","502","384"
"10270","","¥ˆ÷Œ”yŒz","2019000000","","2019”N","00100","","‘”","00110","","È","00350","","60`64Î","","2,044","115","115","170","152","246","179","156","162","159","174","210","206"
"10270","","¥ˆ÷Œ”yŒz","2019000000","","2019”N","00100","","‘”","00110","","È","00360","","65`69Î","","1,344","97","105","129","112","134","108","117","95","84","116","114","133"
"10270","","¥ˆ÷Œ”yŒz","2019000000","","2019”N","00100","","‘”","00110","","È","00370","","70`74Î","","848","48","55","65","69","89","79","66","72","55","74","88","88"
"10270","","¥ˆ÷Œ”yŒz","2019000000","","2019”N","00100","","‘”","00110","","È","00380","","75`79Î","","431","30","28","38","43","43","33","45","26","26","42","38","39"
"10270","","¥ˆ÷Œ”yŒz","2019000000","","2019”N","00100","","‘”","00110","","È","00390","","80ÎˆÈã","","204","13","22","22","14","18","14","14","18","15","13","16","25"
"10270","","¥ˆ÷Œ”yŒz","2019000000","","2019”N","00100","","‘”","00110","","È","00450","","•sÚ","","-","-","-","-","-","-","-","-","-","-","-","-","-"
"10270","","¥ˆ÷Œ”yŒz","2019000000","","2019”N","00110","","‰¥","00100","","•v","00100","","‘”","","370,969","18,089","23,996","30,810","21,197","55,659","26,480","26,614","26,806","30,910","24,863","52,323","33,222"
"10270","","¥ˆ÷Œ”yŒz","2019000000","","2019”N","00110","","‰¥","00100","","•v","00210","","19ÎˆÈ‰º","","3,458","173","200","267","263","400","299","299","282","307","282","347","339"
"10270","","¥ˆ÷Œ”yŒz","2019000000","","2019”N","00110","","‰¥","00100","","•v","00230","","20`24Î","","47,627","2,322","2,968","3,826","2,882","5,824","3,755","3,757","3,687","4,238","3,594","6,117","4,657"
"10270","","¥ˆ÷Œ”yŒz","2019000000","","2019”N","00110","","‰¥","00100","","•v","00240","","25`29Î","","139,243","6,539","9,444","11,862","7,879","20,399","9,793","10,011","10,269","11,664","9,397","19,753","12,233"
"10270","","¥ˆ÷Œ”yŒz","2019000000","","2019”N","00110","","‰¥","00100","","•v","00250","","30`34Î","","93,060","4,569","6,115","7,885","5,230","14,701","6,290","6,419","6,666","7,580","5,877","13,689","8,039"
"10270","","¥ˆ÷Œ”yŒz","2019000000","","2019”N","00110","","‰¥","00100","","•v","00260","","35`39Î","","47,930","2,415","2,874","3,852","2,603","7,999","3,336","3,333","3,294","3,874","3,109","6,938","4,303"
"10270","","¥ˆ÷Œ”yŒz","2019000000","","2019”N","00110","","‰¥","00100","","•v","00280","","40`44Î","","23,129","1,233","1,417","1,808","1,346","3,788","1,710","1,611","1,465","1,916","1,454","3,251","2,130"
"10270","","¥ˆ÷Œ”yŒz","2019000000","","2019”N","00110","","‰¥","00100","","•v","00300","","45`49Î","","10,413","532","643","825","614","1,650","818","732","715","819","698","1,428","939"
"10270","","¥ˆ÷Œ”yŒz","2019000000","","2019”N","00110","","‰¥","00100","","•v","00320","","50`54Î","","3,446","175","188","267","212","526","287","228","239","287","246","469","322"
"10270","","¥ˆ÷Œ”yŒz","2019000000","","2019”N","00110","","‰¥","00100","","•v","00340","","55`59Î","","1,447","60","83","119","83","222","101","120","87","115","117","189","151"
"10270","","¥ˆ÷Œ”yŒz","2019000000","","2019”N","00110","","‰¥","00100","","•v","00350","","60`64Î","","653","36","34","53","35","96","41","65","49","61","41","83","59"
"10270","","¥ˆ÷Œ”yŒz","2019000000","","2019”N","00110","","‰¥","00100","","•v","00360","","65`69Î","","372","30","15","33","38","37","30","26","37","30","34","34","28"
"10270","","¥ˆ÷Œ”yŒz","2019000000","","2019”N","00110","","‰¥","00100","","•v","00370","","70`74Î","","133","2","11","10","8","12","14","9","12","11","13","16","15"
"10270","","¥ˆ÷Œ”yŒz","2019000000","","2019”N","00110","","‰¥","00100","","•v","00380","","75`79Î","","40","2","2","3","4","2","2","3","4","6","1","6","5"
"10270","","¥ˆ÷Œ”yŒz","2019000000","","2019”N","00110","","‰¥","00100","","•v","00390","","80ÎˆÈã","","18","1","2","-","-","3","4","1","-","2","-","3","2"
"10270","","¥ˆ÷Œ”yŒz","2019000000","","2019”N","00110","","‰¥","00100","","•v","00450","","•sÚ","","-","-","-","-","-","-","-","-","-","-","-","-","-"
"10270","","¥ˆ÷Œ”yŒz","2019000000","","2019”N","00110","","‰¥","00110","","È","00100","","‘”","","382,421","18,535","24,483","30,788","21,524","58,017","27,560","27,563","27,804","31,906","25,719","54,171","34,351"
"10270","","¥ˆ÷Œ”yŒz","2019000000","","2019”N","00110","","‰¥","00110","","È","00210","","19ÎˆÈ‰º","","6,194","296","349","451","472","752","522","538","512","549","491","661","601"
"10270","","¥ˆ÷Œ”yŒz","2019000000","","2019”N","00110","","‰¥","00110","","È","00230","","20`24Î","","67,627","3,332","4,251","5,385","3,906","8,683","5,278","5,314","5,154","5,880","5,105","8,792","6,547"
"10270","","¥ˆ÷Œ”yŒz","2019000000","","2019”N","00110","","‰¥","00110","","È","00240","","25`29Î","","161,074","7,459","10,697","13,452","8,927","24,482","11,194","11,481","11,717","13,467","10,757","23,349","14,092"
"10270","","¥ˆ÷Œ”yŒz","2019000000","","2019”N","00110","","‰¥","00110","","È","00250","","30`34Î","","86,327","4,213","5,523","6,958","4,736","14,040","6,017","5,937","6,174","7,109","5,414","12,647","7,559"
"10270","","¥ˆ÷Œ”yŒz","2019000000","","2019”N","00110","","‰¥","00110","","È","00260","","35`39Î","","38,970","2,083","2,363","2,905","2,172","6,410","2,852","2,738","2,769","3,174","2,450","5,580","3,474"
"10270","","¥ˆ÷Œ”yŒz","2019000000","","2019”N","00110","","‰¥","00110","","È","00280","","40`44Î","","14,622","783","869","1,099","837","2,438","1,112","1,011","953","1,142","972","2,059","1,347"
"10270","","¥ˆ÷Œ”yŒz","2019000000","","2019”N","00110","","‰¥","00110","","È","00300","","45`49Î","","5,026","237","288","342","294","817","384","363","336","403","337","747","478"
"10270","","¥ˆ÷Œ”yŒz","2019000000","","2019”N","00110","","‰¥","00110","","È","00320","","50`54Î","","1,577","83","75","118","95","273","112","100","116","114","124","214","153"
"10270","","¥ˆ÷Œ”yŒz","2019000000","","2019”N","00110","","‰¥","00110","","È","00340","","55`59Î","","563","24","41","42","43","79","50","48","40","37","33","72","54"
"10270","","¥ˆ÷Œ”yŒz","2019000000","","2019”N","00110","","‰¥","00110","","È","00350","","60`64Î","","228","14","10","13","22","24","23","16","13","15","21","25","32"
"10270","","¥ˆ÷Œ”yŒz","2019000000","","2019”N","00110","","‰¥","00110","","È","00360","","65`69Î","","113","5","13","16","12","9","5","12","12","6","8","9","6"
"10270","","¥ˆ÷Œ”yŒz","2019000000","","2019”N","00110","","‰¥","00110","","È","00370","","70`74Î","","59","3","2","3","5","7","3","3","6","7","3","11","6"
"10270","","¥ˆ÷Œ”yŒz","2019000000","","2019”N","00110","","‰¥","00110","","È","00380","","75`79Î","","28","2","1","2","2","2","6","2","-","2","4","3","2"
"10270","","¥ˆ÷Œ”yŒz","2019000000","","2019”N","00110","","‰¥","00110","","È","00390","","80ÎˆÈã","","13","1","1","2","1","1","2","-","2","1","-","2","-"
"10270","","¥ˆ÷Œ”yŒz","2019000000","","2019”N","00110","","‰¥","00110","","È","00450","","•sÚ","","-","-","-","-","-","-","-","-","-","-","-","-","-"
"10270","","¥ˆ÷Œ”yŒz","2019000000","","2019”N","00120","","Ä¥","00100","","•v","00100","","‘”","","85,989","4,594","5,238","7,476","5,505","12,061","6,517","6,438","6,638","6,804","5,918","10,670","8,130"
"10270","","¥ˆ÷Œ”yŒz","2019000000","","2019”N","00120","","Ä¥","00100","","•v","00210","","19ÎˆÈ‰º","","16","4","1","1","1","-","2","-","1","2","1","1","2"
"10270","","¥ˆ÷Œ”yŒz","2019000000","","2019”N","00120","","Ä¥","00100","","•v","00230","","20`24Î","","1,318","58","88","79","79","139","115","115","112","123","124","147","139"
"10270","","¥ˆ÷Œ”yŒz","2019000000","","2019”N","00120","","Ä¥","00100","","•v","00240","","25`29Î","","5,596","272","344","421","311","675","411","467","452","512","421","726","584"
"10270","","¥ˆ÷Œ”yŒz","2019000000","","2019”N","00120","","Ä¥","00100","","•v","00250","","30`34Î","","12,416","657","750","1,094","738","1,658","911","917","1,004","1,031","811","1,649","1,196"
"10270","","¥ˆ÷Œ”yŒz","2019000000","","2019”N","00120","","Ä¥","00100","","•v","00260","","35`39Î","","16,341","886","1,055","1,458","985","2,281","1,190","1,212","1,310","1,315","1,042","2,060","1,547"
"10270","","¥ˆ÷Œ”yŒz","2019000000","","2019”N","00120","","Ä¥","00100","","•v","00280","","40`44Î","","15,039","864","942","1,397","953","2,232","1,083","1,028","1,144","1,173","920","1,926","1,377"
"10270","","¥ˆ÷Œ”yŒz","2019000000","","2019”N","00120","","Ä¥","00100","","•v","00300","","45`49Î","","12,569","649","710","1,169","843","1,944","958","933","921","920","808","1,561","1,153"
"10270","","¥ˆ÷Œ”yŒz","2019000000","","2019”N","00120","","Ä¥","00100","","•v","00320","","50`54Î","","8,376","428","475","665","554","1,332","654","633","602","643","598","1,018","774"
"10270","","¥ˆ÷Œ”yŒz","2019000000","","2019”N","00120","","Ä¥","00100","","•v","00340","","55`59Î","","5,515","264","301","464","366","787","471","406","426","410","435","679","506"
"10270","","¥ˆ÷Œ”yŒz","2019000000","","2019”N","00120","","Ä¥","00100","","•v","00350","","60`64Î","","3,595","200","218","294","242","453","302","287","275","276","312","394","342"
"10270","","¥ˆ÷Œ”yŒz","2019000000","","2019”N","00120","","Ä¥","00100","","•v","00360","","65`69Î","","2,357","136","171","185","178","279","192","195","185","183","193","240","220"
"10270","","¥ˆ÷Œ”yŒz","2019000000","","2019”N","00120","","Ä¥","00100","","•v","00370","","70`74Î","","1,528","81","90","131","148","152","114","121","112","121","135","159","164"
"10270","","¥ˆ÷Œ”yŒz","2019000000","","2019”N","00120","","Ä¥","00100","","•v","00380","","75`79Î","","760","56","48","73","64","64","68","71","57","62","66","61","70"
"10270","","¥ˆ÷Œ”yŒz","2019000000","","2019”N","00120","","Ä¥","00100","","•v","00390","","80ÎˆÈã","","562","39","45","45","43","65","45","53","37","33","52","49","56"
"10270","","¥ˆ÷Œ”yŒz","2019000000","","2019”N","00120","","Ä¥","00100","","•v","00450","","•sÚ","","1","-","-","-","-","-","1","-","-","-","-","-","-"
"10270","","¥ˆ÷Œ”yŒz","2019000000","","2019”N","00120","","Ä¥","00110","","È","00100","","‘”","","74,537","4,148","4,751","7,498","5,178","9,703","5,437","5,489","5,640","5,808","5,062","8,822","7,001"
"10270","","¥ˆ÷Œ”yŒz","2019000000","","2019”N","00120","","Ä¥","00110","","È","00210","","19ÎˆÈ‰º","","60","4","1","4","6","6","7","6","6","9","2","4","5"
"10270","","¥ˆ÷Œ”yŒz","2019000000","","2019”N","00120","","Ä¥","00110","","È","00230","","20`24Î","","2,345","124","148","206","159","267","168","177","189","219","171","277","240"
"10270","","¥ˆ÷Œ”yŒz","2019000000","","2019”N","00120","","Ä¥","00110","","È","00240","","25`29Î","","8,866","512","606","933","568","947","587","660","684","713","646","1,115","895"
"10270","","¥ˆ÷Œ”yŒz","2019000000","","2019”N","00120","","Ä¥","00110","","È","00250","","30`34Î","","14,496","818","1,018","1,667","956","1,730","981","1,000","1,157","1,135","911","1,746","1,377"
"10270","","¥ˆ÷Œ”yŒz","2019000000","","2019”N","00120","","Ä¥","00110","","È","00260","","35`39Î","","14,537","845","1,027","1,583","1,032","1,864","1,031","1,032","1,147","1,087","892","1,672","1,325"
"10270","","¥ˆ÷Œ”yŒz","2019000000","","2019”N","00120","","Ä¥","00110","","È","00280","","40`44Î","","10,770","600","596","1,124","787","1,549","757","823","786","838","685","1,268","957"
"10270","","¥ˆ÷Œ”yŒz","2019000000","","2019”N","00120","","Ä¥","00110","","È","00300","","45`49Î","","9,230","469","513","835","667","1,351","764","694","654","712","624","1,147","800"
"10270","","¥ˆ÷Œ”yŒz","2019000000","","2019”N","00120","","Ä¥","00110","","È","00320","","50`54Î","","6,350","329","344","503","435","1,020","482","463","433","502","465","747","627"
"10270","","¥ˆ÷Œ”yŒz","2019000000","","2019”N","00120","","Ä¥","00110","","È","00340","","55`59Î","","3,453","169","200","255","220","482","286","269","244","285","283","430","330"
"10270","","¥ˆ÷Œ”yŒz","2019000000","","2019”N","00120","","Ä¥","00110","","È","00350","","60`64Î","","1,816","101","105","157","130","222","156","140","149","144","153","185","174"
"10270","","¥ˆ÷Œ”yŒz","2019000000","","2019”N","00120","","Ä¥","00110","","È","00360","","65`69Î","","1,231","92","92","113","100","125","103","105","83","78","108","105","127"
"10270","","¥ˆ÷Œ”yŒz","2019000000","","2019”N","00120","","Ä¥","00110","","È","00370","","70`74Î","","789","45","53","62","64","82","76","63","66","48","71","77","82"
"10270","","¥ˆ÷Œ”yŒz","2019000000","","2019”N","00120","","Ä¥","00110","","È","00380","","75`79Î","","403","28","27","36","41","41","27","43","26","24","38","35","37"
"10270","","¥ˆ÷Œ”yŒz","2019000000","","2019”N","00120","","Ä¥","00110","","È","00390","","80ÎˆÈã","","191","12","21","20","13","17","12","14","16","14","13","14","25"
"10270","","¥ˆ÷Œ”yŒz","2019000000","","2019”N","00120","","Ä¥","00110","","È","00450","","•sÚ","","-","-","-","-","-","-","-","-","-","-","-","-","-"
"10270","","¥ˆ÷Œ”yŒz","2018000000","","2018”N","00100","","‘”","00100","","•v","00100","","‘”","","456,148","24,611","35,554","42,697","39,746","35,556","32,506","40,476","36,849","40,995","34,338","48,464","44,356"
"10270","","¥ˆ÷Œ”yŒz","2018000000","","2018”N","00100","","‘”","00100","","•v","00210","","19ÎˆÈ‰º","","3,901","198","251","365","368","363","322","361","325","309","301","357","381"
"10270","","¥ˆ÷Œ”yŒz","2018000000","","2018”N","00100","","‘”","00100","","•v","00230","","20`24Î","","49,503","2,494","3,608","4,256","4,187","3,770","3,756","4,582","4,078","4,347","4,096","5,088","5,241"
"10270","","¥ˆ÷Œ”yŒz","2018000000","","2018”N","00100","","‘”","00100","","•v","00240","","25`29Î","","144,666","7,208","11,807","14,299","12,278","11,438","10,074","12,780","11,693","13,166","10,620","15,505","13,798"
"10270","","¥ˆ÷Œ”yŒz","2018000000","","2018”N","00100","","‘”","00100","","•v","00250","","30`34Î","","106,964","5,795","8,412","9,922","9,205","8,269","7,268","9,501","8,736","9,883","7,881","11,916","10,176"
"10270","","¥ˆ÷Œ”yŒz","2018000000","","2018”N","00100","","‘”","00100","","•v","00260","","35`39Î","","64,098","3,612","5,093","5,785","5,715","4,801","4,408","5,778","5,181","5,845","4,758","6,849","6,273"
"10270","","¥ˆ÷Œ”yŒz","2018000000","","2018”N","00100","","‘”","00100","","•v","00280","","40`44Î","","38,768","2,426","2,952","3,645","3,576","2,965","2,839","3,422","3,031","3,467","2,770","3,958","3,717"
"10270","","¥ˆ÷Œ”yŒz","2018000000","","2018”N","00100","","‘”","00100","","•v","00300","","45`49Î","","21,397","1,299","1,595","2,018","2,022","1,714","1,629","1,825","1,668","1,846","1,561","2,103","2,117"
"10270","","¥ˆ÷Œ”yŒz","2018000000","","2018”N","00100","","‘”","00100","","•v","00320","","50`54Î","","10,882","635","770","1,028","1,013","870","840","919","895","917","880","1,060","1,055"
"10270","","¥ˆ÷Œ”yŒz","2018000000","","2018”N","00100","","‘”","00100","","•v","00340","","55`59Î","","6,349","382","453","570","535","555","527","487","483","533","531","664","629"
"10270","","¥ˆ÷Œ”yŒz","2018000000","","2018”N","00100","","‘”","00100","","•v","00350","","60`64Î","","4,007","222","255","351","343","321","328","351","324","302","366","424","420"
"10270","","¥ˆ÷Œ”yŒz","2018000000","","2018”N","00100","","‘”","00100","","•v","00360","","65`69Î","","2,779","179","167","221","256","250","251","227","209","193","268","286","272"
"10270","","¥ˆ÷Œ”yŒz","2018000000","","2018”N","00100","","‘”","00100","","•v","00370","","70`74Î","","1,532","89","99","130","125","139","141","144","117","100","162","140","146"
"10270","","¥ˆ÷Œ”yŒz","2018000000","","2018”N","00100","","‘”","00100","","•v","00380","","75`79Î","","789","40","61","61","69","63","84","59","72","54","83","58","85"
"10270","","¥ˆ÷Œ”yŒz","2018000000","","2018”N","00100","","‘”","00100","","•v","00390","","80ÎˆÈã","","513","32","31","46","54","38","39","40","37","33","61","56","46"
"10270","","¥ˆ÷Œ”yŒz","2018000000","","2018”N","00100","","‘”","00100","","•v","00450","","•sÚ","","-","-","-","-","-","-","-","-","-","-","-","-","-"
"10270","","¥ˆ÷Œ”yŒz","2018000000","","2018”N","00100","","‘”","00110","","È","00100","","‘”","","456,148","24,611","35,554","42,697","39,746","35,556","32,506","40,476","36,849","40,995","34,338","48,464","44,356"
"10270","","¥ˆ÷Œ”yŒz","2018000000","","2018”N","00100","","‘”","00110","","È","00210","","19ÎˆÈ‰º","","7,157","370","442","638","681","603","608","656","597","583","554","698","727"
"10270","","¥ˆ÷Œ”yŒz","2018000000","","2018”N","00100","","‘”","00110","","È","00230","","20`24Î","","71,305","3,553","5,292","6,183","5,964","5,418","5,345","6,678","5,886","6,480","5,739","7,440","7,327"
"10270","","¥ˆ÷Œ”yŒz","2018000000","","2018”N","00100","","‘”","00110","","È","00240","","25`29Î","","169,284","8,576","13,767","16,615","14,381","13,348","11,621","14,926","13,698","15,325","12,548","18,380","16,099"
"10270","","¥ˆ÷Œ”yŒz","2018000000","","2018”N","00100","","‘”","00110","","È","00250","","30`34Î","","101,393","5,680","8,015","9,404","8,823","7,882","6,769","9,031","8,262","9,309","7,431","11,158","9,629"
"10270","","¥ˆ÷Œ”yŒz","2018000000","","2018”N","00100","","‘”","00110","","È","00260","","35`39Î","","53,667","3,178","4,272","4,986","4,895","4,073","3,876","4,717","4,244","4,818","3,815","5,516","5,277"
"10270","","¥ˆ÷Œ”yŒz","2018000000","","2018”N","00100","","‘”","00110","","È","00280","","40`44Î","","25,043","1,576","1,898","2,368","2,412","1,889","1,969","2,116","1,994","2,166","1,865","2,409","2,381"
"10270","","¥ˆ÷Œ”yŒz","2018000000","","2018”N","00100","","‘”","00110","","È","00300","","45`49Î","","13,007","785","870","1,250","1,200","1,034","1,040","1,077","970","1,144","988","1,300","1,349"
"10270","","¥ˆ÷Œ”yŒz","2018000000","","2018”N","00100","","‘”","00110","","È","00320","","50`54Î","","7,077","419","466","583","639","594","563","609","561","590","599","729","725"
"10270","","¥ˆ÷Œ”yŒz","2018000000","","2018”N","00100","","‘”","00110","","È","00340","","55`59Î","","3,582","213","226","303","340","299","285","294","297","299","285","362","379"
"10270","","¥ˆ÷Œ”yŒz","2018000000","","2018”N","00100","","‘”","00110","","È","00350","","60`64Î","","1,960","103","131","135","180","172","189","153","143","120","213","211","210"
"10270","","¥ˆ÷Œ”yŒz","2018000000","","2018”N","00100","","‘”","00110","","È","00360","","65`69Î","","1,311","82","84","126","110","139","121","101","95","73","133","127","120"
"10270","","¥ˆ÷Œ”yŒz","2018000000","","2018”N","00100","","‘”","00110","","È","00370","","70`74Î","","814","44","52","60","73","61","70","80","61","52","98","80","83"
"10270","","¥ˆ÷Œ”yŒz","2018000000","","2018”N","00100","","‘”","00110","","È","00380","","75`79Î","","381","19","29","31","30","28","39","28","25","27","51","39","35"
"10270","","¥ˆ÷Œ”yŒz","2018000000","","2018”N","00100","","‘”","00110","","È","00390","","80ÎˆÈã","","167","13","10","15","18","16","11","10","16","9","19","15","15"
"10270","","¥ˆ÷Œ”yŒz","2018000000","","2018”N","00100","","‘”","00110","","È","00450","","•sÚ","","-","-","-","-","-","-","-","-","-","-","-","-","-"
"10270","","¥ˆ÷Œ”yŒz","2018000000","","2018”N","00110","","‰¥","00100","","•v","00100","","‘”","","371,093","19,594","29,281","34,740","32,093","29,028","26,258","33,063","29,713","33,592","27,810","40,081","35,840"
"10270","","¥ˆ÷Œ”yŒz","2018000000","","2018”N","00110","","‰¥","00100","","•v","00210","","19ÎˆÈ‰º","","3,887","197","251","364","365","362","322","359","324","309","300","355","379"
"10270","","¥ˆ÷Œ”yŒz","2018000000","","2018”N","00110","","‰¥","00100","","•v","00230","","20`24Î","","48,196","2,440","3,508","4,167","4,080","3,679","3,651","4,458","3,964","4,235","3,961","4,951","5,102"
"10270","","¥ˆ÷Œ”yŒz","2018000000","","2018”N","00110","","‰¥","00100","","•v","00240","","25`29Î","","138,966","6,913","11,382","13,814","11,810","11,013","9,703","12,237","11,225","12,633","10,165","14,931","13,140"
"10270","","¥ˆ÷Œ”yŒz","2018000000","","2018”N","00110","","‰¥","00100","","•v","00250","","30`34Î","","94,054","5,078","7,414","8,723","8,097","7,315","6,395","8,368","7,605","8,674","6,917","10,594","8,874"
"10270","","¥ˆ÷Œ”yŒz","2018000000","","2018”N","00110","","‰¥","00100","","•v","00260","","35`39Î","","47,596","2,648","3,774","4,219","4,209","3,617","3,234","4,307","3,751","4,382","3,569","5,215","4,671"
"10270","","¥ˆ÷Œ”yŒz","2018000000","","2018”N","00110","","‰¥","00100","","•v","00280","","40`44Î","","23,349","1,445","1,863","2,120","2,177","1,793","1,733","2,048","1,733","2,109","1,670","2,469","2,189"
"10270","","¥ˆ÷Œ”yŒz","2018000000","","2018”N","00110","","‰¥","00100","","•v","00300","","45`49Î","","9,575","567","700","843","876","779","759","829","680","816","750","1,010","966"
"10270","","¥ˆ÷Œ”yŒz","2018000000","","2018”N","00110","","‰¥","00100","","•v","00320","","50`54Î","","3,106","186","237","271","287","247","242","263","250","254","274","307","288"
"10270","","¥ˆ÷Œ”yŒz","2018000000","","2018”N","00110","","‰¥","00100","","•v","00340","","55`59Î","","1,253","59","88","114","102","127","110","96","92","109","107","127","122"
"10270","","¥ˆ÷Œ”yŒz","2018000000","","2018”N","00110","","‰¥","00100","","•v","00350","","60`64Î","","611","36","34","48","49","53","49","61","55","40","48","74","64"
"10270","","¥ˆ÷Œ”yŒz","2018000000","","2018”N","00110","","‰¥","00100","","•v","00360","","65`69Î","","355","16","24","33","35","30","47","26","27","19","31","33","34"
"10270","","¥ˆ÷Œ”yŒz","2018000000","","2018”N","00110","","‰¥","00100","","•v","00370","","70`74Î","","100","6","6","19","3","10","6","10","4","7","12","11","6"
"10270","","¥ˆ÷Œ”yŒz","2018000000","","2018”N","00110","","‰¥","00100","","•v","00380","","75`79Î","","32","1","-","4","3","1","6","-","3","5","3","1","5"
"10270","","¥ˆ÷Œ”yŒz","2018000000","","2018”N","00110","","‰¥","00100","","•v","00390","","80ÎˆÈã","","13","2","-","1","-","2","1","1","-","-","3","3","-"
"10270","","¥ˆ÷Œ”yŒz","2018000000","","2018”N","00110","","‰¥","00100","","•v","00450","","•sÚ","","-","-","-","-","-","-","-","-","-","-","-","-","-"
"10270","","¥ˆ÷Œ”yŒz","2018000000","","2018”N","00110","","‰¥","00110","","È","00100","","‘”","","382,823","20,221","30,109","34,949","32,779","30,098","27,239","34,378","30,627","34,980","28,834","41,523","37,086"
"10270","","¥ˆ÷Œ”yŒz","2018000000","","2018”N","00110","","‰¥","00110","","È","00210","","19ÎˆÈ‰º","","7,080","367","439","630","675","595","605","648","592","572","550","692","715"
"10270","","¥ˆ÷Œ”yŒz","2018000000","","2018”N","00110","","‰¥","00110","","È","00230","","20`24Î","","68,974","3,430","5,120","5,995","5,777","5,252","5,160","6,478","5,712","6,271","5,518","7,205","7,056"
"10270","","¥ˆ÷Œ”yŒz","2018000000","","2018”N","00110","","‰¥","00110","","È","00240","","25`29Î","","160,556","8,069","13,025","15,651","13,599","12,775","11,079","14,184","12,918","14,594","11,932","17,558","15,172"
"10270","","¥ˆ÷Œ”yŒz","2018000000","","2018”N","00110","","‰¥","00110","","È","00250","","30`34Î","","86,582","4,756","6,825","7,654","7,436","6,873","5,830","7,813","6,927","8,107","6,417","9,727","8,217"
"10270","","¥ˆ÷Œ”yŒz","2018000000","","2018”N","00110","","‰¥","00110","","È","00260","","35`39Î","","38,874","2,303","3,134","3,324","3,416","2,965","2,879","3,467","2,983","3,587","2,801","4,167","3,848"
"10270","","¥ˆ÷Œ”yŒz","2018000000","","2018”N","00110","","‰¥","00110","","È","00280","","40`44Î","","14,168","910","1,115","1,167","1,299","1,110","1,146","1,225","1,054","1,268","1,077","1,440","1,357"
"10270","","¥ˆ÷Œ”yŒz","2018000000","","2018”N","00110","","‰¥","00110","","È","00300","","45`49Î","","4,374","252","295","370","382","344","340","365","287","407","350","500","482"
"10270","","¥ˆ÷Œ”yŒz","2018000000","","2018”N","00110","","‰¥","00110","","È","00320","","50`54Î","","1,343","84","93","94","108","105","113","123","88","117","123","143","152"
"10270","","¥ˆ÷Œ”yŒz","2018000000","","2018”N","00110","","‰¥","00110","","È","00340","","55`59Î","","474","32","41","33","45","42","37","38","28","38","39","47","54"
"10270","","¥ˆ÷Œ”yŒz","2018000000","","2018”N","00110","","‰¥","00110","","È","00350","","60`64Î","","198","10","12","11","25","15","30","15","17","9","14","23","17"
"10270","","¥ˆ÷Œ”yŒz","2018000000","","2018”N","00110","","‰¥","00110","","È","00360","","65`69Î","","104","5","6","9","9","12","12","8","10","4","7","13","9"
"10270","","¥ˆ÷Œ”yŒz","2018000000","","2018”N","00110","","‰¥","00110","","È","00370","","70`74Î","","68","1","2","9","5","7","6","11","8","4","5","7","3"
"10270","","¥ˆ÷Œ”yŒz","2018000000","","2018”N","00110","","‰¥","00110","","È","00380","","75`79Î","","19","1","2","2","2","2","2","2","1","2","1","1","1"
"10270","","¥ˆ÷Œ”yŒz","2018000000","","2018”N","00110","","‰¥","00110","","È","00390","","80ÎˆÈã","","9","1","-","-","1","1","-","1","2","-","-","-","3"
"10270","","¥ˆ÷Œ”yŒz","2018000000","","2018”N","00110","","‰¥","00110","","È","00450","","•sÚ","","-","-","-","-","-","-","-","-","-","-","-","-","-"
"10270","","¥ˆ÷Œ”yŒz","2018000000","","2018”N","00120","","Ä¥","00100","","•v","00100","","‘”","","85,055","5,017","6,273","7,957","7,653","6,528","6,248","7,413","7,136","7,403","6,528","8,383","8,516"
"10270","","¥ˆ÷Œ”yŒz","2018000000","","2018”N","00120","","Ä¥","00100","","•v","00210","","19ÎˆÈ‰º","","14","1","-","1","3","1","-","2","1","-","1","2","2"
"10270","","¥ˆ÷Œ”yŒz","2018000000","","2018”N","00120","","Ä¥","00100","","•v","00230","","20`24Î","","1,307","54","100","89","107","91","105","124","114","112","135","137","139"
"10270","","¥ˆ÷Œ”yŒz","2018000000","","2018”N","00120","","Ä¥","00100","","•v","00240","","25`29Î","","5,700","295","425","485","468","425","371","543","468","533","455","574","658"
"10270","","¥ˆ÷Œ”yŒz","2018000000","","2018”N","00120","","Ä¥","00100","","•v","00250","","30`34Î","","12,910","717","998","1,199","1,108","954","873","1,133","1,131","1,209","964","1,322","1,302"
"10270","","¥ˆ÷Œ”yŒz","2018000000","","2018”N","00120","","Ä¥","00100","","•v","00260","","35`39Î","","16,502","964","1,319","1,566","1,506","1,184","1,174","1,471","1,430","1,463","1,189","1,634","1,602"
"10270","","¥ˆ÷Œ”yŒz","2018000000","","2018”N","00120","","Ä¥","00100","","•v","00280","","40`44Î","","15,419","981","1,089","1,525","1,399","1,172","1,106","1,374","1,298","1,358","1,100","1,489","1,528"
"10270","","¥ˆ÷Œ”yŒz","2018000000","","2018”N","00120","","Ä¥","00100","","•v","00300","","45`49Î","","11,822","732","895","1,175","1,146","935","870","996","988","1,030","811","1,093","1,151"
"10270","","¥ˆ÷Œ”yŒz","2018000000","","2018”N","00120","","Ä¥","00100","","•v","00320","","50`54Î","","7,776","449","533","757","726","623","598","656","645","663","606","753","767"
"10270","","¥ˆ÷Œ”yŒz","2018000000","","2018”N","00120","","Ä¥","00100","","•v","00340","","55`59Î","","5,096","323","365","456","433","428","417","391","391","424","424","537","507"
"10270","","¥ˆ÷Œ”yŒz","2018000000","","2018”N","00120","","Ä¥","00100","","•v","00350","","60`64Î","","3,396","186","221","303","294","268","279","290","269","262","318","350","356"
"10270","","¥ˆ÷Œ”yŒz","2018000000","","2018”N","00120","","Ä¥","00100","","•v","00360","","65`69Î","","2,424","163","143","188","221","220","204","201","182","174","237","253","238"
"10270","","¥ˆ÷Œ”yŒz","2018000000","","2018”N","00120","","Ä¥","00100","","•v","00370","","70`74Î","","1,432","83","93","111","122","129","135","134","113","93","150","129","140"
"10270","","¥ˆ÷Œ”yŒz","2018000000","","2018”N","00120","","Ä¥","00100","","•v","00380","","75`79Î","","757","39","61","57","66","62","78","59","69","49","80","57","80"
"10270","","¥ˆ÷Œ”yŒz","2018000000","","2018”N","00120","","Ä¥","00100","","•v","00390","","80ÎˆÈã","","500","30","31","45","54","36","38","39","37","33","58","53","46"
"10270","","¥ˆ÷Œ”yŒz","2018000000","","2018”N","00120","","Ä¥","00100","","•v","00450","","•sÚ","","-","-","-","-","-","-","-","-","-","-","-","-","-"
"10270","","¥ˆ÷Œ”yŒz","2018000000","","2018”N","00120","","Ä¥","00110","","È","00100","","‘”","","73,325","4,390","5,445","7,748","6,967","5,458","5,267","6,098","6,222","6,015","5,504","6,941","7,270"
"10270","","¥ˆ÷Œ”yŒz","2018000000","","2018”N","00120","","Ä¥","00110","","È","00210","","19ÎˆÈ‰º","","77","3","3","8","6","8","3","8","5","11","4","6","12"
"10270","","¥ˆ÷Œ”yŒz","2018000000","","2018”N","00120","","Ä¥","00110","","È","00230","","20`24Î","","2,331","123","172","188","187","166","185","200","174","209","221","235","271"
"10270","","¥ˆ÷Œ”yŒz","2018000000","","2018”N","00120","","Ä¥","00110","","È","00240","","25`29Î","","8,728","507","742","964","782","573","542","742","780","731","616","822","927"
"10270","","¥ˆ÷Œ”yŒz","2018000000","","2018”N","00120","","Ä¥","00110","","È","00250","","30`34Î","","14,811","924","1,190","1,750","1,387","1,009","939","1,218","1,335","1,202","1,014","1,431","1,412"
"10270","","¥ˆ÷Œ”yŒz","2018000000","","2018”N","00120","","Ä¥","00110","","È","00260","","35`39Î","","14,793","875","1,138","1,662","1,479","1,108","997","1,250","1,261","1,231","1,014","1,349","1,429"
"10270","","¥ˆ÷Œ”yŒz","2018000000","","2018”N","00120","","Ä¥","00110","","È","00280","","40`44Î","","10,875","666","783","1,201","1,113","779","823","891","940","898","788","969","1,024"
"10270","","¥ˆ÷Œ”yŒz","2018000000","","2018”N","00120","","Ä¥","00110","","È","00300","","45`49Î","","8,633","533","575","880","818","690","700","712","683","737","638","800","867"
"10270","","¥ˆ÷Œ”yŒz","2018000000","","2018”N","00120","","Ä¥","00110","","È","00320","","50`54Î","","5,734","335","373","489","531","489","450","486","473","473","476","586","573"
"10270","","¥ˆ÷Œ”yŒz","2018000000","","2018”N","00120","","Ä¥","00110","","È","00340","","55`59Î","","3,108","181","185","270","295","257","248","256","269","261","246","315","325"
"10270","","¥ˆ÷Œ”yŒz","2018000000","","2018”N","00120","","Ä¥","00110","","È","00350","","60`64Î","","1,762","93","119","124","155","157","159","138","126","111","199","188","193"
"10270","","¥ˆ÷Œ”yŒz","2018000000","","2018”N","00120","","Ä¥","00110","","È","00360","","65`69Î","","1,207","77","78","117","101","127","109","93","85","69","126","114","111"
"10270","","¥ˆ÷Œ”yŒz","2018000000","","2018”N","00120","","Ä¥","00110","","È","00370","","70`74Î","","746","43","50","51","68","54","64","69","53","48","93","73","80"
"10270","","¥ˆ÷Œ”yŒz","2018000000","","2018”N","00120","","Ä¥","00110","","È","00380","","75`79Î","","362","18","27","29","28","26","37","26","24","25","50","38","34"
"10270","","¥ˆ÷Œ”yŒz","2018000000","","2018”N","00120","","Ä¥","00110","","È","00390","","80ÎˆÈã","","158","12","10","15","17","15","11","9","14","9","19","15","12"
"10270","","¥ˆ÷Œ”yŒz","2018000000","","2018”N","00120","","Ä¥","00110","","È","00450","","•sÚ","","-","-","-","-","-","-","-","-","-","-","-","-","-"
"10270","","¥ˆ÷Œ”yŒz","2017000000","","2017”N","00100","","‘”","00100","","•v","00100","","‘”","","480,327","25,745","35,254","49,944","35,905","39,971","37,519","47,553","35,919","36,334","35,802","52,792","47,589"
"10270","","¥ˆ÷Œ”yŒz","2017000000","","2017”N","00100","","‘”","00100","","•v","00210","","19ÎˆÈ‰º","","4,506","215","267","448","400","395","437","452","332","327","372","421","440"
"10270","","¥ˆ÷Œ”yŒz","2017000000","","2017”N","00100","","‘”","00100","","•v","00230","","20`24Î","","51,405","2,678","3,625","5,013","3,891","4,235","4,247","5,049","4,059","4,083","4,025","5,146","5,354"
"10270","","¥ˆ÷Œ”yŒz","2017000000","","2017”N","00100","","‘”","00100","","•v","00240","","25`29Î","","152,075","7,739","11,549","16,246","11,006","12,786","11,488","15,121","11,566","11,288","11,354","17,025","14,907"
"10270","","¥ˆ÷Œ”yŒz","2017000000","","2017”N","00100","","‘”","00100","","•v","00250","","30`34Î","","114,427","6,237","8,475","11,777","8,354","9,697","8,441","11,578","8,472","8,585","8,435","13,366","11,010"
"10270","","¥ˆ÷Œ”yŒz","2017000000","","2017”N","00100","","‘”","00100","","•v","00260","","35`39Î","","68,971","3,853","5,111","7,205","5,074","5,602","5,380","7,068","4,898","5,091","5,009","7,703","6,977"
"10270","","¥ˆ÷Œ”yŒz","2017000000","","2017”N","00100","","‘”","00100","","•v","00280","","40`44Î","","41,152","2,394","3,014","4,459","3,224","3,314","3,309","3,974","2,950","3,149","2,991","4,376","3,998"
"10270","","¥ˆ÷Œ”yŒz","2017000000","","2017”N","00100","","‘”","00100","","•v","00300","","45`49Î","","21,478","1,166","1,506","2,243","1,745","1,757","1,814","2,022","1,612","1,643","1,534","2,217","2,219"
"10270","","¥ˆ÷Œ”yŒz","2017000000","","2017”N","00100","","‘”","00100","","•v","00320","","50`54Î","","10,570","568","722","1,077","881","903","967","926","781","832","783","1,024","1,106"
"10270","","¥ˆ÷Œ”yŒz","2017000000","","2017”N","00100","","‘”","00100","","•v","00340","","55`59Î","","6,237","352","395","578","516","512","585","586","474","486","488","653","612"
"10270","","¥ˆ÷Œ”yŒz","2017000000","","2017”N","00100","","‘”","00100","","•v","00350","","60`64Î","","4,059","228","257","388","340","334","352","360","332","354","329","387","398"
"10270","","¥ˆ÷Œ”yŒz","2017000000","","2017”N","00100","","‘”","00100","","•v","00360","","65`69Î","","2,844","155","158","286","241","225","276","234","230","255","244","246","294"
"10270","","¥ˆ÷Œ”yŒz","2017000000","","2017”N","00100","","‘”","00100","","•v","00370","","70`74Î","","1,317","82","91","111","109","107","109","95","113","121","123","109","147"
"10270","","¥ˆ÷Œ”yŒz","2017000000","","2017”N","00100","","‘”","00100","","•v","00380","","75`79Î","","765","48","52","64","72","62","71","52","60","76","68","66","74"
"10270","","¥ˆ÷Œ”yŒz","2017000000","","2017”N","00100","","‘”","00100","","•v","00390","","80ÎˆÈã","","520","30","32","49","52","41","43","36","40","44","47","53","53"
"10270","","¥ˆ÷Œ”yŒz","2017000000","","2017”N","00100","","‘”","00100","","•v","00450","","•sÚ","","1","-","-","-","-","1","-","-","-","-","-","-","-"
"10270","","¥ˆ÷Œ”yŒz","2017000000","","2017”N","00100","","‘”","00110","","È","00100","","‘”","","480,327","25,745","35,254","49,944","35,905","39,971","37,519","47,553","35,919","36,334","35,802","52,792","47,589"
"10270","","¥ˆ÷Œ”yŒz","2017000000","","2017”N","00100","","‘”","00110","","È","00210","","19ÎˆÈ‰º","","8,144","386","509","756","692","677","755","811","640","658","646","779","835"
"10270","","¥ˆ÷Œ”yŒz","2017000000","","2017”N","00100","","‘”","00110","","È","00230","","20`24Î","","75,116","3,839","5,355","7,362","5,579","6,132","6,105","7,537","5,824","5,965","5,980","7,757","7,681"
"10270","","¥ˆ÷Œ”yŒz","2017000000","","2017”N","00100","","‘”","00110","","È","00240","","25`29Î","","177,840","9,115","13,357","18,896","12,839","14,917","13,377","17,773","13,408","13,273","13,285","20,372","17,228"
"10270","","¥ˆ÷Œ”yŒz","2017000000","","2017”N","00100","","‘”","00110","","È","00250","","30`34Î","","108,295","5,965","8,083","11,327","7,924","9,220","8,039","10,929","7,949","7,890","7,859","12,510","10,600"
"10270","","¥ˆ÷Œ”yŒz","2017000000","","2017”N","00100","","‘”","00110","","È","00260","","35`39Î","","56,775","3,336","4,254","6,061","4,385","4,619","4,500","5,590","4,084","4,248","4,058","5,988","5,652"
"10270","","¥ˆ÷Œ”yŒz","2017000000","","2017”N","00100","","‘”","00110","","È","00280","","40`44Î","","26,598","1,567","1,857","2,914","2,150","2,120","2,253","2,488","1,921","2,048","1,844","2,736","2,700"
"10270","","¥ˆ÷Œ”yŒz","2017000000","","2017”N","00100","","‘”","00110","","È","00300","","45`49Î","","12,854","722","846","1,259","1,153","1,064","1,152","1,169","954","1,029","935","1,229","1,342"
"10270","","¥ˆ÷Œ”yŒz","2017000000","","2017”N","00100","","‘”","00110","","È","00320","","50`54Î","","6,800","336","460","644","533","557","655","636","513","570","486","667","743"
"10270","","¥ˆ÷Œ”yŒz","2017000000","","2017”N","00100","","‘”","00110","","È","00340","","55`59Î","","3,427","204","236","320","257","293","305","286","259","281","301","346","339"
"10270","","¥ˆ÷Œ”yŒz","2017000000","","2017”N","00100","","‘”","00110","","È","00350","","60`64Î","","1,816","114","108","147","157","158","159","143","155","140","172","173","190"
"10270","","¥ˆ÷Œ”yŒz","2017000000","","2017”N","00100","","‘”","00110","","È","00360","","65`69Î","","1,416","88","88","153","124","122","126","98","114","105","126","118","154"
"10270","","¥ˆ÷Œ”yŒz","2017000000","","2017”N","00100","","‘”","00110","","È","00370","","70`74Î","","712","44","55","59","60","49","51","56","54","75","64","68","77"
"10270","","¥ˆ÷Œ”yŒz","2017000000","","2017”N","00100","","‘”","00110","","È","00380","","75`79Î","","361","24","33","28","35","30","32","23","28","35","33","27","33"
"10270","","¥ˆ÷Œ”yŒz","2017000000","","2017”N","00100","","‘”","00110","","È","00390","","80ÎˆÈã","","172","5","13","18","17","12","10","14","16","17","13","22","15"
"10270","","¥ˆ÷Œ”yŒz","2017000000","","2017”N","00100","","‘”","00110","","È","00450","","•sÚ","","1","-","-","-","-","1","-","-","-","-","-","-","-"
"10270","","¥ˆ÷Œ”yŒz","2017000000","","2017”N","00110","","‰¥","00100","","•v","00100","","‘”","","391,750","20,662","28,968","40,602","28,873","32,786","30,414","39,038","28,948","29,463","29,354","44,158","38,484"
"10270","","¥ˆ÷Œ”yŒz","2017000000","","2017”N","00110","","‰¥","00100","","•v","00210","","19ÎˆÈ‰º","","4,481","212","266","448","399","393","437","449","328","324","366","420","439"
"10270","","¥ˆ÷Œ”yŒz","2017000000","","2017”N","00110","","‰¥","00100","","•v","00230","","20`24Î","","50,103","2,608","3,546","4,909","3,818","4,114","4,133","4,909","3,930","3,974","3,923","5,026","5,213"
"10270","","¥ˆ÷Œ”yŒz","2017000000","","2017”N","00110","","‰¥","00100","","•v","00240","","25`29Î","","146,002","7,418","11,142","15,662","10,573","12,283","11,000","14,522","11,057","10,807","10,880","16,425","14,233"
"10270","","¥ˆ÷Œ”yŒz","2017000000","","2017”N","00110","","‰¥","00100","","•v","00250","","30`34Î","","100,216","5,383","7,404","10,263","7,304","8,548","7,441","10,135","7,315","7,488","7,416","11,972","9,547"
"10270","","¥ˆ÷Œ”yŒz","2017000000","","2017”N","00110","","‰¥","00100","","•v","00260","","35`39Î","","51,212","2,823","3,762","5,282","3,707","4,190","3,996","5,252","3,509","3,849","3,827","5,922","5,093"
"10270","","¥ˆ÷Œ”yŒz","2017000000","","2017”N","00110","","‰¥","00100","","•v","00280","","40`44Î","","24,888","1,427","1,830","2,592","1,900","2,007","2,076","2,397","1,748","1,852","1,827","2,813","2,419"
"10270","","¥ˆ÷Œ”yŒz","2017000000","","2017”N","00110","","‰¥","00100","","•v","00300","","45`49Î","","9,470","509","661","945","737","783","827","886","664","751","691","1,036","980"
"10270","","¥ˆ÷Œ”yŒz","2017000000","","2017”N","00110","","‰¥","00100","","•v","00320","","50`54Î","","3,096","160","206","301","257","282","307","275","216","216","231","321","324"
"10270","","¥ˆ÷Œ”yŒz","2017000000","","2017”N","00110","","‰¥","00100","","•v","00340","","55`59Î","","1,242","72","91","105","87","107","110","112","98","100","93","137","130"
"10270","","¥ˆ÷Œ”yŒz","2017000000","","2017”N","00110","","‰¥","00100","","•v","00350","","60`64Î","","595","22","35","58","46","47","47","57","51","61","56","57","58"
"10270","","¥ˆ÷Œ”yŒz","2017000000","","2017”N","00110","","‰¥","00100","","•v","00360","","65`69Î","","311","20","15","25","32","24","22","31","25","30","27","21","39"
"10270","","¥ˆ÷Œ”yŒz","2017000000","","2017”N","00110","","‰¥","00100","","•v","00370","","70`74Î","","86","6","8","6","8","5","12","7","5","7","11","6","5"
"10270","","¥ˆ÷Œ”yŒz","2017000000","","2017”N","00110","","‰¥","00100","","•v","00380","","75`79Î","","37","2","2","4","4","2","6","4","1","3","5","2","2"
"10270","","¥ˆ÷Œ”yŒz","2017000000","","2017”N","00110","","‰¥","00100","","•v","00390","","80ÎˆÈã","","10","-","-","2","1","-","-","2","1","1","1","-","2"
"10270","","¥ˆ÷Œ”yŒz","2017000000","","2017”N","00110","","‰¥","00100","","•v","00450","","•sÚ","","1","-","-","-","-","1","-","-","-","-","-","-","-"
"10270","","¥ˆ÷Œ”yŒz","2017000000","","2017”N","00110","","‰¥","00110","","È","00100","","‘”","","404,235","21,203","29,606","40,843","29,670","34,247","31,675","40,705","29,768","30,504","30,435","45,822","39,757"
"10270","","¥ˆ÷Œ”yŒz","2017000000","","2017”N","00110","","‰¥","00110","","È","00210","","19ÎˆÈ‰º","","8,063","384","506","750","689","670","747","800","636","652","638","769","822"
"10270","","¥ˆ÷Œ”yŒz","2017000000","","2017”N","00110","","‰¥","00110","","È","00230","","20`24Î","","72,633","3,714","5,189","7,127","5,387","5,915","5,925","7,324","5,613","5,741","5,759","7,554","7,385"
"10270","","¥ˆ÷Œ”yŒz","2017000000","","2017”N","00110","","‰¥","00110","","È","00240","","25`29Î","","168,675","8,530","12,627","17,780","12,178","14,280","12,745","16,934","12,652","12,570","12,627","19,545","16,207"
"10270","","¥ˆ÷Œ”yŒz","2017000000","","2017”N","00110","","‰¥","00110","","È","00250","","30`34Î","","92,590","5,004","6,836","9,147","6,728","8,131","6,942","9,498","6,652","6,747","6,840","11,017","9,048"
"10270","","¥ˆ÷Œ”yŒz","2017000000","","2017”N","00110","","‰¥","00110","","È","00260","","35`39Î","","41,148","2,348","3,032","4,015","3,047","3,508","3,385","4,163","2,805","3,121","3,016","4,609","4,099"
"10270","","¥ˆ÷Œ”yŒz","2017000000","","2017”N","00110","","‰¥","00110","","È","00280","","40`44Î","","14,841","884","1,005","1,463","1,119","1,239","1,319","1,437","978","1,169","1,053","1,655","1,520"
"10270","","¥ˆ÷Œ”yŒz","2017000000","","2017”N","00110","","‰¥","00110","","È","00300","","45`49Î","","4,242","235","283","365","374","344","414","375","278","350","331","446","447"
"10270","","¥ˆ÷Œ”yŒz","2017000000","","2017”N","00110","","‰¥","00110","","È","00320","","50`54Î","","1,264","66","85","125","84","98","128","107","97","96","90","141","147"
"10270","","¥ˆ÷Œ”yŒz","2017000000","","2017”N","00110","","‰¥","00110","","È","00340","","55`59Î","","410","24","26","37","26","32","38","36","31","26","42","50","42"
"10270","","¥ˆ÷Œ”yŒz","2017000000","","2017”N","00110","","‰¥","00110","","È","00350","","60`64Î","","180","9","7","13","15","13","14","16","18","12","21","18","24"
"10270","","¥ˆ÷Œ”yŒz","2017000000","","2017”N","00110","","‰¥","00110","","È","00360","","65`69Î","","112","5","4","15","13","7","11","11","5","10","11","9","11"
"10270","","¥ˆ÷Œ”yŒz","2017000000","","2017”N","00110","","‰¥","00110","","È","00370","","70`74Î","","44","-","2","4","6","3","4","2","2","5","5","7","4"
"10270","","¥ˆ÷Œ”yŒz","2017000000","","2017”N","00110","","‰¥","00110","","È","00380","","75`79Î","","21","-","3","1","2","4","3","2","-","2","1","2","1"
"10270","","¥ˆ÷Œ”yŒz","2017000000","","2017”N","00110","","‰¥","00110","","È","00390","","80ÎˆÈã","","11","-","1","1","2","2","-","-","1","3","1","-","-"
"10270","","¥ˆ÷Œ”yŒz","2017000000","","2017”N","00110","","‰¥","00110","","È","00450","","•sÚ","","1","-","-","-","-","1","-","-","-","-","-","-","-"
"10270","","¥ˆ÷Œ”yŒz","2017000000","","2017”N","00120","","Ä¥","00100","","•v","00100","","‘”","","88,577","5,083","6,286","9,342","7,032","7,185","7,105","8,515","6,971","6,871","6,448","8,634","9,105"
"10270","","¥ˆ÷Œ”yŒz","2017000000","","2017”N","00120","","Ä¥","00100","","•v","00210","","19ÎˆÈ‰º","","25","3","1","-","1","2","-","3","4","3","6","1","1"
"10270","","¥ˆ÷Œ”yŒz","2017000000","","2017”N","00120","","Ä¥","00100","","•v","00230","","20`24Î","","1,302","70","79","104","73","121","114","140","129","109","102","120","141"
"10270","","¥ˆ÷Œ”yŒz","2017000000","","2017”N","00120","","Ä¥","00100","","•v","00240","","25`29Î","","6,073","321","407","584","433","503","488","599","509","481","474","600","674"
"10270","","¥ˆ÷Œ”yŒz","2017000000","","2017”N","00120","","Ä¥","00100","","•v","00250","","30`34Î","","14,211","854","1,071","1,514","1,050","1,149","1,000","1,443","1,157","1,097","1,019","1,394","1,463"
"10270","","¥ˆ÷Œ”yŒz","2017000000","","2017”N","00120","","Ä¥","00100","","•v","00260","","35`39Î","","17,759","1,030","1,349","1,923","1,367","1,412","1,384","1,816","1,389","1,242","1,182","1,781","1,884"
"10270","","¥ˆ÷Œ”yŒz","2017000000","","2017”N","00120","","Ä¥","00100","","•v","00280","","40`44Î","","16,264","967","1,184","1,867","1,324","1,307","1,233","1,577","1,202","1,297","1,164","1,563","1,579"
"10270","","¥ˆ÷Œ”yŒz","2017000000","","2017”N","00120","","Ä¥","00100","","•v","00300","","45`49Î","","12,008","657","845","1,298","1,008","974","987","1,136","948","892","843","1,181","1,239"
"10270","","¥ˆ÷Œ”yŒz","2017000000","","2017”N","00120","","Ä¥","00100","","•v","00320","","50`54Î","","7,474","408","516","776","624","621","660","651","565","616","552","703","782"
"10270","","¥ˆ÷Œ”yŒz","2017000000","","2017”N","00120","","Ä¥","00100","","•v","00340","","55`59Î","","4,995","280","304","473","429","405","475","474","376","386","395","516","482"
"10270","","¥ˆ÷Œ”yŒz","2017000000","","2017”N","00120","","Ä¥","00100","","•v","00350","","60`64Î","","3,464","206","222","330","294","287","305","303","281","293","273","330","340"
"10270","","¥ˆ÷Œ”yŒz","2017000000","","2017”N","00120","","Ä¥","00100","","•v","00360","","65`69Î","","2,533","135","143","261","209","201","254","203","205","225","217","225","255"
"10270","","¥ˆ÷Œ”yŒz","2017000000","","2017”N","00120","","Ä¥","00100","","•v","00370","","70`74Î","","1,231","76","83","105","101","102","97","88","108","114","112","103","142"
"10270","","¥ˆ÷Œ”yŒz","2017000000","","2017”N","00120","","Ä¥","00100","","•v","00380","","75`79Î","","728","46","50","60","68","60","65","48","59","73","63","64","72"
"10270","","¥ˆ÷Œ”yŒz","2017000000","","2017”N","00120","","Ä¥","00100","","•v","00390","","80ÎˆÈã","","510","30","32","47","51","41","43","34","39","43","46","53","51"
"10270","","¥ˆ÷Œ”yŒz","2017000000","","2017”N","00120","","Ä¥","00100","","•v","00450","","•sÚ","","-","-","-","-","-","-","-","-","-","-","-","-","-"
"10270","","¥ˆ÷Œ”yŒz","2017000000","","2017”N","00120","","Ä¥","00110","","È","00100","","‘”","","76,092","4,542","5,648","9,101","6,235","5,724","5,844","6,848","6,151","5,830","5,367","6,970","7,832"
"10270","","¥ˆ÷Œ”yŒz","2017000000","","2017”N","00120","","Ä¥","00110","","È","00210","","19ÎˆÈ‰º","","81","2","3","6","3","7","8","11","4","6","8","10","13"
"10270","","¥ˆ÷Œ”yŒz","2017000000","","2017”N","00120","","Ä¥","00110","","È","00230","","20`24Î","","2,483","125","166","235","192","217","180","213","211","224","221","203","296"
"10270","","¥ˆ÷Œ”yŒz","2017000000","","2017”N","00120","","Ä¥","00110","","È","00240","","25`29Î","","9,165","585","730","1,116","661","637","632","839","756","703","658","827","1,021"
"10270","","¥ˆ÷Œ”yŒz","2017000000","","2017”N","00120","","Ä¥","00110","","È","00250","","30`34Î","","15,705","961","1,247","2,180","1,196","1,089","1,097","1,431","1,297","1,143","1,019","1,493","1,552"
"10270","","¥ˆ÷Œ”yŒz","2017000000","","2017”N","00120","","Ä¥","00110","","È","00260","","35`39Î","","15,627","988","1,222","2,046","1,338","1,111","1,115","1,427","1,279","1,127","1,042","1,379","1,553"
"10270","","¥ˆ÷Œ”yŒz","2017000000","","2017”N","00120","","Ä¥","00110","","È","00280","","40`44Î","","11,757","683","852","1,451","1,031","881","934","1,051","943","879","791","1,081","1,180"
"10270","","¥ˆ÷Œ”yŒz","2017000000","","2017”N","00120","","Ä¥","00110","","È","00300","","45`49Î","","8,612","487","563","894","779","720","738","794","676","679","604","783","895"
"10270","","¥ˆ÷Œ”yŒz","2017000000","","2017”N","00120","","Ä¥","00110","","È","00320","","50`54Î","","5,536","270","375","519","449","459","527","529","416","474","396","526","596"
"10270","","¥ˆ÷Œ”yŒz","2017000000","","2017”N","00120","","Ä¥","00110","","È","00340","","55`59Î","","3,017","180","210","283","231","261","267","250","228","255","259","296","297"
"10270","","¥ˆ÷Œ”yŒz","2017000000","","2017”N","00120","","Ä¥","00110","","È","00350","","60`64Î","","1,636","105","101","134","142","145","145","127","137","128","151","155","166"
"10270","","¥ˆ÷Œ”yŒz","2017000000","","2017”N","00120","","Ä¥","00110","","È","00360","","65`69Î","","1,304","83","84","138","111","115","115","87","109","95","115","109","143"
"10270","","¥ˆ÷Œ”yŒz","2017000000","","2017”N","00120","","Ä¥","00110","","È","00370","","70`74Î","","668","44","53","55","54","46","47","54","52","70","59","61","73"
"10270","","¥ˆ÷Œ”yŒz","2017000000","","2017”N","00120","","Ä¥","00110","","È","00380","","75`79Î","","340","24","30","27","33","26","29","21","28","33","32","25","32"
"10270","","¥ˆ÷Œ”yŒz","2017000000","","2017”N","00120","","Ä¥","00110","","È","00390","","80ÎˆÈã","","161","5","12","17","15","10","10","14","15","14","12","22","15"
"10270","","¥ˆ÷Œ”yŒz","2017000000","","2017”N","00120","","Ä¥","00110","","È","00450","","•sÚ","","-","-","-","-","-","-","-","-","-","-","-","-","-"
"10270","","¥ˆ÷Œ”yŒz","2016000000","","2016”N","00100","","‘”","00100","","•v","00100","","‘”","","496,584","25,539","37,082","53,030","36,880","39,811","38,068","49,400","40,995","36,168","36,465","54,390","48,756"
"10270","","¥ˆ÷Œ”yŒz","2016000000","","2016”N","00100","","‘”","00100","","•v","00210","","19ÎˆÈ‰º","","4,895","237","312","475","408","442","452","469","428","392","363","467","450"
"10270","","¥ˆ÷Œ”yŒz","2016000000","","2016”N","00100","","‘”","00100","","•v","00230","","20`24Î","","51,631","2,607","3,875","5,180","3,745","4,096","4,259","5,057","4,234","3,980","4,023","5,312","5,263"
"10270","","¥ˆ÷Œ”yŒz","2016000000","","2016”N","00100","","‘”","00100","","•v","00240","","25`29Î","","156,451","7,542","11,938","17,374","11,185","12,934","11,416","15,623","12,919","11,456","11,483","17,671","14,910"
"10270","","¥ˆ÷Œ”yŒz","2016000000","","2016”N","00100","","‘”","00100","","•v","00250","","30`34Î","","120,165","6,300","8,983","12,607","8,740","9,786","8,917","12,247","10,068","8,587","8,740","13,731","11,459"
"10270","","¥ˆ÷Œ”yŒz","2016000000","","2016”N","00100","","‘”","00100","","•v","00260","","35`39Î","","72,794","3,905","5,491","7,830","5,458","5,438","5,454","7,375","5,986","5,156","5,261","8,065","7,375"
"10270","","¥ˆ÷Œ”yŒz","2016000000","","2016”N","00100","","‘”","00100","","•v","00280","","40`44Î","","43,247","2,405","3,170","4,744","3,480","3,323","3,348","4,275","3,515","3,120","3,095","4,436","4,336"
"10270","","¥ˆ÷Œ”yŒz","2016000000","","2016”N","00100","","‘”","00100","","•v","00300","","45`49Î","","21,369","1,131","1,528","2,258","1,695","1,662","1,869","1,989","1,731","1,479","1,510","2,220","2,297"
"10270","","¥ˆ÷Œ”yŒz","2016000000","","2016”N","00100","","‘”","00100","","•v","00320","","50`54Î","","10,679","579","748","1,068","916","843","1,002","988","837","783","780","1,024","1,111"
"10270","","¥ˆ÷Œ”yŒz","2016000000","","2016”N","00100","","‘”","00100","","•v","00340","","55`59Î","","6,033","342","408","620","482","523","532","549","489","469","469","545","605"
"10270","","¥ˆ÷Œ”yŒz","2016000000","","2016”N","00100","","‘”","00100","","•v","00350","","60`64Î","","4,117","205","271","420","361","355","351","379","347","310","305","399","414"
"10270","","¥ˆ÷Œ”yŒz","2016000000","","2016”N","00100","","‘”","00100","","•v","00360","","65`69Î","","2,978","158","201","268","225","241","272","258","246","247","255","303","304"
"10270","","¥ˆ÷Œ”yŒz","2016000000","","2016”N","00100","","‘”","00100","","•v","00370","","70`74Î","","1,154","63","73","88","112","93","102","105","97","99","89","117","116"
"10270","","¥ˆ÷Œ”yŒz","2016000000","","2016”N","00100","","‘”","00100","","•v","00380","","75`79Î","","643","36","41","56","49","44","57","53","64","45","63","64","71"
"10270","","¥ˆ÷Œ”yŒz","2016000000","","2016”N","00100","","‘”","00100","","•v","00390","","80ÎˆÈã","","426","29","43","42","23","31","37","33","33","45","29","36","45"
"10270","","¥ˆ÷Œ”yŒz","2016000000","","2016”N","00100","","‘”","00100","","•v","00450","","•sÚ","","2","-","-","-","1","-","-","-","1","-","-","-","-"
"10270","","¥ˆ÷Œ”yŒz","2016000000","","2016”N","00100","","‘”","00110","","È","00100","","‘”","","496,584","25,539","37,082","53,030","36,880","39,811","38,068","49,400","40,995","36,168","36,465","54,390","48,756"
"10270","","¥ˆ÷Œ”yŒz","2016000000","","2016”N","00100","","‘”","00110","","È","00210","","19ÎˆÈ‰º","","8,927","427","572","822","750","775","809","849","785","700","693","887","858"
"10270","","¥ˆ÷Œ”yŒz","2016000000","","2016”N","00100","","‘”","00110","","È","00230","","20`24Î","","76,060","3,699","5,626","7,641","5,499","6,043","6,055","7,630","6,243","5,870","5,888","8,197","7,669"
"10270","","¥ˆ÷Œ”yŒz","2016000000","","2016”N","00100","","‘”","00110","","È","00240","","25`29Î","","183,701","8,897","14,083","20,109","13,170","15,094","13,479","18,400","15,347","13,383","13,654","20,744","17,341"
"10270","","¥ˆ÷Œ”yŒz","2016000000","","2016”N","00100","","‘”","00110","","È","00250","","30`34Î","","113,551","6,160","8,515","12,199","8,368","9,120","8,342","11,479","9,309","7,949","8,190","12,794","11,126"
"10270","","¥ˆ÷Œ”yŒz","2016000000","","2016”N","00100","","‘”","00110","","È","00260","","35`39Î","","59,863","3,394","4,458","6,557","4,574","4,502","4,658","5,961","4,970","4,314","4,138","6,390","5,947"
"10270","","¥ˆ÷Œ”yŒz","2016000000","","2016”N","00100","","‘”","00110","","È","00280","","40`44Î","","27,655","1,544","2,006","3,063","2,252","2,068","2,306","2,693","2,190","2,028","1,875","2,689","2,941"
"10270","","¥ˆ÷Œ”yŒz","2016000000","","2016”N","00100","","‘”","00110","","È","00300","","45`49Î","","12,589","629","821","1,309","1,081","1,024","1,110","1,163","1,006","890","901","1,261","1,394"
"10270","","¥ˆ÷Œ”yŒz","2016000000","","2016”N","00100","","‘”","00110","","È","00320","","50`54Î","","6,576","347","457","618","574","559","624","564","506","479","509","640","699"
"10270","","¥ˆ÷Œ”yŒz","2016000000","","2016”N","00100","","‘”","00110","","È","00340","","55`59Î","","3,338","197","227","301","276","280","292","301","268","222","269","352","353"
"10270","","¥ˆ÷Œ”yŒz","2016000000","","2016”N","00100","","‘”","00110","","È","00350","","60`64Î","","1,840","97","153","171","148","161","174","162","162","126","146","174","166"
"10270","","¥ˆ÷Œ”yŒz","2016000000","","2016”N","00100","","‘”","00110","","È","00360","","65`69Î","","1,416","76","94","140","113","111","121","116","110","128","114","150","143"
"10270","","¥ˆ÷Œ”yŒz","2016000000","","2016”N","00100","","‘”","00110","","È","00370","","70`74Î","","623","41","41","54","44","42","57","57","56","42","59","66","64"
"10270","","¥ˆ÷Œ”yŒz","2016000000","","2016”N","00100","","‘”","00110","","È","00380","","75`79Î","","304","21","19","39","17","24","28","19","26","23","21","31","36"
"10270","","¥ˆ÷Œ”yŒz","2016000000","","2016”N","00100","","‘”","00110","","È","00390","","80ÎˆÈã","","139","10","10","7","13","8","13","6","16","14","8","15","19"
"10270","","¥ˆ÷Œ”yŒz","2016000000","","2016”N","00100","","‘”","00110","","È","00450","","•sÚ","","2","-","-","-","1","-","-","-","1","-","-","-","-"
"10270","","¥ˆ÷Œ”yŒz","2016000000","","2016”N","00110","","‰¥","00100","","•v","00100","","‘”","","405,153","20,508","30,410","43,317","29,485","32,901","30,731","40,520","33,214","29,464","29,998","45,203","39,402"
"10270","","¥ˆ÷Œ”yŒz","2016000000","","2016”N","00110","","‰¥","00100","","•v","00210","","19ÎˆÈ‰º","","4,877","235","311","474","408","442","450","468","426","390","360","465","448"
"10270","","¥ˆ÷Œ”yŒz","2016000000","","2016”N","00110","","‰¥","00100","","•v","00230","","20`24Î","","50,212","2,525","3,794","5,066","3,631","3,975","4,142","4,929","4,105","3,868","3,904","5,156","5,117"
"10270","","¥ˆ÷Œ”yŒz","2016000000","","2016”N","00110","","‰¥","00100","","•v","00240","","25`29Î","","150,197","7,205","11,449","16,717","10,726","12,471","10,910","15,025","12,395","10,968","11,032","16,974","14,325"
"10270","","¥ˆ÷Œ”yŒz","2016000000","","2016”N","00110","","‰¥","00100","","•v","00250","","30`34Î","","105,303","5,399","7,864","11,064","7,633","8,643","7,821","10,720","8,741","7,494","7,746","12,183","9,995"
"10270","","¥ˆ÷Œ”yŒz","2016000000","","2016”N","00110","","‰¥","00100","","•v","00260","","35`39Î","","53,970","2,880","4,037","5,697","3,944","4,159","4,057","5,520","4,367","3,782","3,973","6,080","5,474"
"10270","","¥ˆ÷Œ”yŒz","2016000000","","2016”N","00110","","‰¥","00100","","•v","00280","","40`44Î","","26,061","1,494","1,925","2,796","2,025","2,089","2,038","2,513","2,061","1,894","1,898","2,778","2,550"
"10270","","¥ˆ÷Œ”yŒz","2016000000","","2016”N","00110","","‰¥","00100","","•v","00300","","45`49Î","","9,244","469","660","969","713","699","852","870","728","623","668","1,033","960"
"10270","","¥ˆ÷Œ”yŒz","2016000000","","2016”N","00110","","‰¥","00100","","•v","00320","","50`54Î","","3,043","174","228","321","230","238","262","264","212","249","237","314","314"
"10270","","¥ˆ÷Œ”yŒz","2016000000","","2016”N","00110","","‰¥","00100","","•v","00340","","55`59Î","","1,206","73","73","107","94","96","117","115","94","107","92","118","120"
"10270","","¥ˆ÷Œ”yŒz","2016000000","","2016”N","00110","","‰¥","00100","","•v","00350","","60`64Î","","594","29","40","65","48","51","44","69","50","47","45","53","53"
"10270","","¥ˆ÷Œ”yŒz","2016000000","","2016”N","00110","","‰¥","00100","","•v","00360","","65`69Î","","333","16","25","32","24","28","32","22","27","30","29","34","34"
"10270","","¥ˆ÷Œ”yŒz","2016000000","","2016”N","00110","","‰¥","00100","","•v","00370","","70`74Î","","72","7","2","6","5","8","2","3","3","10","11","10","5"
"10270","","¥ˆ÷Œ”yŒz","2016000000","","2016”N","00110","","‰¥","00100","","•v","00380","","75`79Î","","27","1","-","2","2","1","4","1","4","1","3","3","5"
"10270","","¥ˆ÷Œ”yŒz","2016000000","","2016”N","00110","","‰¥","00100","","•v","00390","","80ÎˆÈã","","12","1","2","1","1","1","-","1","-","1","-","2","2"
"10270","","¥ˆ÷Œ”yŒz","2016000000","","2016”N","00110","","‰¥","00100","","•v","00450","","•sÚ","","2","-","-","-","1","-","-","-","1","-","-","-","-"
"10270","","¥ˆ÷Œ”yŒz","2016000000","","2016”N","00110","","‰¥","00110","","È","00100","","‘”","","418,020","21,096","31,190","43,819","30,213","34,097","31,955","42,214","34,143","30,659","31,038","46,900","40,696"
"10270","","¥ˆ÷Œ”yŒz","2016000000","","2016”N","00110","","‰¥","00110","","È","00210","","19ÎˆÈ‰º","","8,832","420","565","813","743","767","799","846","779","686","687","879","848"
"10270","","¥ˆ÷Œ”yŒz","2016000000","","2016”N","00110","","‰¥","00110","","È","00230","","20`24Î","","73,407","3,561","5,422","7,394","5,307","5,849","5,848","7,398","6,000","5,654","5,653","7,947","7,374"
"10270","","¥ˆ÷Œ”yŒz","2016000000","","2016”N","00110","","‰¥","00110","","È","00240","","25`29Î","","174,108","8,364","13,276","18,928","12,425","14,436","12,815","17,534","14,462","12,693","13,009","19,784","16,382"
"10270","","¥ˆ÷Œ”yŒz","2016000000","","2016”N","00110","","‰¥","00110","","È","00250","","30`34Î","","97,033","5,172","7,222","10,104","6,954","7,999","7,174","9,956","7,831","6,854","7,132","11,207","9,428"
"10270","","¥ˆ÷Œ”yŒz","2016000000","","2016”N","00110","","‰¥","00110","","È","00260","","35`39Î","","43,533","2,432","3,187","4,486","3,198","3,402","3,473","4,443","3,499","3,157","3,102","4,847","4,307"
"10270","","¥ˆ÷Œ”yŒz","2016000000","","2016”N","00110","","‰¥","00110","","È","00280","","40`44Î","","15,147","827","1,094","1,524","1,129","1,160","1,287","1,532","1,152","1,166","1,028","1,581","1,667"
"10270","","¥ˆ÷Œ”yŒz","2016000000","","2016”N","00110","","‰¥","00110","","È","00300","","45`49Î","","4,025","209","274","394","302","321","373","360","282","310","279","461","460"
"10270","","¥ˆ÷Œ”yŒz","2016000000","","2016”N","00110","","‰¥","00110","","È","00320","","50`54Î","","1,191","62","88","113","95","102","117","89","84","78","89","128","146"
"10270","","¥ˆ÷Œ”yŒz","2016000000","","2016”N","00110","","‰¥","00110","","È","00340","","55`59Î","","404","33","29","32","32","29","35","34","31","27","34","35","53"
"10270","","¥ˆ÷Œ”yŒz","2016000000","","2016”N","00110","","‰¥","00110","","È","00350","","60`64Î","","176","9","19","18","15","20","16","7","14","14","15","16","13"
"10270","","¥ˆ÷Œ”yŒz","2016000000","","2016”N","00110","","‰¥","00110","","È","00360","","65`69Î","","98","5","8","10","7","7","12","8","4","16","6","8","7"
"10270","","¥ˆ÷Œ”yŒz","2016000000","","2016”N","00110","","‰¥","00110","","È","00370","","70`74Î","","39","1","4","1","2","2","3","7","-","2","4","5","8"
"10270","","¥ˆ÷Œ”yŒz","2016000000","","2016”N","00110","","‰¥","00110","","È","00380","","75`79Î","","10","1","-","1","1","2","2","-","2","-","-","-","1"
"10270","","¥ˆ÷Œ”yŒz","2016000000","","2016”N","00110","","‰¥","00110","","È","00390","","80ÎˆÈã","","15","-","2","1","2","1","1","-","2","2","-","2","2"
"10270","","¥ˆ÷Œ”yŒz","2016000000","","2016”N","00110","","‰¥","00110","","È","00450","","•sÚ","","2","-","-","-","1","-","-","-","1","-","-","-","-"
"10270","","¥ˆ÷Œ”yŒz","2016000000","","2016”N","00120","","Ä¥","00100","","•v","00100","","‘”","","91,431","5,031","6,672","9,713","7,395","6,910","7,337","8,880","7,781","6,704","6,467","9,187","9,354"
"10270","","¥ˆ÷Œ”yŒz","2016000000","","2016”N","00120","","Ä¥","00100","","•v","00210","","19ÎˆÈ‰º","","18","2","1","1","-","-","2","1","2","2","3","2","2"
"10270","","¥ˆ÷Œ”yŒz","2016000000","","2016”N","00120","","Ä¥","00100","","•v","00230","","20`24Î","","1,419","82","81","114","114","121","117","128","129","112","119","156","146"
"10270","","¥ˆ÷Œ”yŒz","2016000000","","2016”N","00120","","Ä¥","00100","","•v","00240","","25`29Î","","6,254","337","489","657","459","463","506","598","524","488","451","697","585"
"10270","","¥ˆ÷Œ”yŒz","2016000000","","2016”N","00120","","Ä¥","00100","","•v","00250","","30`34Î","","14,862","901","1,119","1,543","1,107","1,143","1,096","1,527","1,327","1,093","994","1,548","1,464"
"10270","","¥ˆ÷Œ”yŒz","2016000000","","2016”N","00120","","Ä¥","00100","","•v","00260","","35`39Î","","18,824","1,025","1,454","2,133","1,514","1,279","1,397","1,855","1,619","1,374","1,288","1,985","1,901"
"10270","","¥ˆ÷Œ”yŒz","2016000000","","2016”N","00120","","Ä¥","00100","","•v","00280","","40`44Î","","17,186","911","1,245","1,948","1,455","1,234","1,310","1,762","1,454","1,226","1,197","1,658","1,786"
"10270","","¥ˆ÷Œ”yŒz","2016000000","","2016”N","00120","","Ä¥","00100","","•v","00300","","45`49Î","","12,125","662","868","1,289","982","963","1,017","1,119","1,003","856","842","1,187","1,337"
"10270","","¥ˆ÷Œ”yŒz","2016000000","","2016”N","00120","","Ä¥","00100","","•v","00320","","50`54Î","","7,636","405","520","747","686","605","740","724","625","534","543","710","797"
"10270","","¥ˆ÷Œ”yŒz","2016000000","","2016”N","00120","","Ä¥","00100","","•v","00340","","55`59Î","","4,827","269","335","513","388","427","415","434","395","362","377","427","485"
"10270","","¥ˆ÷Œ”yŒz","2016000000","","2016”N","00120","","Ä¥","00100","","•v","00350","","60`64Î","","3,523","176","231","355","313","304","307","310","297","263","260","346","361"
"10270","","¥ˆ÷Œ”yŒz","2016000000","","2016”N","00120","","Ä¥","00100","","•v","00360","","65`69Î","","2,645","142","176","236","201","213","240","236","219","217","226","269","270"
"10270","","¥ˆ÷Œ”yŒz","2016000000","","2016”N","00120","","Ä¥","00100","","•v","00370","","70`74Î","","1,082","56","71","82","107","85","100","102","94","89","78","107","111"
"10270","","¥ˆ÷Œ”yŒz","2016000000","","2016”N","00120","","Ä¥","00100","","•v","00380","","75`79Î","","616","35","41","54","47","43","53","52","60","44","60","61","66"
"10270","","¥ˆ÷Œ”yŒz","2016000000","","2016”N","00120","","Ä¥","00100","","•v","00390","","80ÎˆÈã","","414","28","41","41","22","30","37","32","33","44","29","34","43"
"10270","","¥ˆ÷Œ”yŒz","2016000000","","2016”N","00120","","Ä¥","00100","","•v","00450","","•sÚ","","-","-","-","-","-","-","-","-","-","-","-","-","-"
"10270","","¥ˆ÷Œ”yŒz","2016000000","","2016”N","00120","","Ä¥","00110","","È","00100","","‘”","","78,564","4,443","5,892","9,211","6,667","5,714","6,113","7,186","6,852","5,509","5,427","7,490","8,060"
"10270","","¥ˆ÷Œ”yŒz","2016000000","","2016”N","00120","","Ä¥","00110","","È","00210","","19ÎˆÈ‰º","","95","7","7","9","7","8","10","3","6","14","6","8","10"
"10270","","¥ˆ÷Œ”yŒz","2016000000","","2016”N","00120","","Ä¥","00110","","È","00230","","20`24Î","","2,653","138","204","247","192","194","207","232","243","216","235","250","295"
"10270","","¥ˆ÷Œ”yŒz","2016000000","","2016”N","00120","","Ä¥","00110","","È","00240","","25`29Î","","9,593","533","807","1,181","745","658","664","866","885","690","645","960","959"
"10270","","¥ˆ÷Œ”yŒz","2016000000","","2016”N","00120","","Ä¥","00110","","È","00250","","30`34Î","","16,518","988","1,293","2,095","1,414","1,121","1,168","1,523","1,478","1,095","1,058","1,587","1,698"
"10270","","¥ˆ÷Œ”yŒz","2016000000","","2016”N","00120","","Ä¥","00110","","È","00260","","35`39Î","","16,330","962","1,271","2,071","1,376","1,100","1,185","1,518","1,471","1,157","1,036","1,543","1,640"
"10270","","¥ˆ÷Œ”yŒz","2016000000","","2016”N","00120","","Ä¥","00110","","È","00280","","40`44Î","","12,508","717","912","1,539","1,123","908","1,019","1,161","1,038","862","847","1,108","1,274"
"10270","","¥ˆ÷Œ”yŒz","2016000000","","2016”N","00120","","Ä¥","00110","","È","00300","","45`49Î","","8,564","420","547","915","779","703","737","803","724","580","622","800","934"
"10270","","¥ˆ÷Œ”yŒz","2016000000","","2016”N","00120","","Ä¥","00110","","È","00320","","50`54Î","","5,385","285","369","505","479","457","507","475","422","401","420","512","553"
"10270","","¥ˆ÷Œ”yŒz","2016000000","","2016”N","00120","","Ä¥","00110","","È","00340","","55`59Î","","2,934","164","198","269","244","251","257","267","237","195","235","317","300"
"10270","","¥ˆ÷Œ”yŒz","2016000000","","2016”N","00120","","Ä¥","00110","","È","00350","","60`64Î","","1,664","88","134","153","133","141","158","155","148","112","131","158","153"
"10270","","¥ˆ÷Œ”yŒz","2016000000","","2016”N","00120","","Ä¥","00110","","È","00360","","65`69Î","","1,318","71","86","130","106","104","109","108","106","112","108","142","136"
"10270","","¥ˆ÷Œ”yŒz","2016000000","","2016”N","00120","","Ä¥","00110","","È","00370","","70`74Î","","584","40","37","53","42","40","54","50","56","40","55","61","56"
"10270","","¥ˆ÷Œ”yŒz","2016000000","","2016”N","00120","","Ä¥","00110","","È","00380","","75`79Î","","294","20","19","38","16","22","26","19","24","23","21","31","35"
"10270","","¥ˆ÷Œ”yŒz","2016000000","","2016”N","00120","","Ä¥","00110","","È","00390","","80ÎˆÈã","","124","10","8","6","11","7","12","6","14","12","8","13","17"
"10270","","¥ˆ÷Œ”yŒz","2016000000","","2016”N","00120","","Ä¥","00110","","È","00450","","•sÚ","","-","-","-","-","-","-","-","-","-","-","-","-","-"
"10270","","¥ˆ÷Œ”yŒz","2015000000","","2015”N","00100","","‘”","00100","","•v","00100","","‘”","","512,950","27,269","32,847","56,339","38,063","46,063","36,079","48,407","43,025","37,105","41,554","54,442","51,757"
"10270","","¥ˆ÷Œ”yŒz","2015000000","","2015”N","00100","","‘”","00100","","•v","00210","","19ÎˆÈ‰º","","5,204","254","290","502","469","480","441","502","407","394","434","507","524"
"10270","","¥ˆ÷Œ”yŒz","2015000000","","2015”N","00100","","‘”","00100","","•v","00230","","20`24Î","","52,328","2,719","3,292","5,313","3,912","4,578","4,001","4,995","4,498","4,161","4,306","5,124","5,429"
"10270","","¥ˆ÷Œ”yŒz","2015000000","","2015”N","00100","","‘”","00100","","•v","00240","","25`29Î","","161,606","8,285","10,753","18,643","11,605","14,812","11,037","15,178","13,722","11,597","13,020","17,368","15,586"
"10270","","¥ˆ÷Œ”yŒz","2015000000","","2015”N","00100","","‘”","00100","","•v","00250","","30`34Î","","125,113","6,719","7,976","13,864","9,033","11,341","8,414","11,904","10,687","8,959","10,100","13,815","12,301"
"10270","","¥ˆ÷Œ”yŒz","2015000000","","2015”N","00100","","‘”","00100","","•v","00260","","35`39Î","","76,810","4,304","4,954","8,419","5,657","6,915","5,174","7,377","6,254","5,383","6,215","8,321","7,837"
"10270","","¥ˆ÷Œ”yŒz","2015000000","","2015”N","00100","","‘”","00100","","•v","00280","","40`44Î","","44,747","2,468","2,790","4,868","3,516","4,001","3,258","4,251","3,671","3,118","3,564","4,527","4,715"
"10270","","¥ˆ÷Œ”yŒz","2015000000","","2015”N","00100","","‘”","00100","","•v","00300","","45`49Î","","20,637","1,108","1,238","2,167","1,687","1,770","1,543","1,952","1,614","1,454","1,626","2,106","2,372"
"10270","","¥ˆ÷Œ”yŒz","2015000000","","2015”N","00100","","‘”","00100","","•v","00320","","50`54Î","","10,660","540","624","1,119","842","900","863","912","919","787","876","1,073","1,205"
"10270","","¥ˆ÷Œ”yŒz","2015000000","","2015”N","00100","","‘”","00100","","•v","00340","","55`59Î","","6,179","320","359","589","524","502","519","504","490","484","510","652","726"
"10270","","¥ˆ÷Œ”yŒz","2015000000","","2015”N","00100","","‘”","00100","","•v","00350","","60`64Î","","4,368","251","247","430","364","336","344","390","345","349","394","417","501"
"10270","","¥ˆ÷Œ”yŒz","2015000000","","2015”N","00100","","‘”","00100","","•v","00360","","65`69Î","","2,854","141","167","241","249","247","245","246","242","228","269","293","286"
"10270","","¥ˆ÷Œ”yŒz","2015000000","","2015”N","00100","","‘”","00100","","•v","00370","","70`74Î","","1,367","88","86","107","111","104","138","114","100","101","134","134","150"
"10270","","¥ˆ÷Œ”yŒz","2015000000","","2015”N","00100","","‘”","00100","","•v","00380","","75`79Î","","620","37","41","49","58","40","52","49","46","50","60","62","76"
"10270","","¥ˆ÷Œ”yŒz","2015000000","","2015”N","00100","","‘”","00100","","•v","00390","","80ÎˆÈã","","457","35","30","28","36","37","50","33","30","40","46","43","49"
"10270","","¥ˆ÷Œ”yŒz","2015000000","","2015”N","00100","","‘”","00100","","•v","00450","","•sÚ","","-","-","-","-","-","-","-","-","-","-","-","-","-"
"10270","","¥ˆ÷Œ”yŒz","2015000000","","2015”N","00100","","‘”","00110","","È","00100","","‘”","","512,950","27,269","32,847","56,339","38,063","46,063","36,079","48,407","43,025","37,105","41,554","54,442","51,757"
"10270","","¥ˆ÷Œ”yŒz","2015000000","","2015”N","00100","","‘”","00110","","È","00210","","19ÎˆÈ‰º","","9,494","476","531","883","836","834","811","889","762","768","775","944","985"
"10270","","¥ˆ÷Œ”yŒz","2015000000","","2015”N","00100","","‘”","00110","","È","00230","","20`24Î","","77,540","3,993","4,952","7,977","5,767","6,732","5,868","7,389","6,431","6,091","6,416","7,762","8,162"
"10270","","¥ˆ÷Œ”yŒz","2015000000","","2015”N","00100","","‘”","00110","","È","00240","","25`29Î","","188,822","9,737","12,343","21,578","13,659","17,303","12,836","17,720","16,060","13,670","15,375","20,570","17,971"
"10270","","¥ˆ÷Œ”yŒz","2015000000","","2015”N","00100","","‘”","00110","","È","00250","","30`34Î","","119,032","6,451","7,662","13,120","8,640","10,914","7,943","11,372","10,230","8,254","9,581","13,068","11,797"
"10270","","¥ˆ÷Œ”yŒz","2015000000","","2015”N","00100","","‘”","00110","","È","00260","","35`39Î","","63,420","3,632","4,072","7,073","4,731","5,735","4,352","6,000","5,179","4,396","5,015","6,642","6,593"
"10270","","¥ˆ÷Œ”yŒz","2015000000","","2015”N","00100","","‘”","00110","","È","00280","","40`44Î","","28,099","1,589","1,737","3,087","2,200","2,399","2,096","2,698","2,270","1,947","2,122","2,754","3,200"
"10270","","¥ˆ÷Œ”yŒz","2015000000","","2015”N","00100","","‘”","00110","","È","00300","","45`49Î","","11,962","591","685","1,281","983","988","960","1,131","960","817","999","1,157","1,410"
"10270","","¥ˆ÷Œ”yŒz","2015000000","","2015”N","00100","","‘”","00110","","È","00320","","50`54Î","","6,571","348","376","640","554","534","518","582","509","535","495","705","775"
"10270","","¥ˆ÷Œ”yŒz","2015000000","","2015”N","00100","","‘”","00110","","È","00340","","55`59Î","","3,363","196","203","310","253","274","292","254","280","260","315","355","371"
"10270","","¥ˆ÷Œ”yŒz","2015000000","","2015”N","00100","","‘”","00110","","È","00350","","60`64Î","","1,971","102","104","172","191","158","154","176","154","164","184","206","206"
"10270","","¥ˆ÷Œ”yŒz","2015000000","","2015”N","00100","","‘”","00110","","È","00360","","65`69Î","","1,469","61","96","125","136","106","142","108","105","105","161","160","164"
"10270","","¥ˆ÷Œ”yŒz","2015000000","","2015”N","00100","","‘”","00110","","È","00370","","70`74Î","","737","57","55","54","70","47","68","50","56","65","68","66","81"
"10270","","¥ˆ÷Œ”yŒz","2015000000","","2015”N","00100","","‘”","00110","","È","00380","","75`79Î","","332","21","21","32","30","30","32","25","20","25","32","38","26"
"10270","","¥ˆ÷Œ”yŒz","2015000000","","2015”N","00100","","‘”","00110","","È","00390","","80ÎˆÈã","","137","15","9","7","13","9","7","13","9","8","16","15","16"
"10270","","¥ˆ÷Œ”yŒz","2015000000","","2015”N","00100","","‘”","00110","","È","00450","","•sÚ","","1","-","1","-","-","-","-","-","-","-","-","-","-"
"10270","","¥ˆ÷Œ”yŒz","2015000000","","2015”N","00110","","‰¥","00100","","•v","00100","","‘”","","418,565","22,065","26,998","46,464","30,503","38,219","29,190","39,414","34,957","30,087","34,024","45,265","41,379"
"10270","","¥ˆ÷Œ”yŒz","2015000000","","2015”N","00110","","‰¥","00100","","•v","00210","","19ÎˆÈ‰º","","5,179","254","287","500","469","479","439","499","406","392","432","503","519"
"10270","","¥ˆ÷Œ”yŒz","2015000000","","2015”N","00110","","‰¥","00100","","•v","00230","","20`24Î","","50,974","2,649","3,202","5,207","3,810","4,462","3,900","4,863","4,367","4,056","4,177","4,997","5,284"
"10270","","¥ˆ÷Œ”yŒz","2015000000","","2015”N","00110","","‰¥","00100","","•v","00240","","25`29Î","","154,920","7,923","10,337","17,978","11,105","14,282","10,572","14,548","13,103","11,113","12,436","16,694","14,829"
"10270","","¥ˆ÷Œ”yŒz","2015000000","","2015”N","00110","","‰¥","00100","","•v","00250","","30`34Î","","109,715","5,832","7,038","12,208","7,816","10,059","7,385","10,426","9,333","7,778","8,901","12,313","10,626"
"10270","","¥ˆ÷Œ”yŒz","2015000000","","2015”N","00110","","‰¥","00100","","•v","00260","","35`39Î","","57,063","3,193","3,669","6,297","4,140","5,257","3,814","5,408","4,570","3,935","4,698","6,387","5,695"
"10270","","¥ˆ÷Œ”yŒz","2015000000","","2015”N","00110","","‰¥","00100","","•v","00280","","40`44Î","","26,762","1,458","1,654","2,877","2,059","2,461","1,985","2,460","2,112","1,813","2,245","2,812","2,826"
"10270","","¥ˆ÷Œ”yŒz","2015000000","","2015”N","00110","","‰¥","00100","","•v","00300","","45`49Î","","8,798","465","510","899","682","786","651","809","649","613","719","1,001","1,014"
"10270","","¥ˆ÷Œ”yŒz","2015000000","","2015”N","00110","","‰¥","00100","","•v","00320","","50`54Î","","2,950","152","161","287","251","257","269","237","231","220","233","321","331"
"10270","","¥ˆ÷Œ”yŒz","2015000000","","2015”N","00110","","‰¥","00100","","•v","00340","","55`59Î","","1,185","70","80","115","89","92","93","79","114","89","95","131","138"
"10270","","¥ˆ÷Œ”yŒz","2015000000","","2015”N","00110","","‰¥","00100","","•v","00350","","60`64Î","","637","48","35","63","53","53","47","48","50","49","54","60","77"
"10270","","¥ˆ÷Œ”yŒz","2015000000","","2015”N","00110","","‰¥","00100","","•v","00360","","65`69Î","","278","16","19","26","20","23","30","24","16","18","25","32","29"
"10270","","¥ˆ÷Œ”yŒz","2015000000","","2015”N","00110","","‰¥","00100","","•v","00370","","70`74Î","","70","5","3","4","7","5","4","10","4","7","6","13","2"
"10270","","¥ˆ÷Œ”yŒz","2015000000","","2015”N","00110","","‰¥","00100","","•v","00380","","75`79Î","","26","-","2","1","2","3","-","1","2","4","3","-","8"
"10270","","¥ˆ÷Œ”yŒz","2015000000","","2015”N","00110","","‰¥","00100","","•v","00390","","80ÎˆÈã","","8","-","1","2","-","-","1","2","-","-","-","1","1"
"10270","","¥ˆ÷Œ”yŒz","2015000000","","2015”N","00110","","‰¥","00100","","•v","00450","","•sÚ","","-","-","-","-","-","-","-","-","-","-","-","-","-"
"10270","","¥ˆ÷Œ”yŒz","2015000000","","2015”N","00110","","‰¥","00110","","È","00100","","‘”","","432,556","22,684","27,570","46,786","31,226","39,799","30,477","41,154","36,139","31,337","35,341","47,179","42,864"
"10270","","¥ˆ÷Œ”yŒz","2015000000","","2015”N","00110","","‰¥","00110","","È","00210","","19ÎˆÈ‰º","","9,399","467","529","876","826","830","808","884","750","762","763","931","973"
"10270","","¥ˆ÷Œ”yŒz","2015000000","","2015”N","00110","","‰¥","00110","","È","00230","","20`24Î","","74,923","3,847","4,782","7,733","5,577","6,546","5,679","7,155","6,200","5,877","6,192","7,516","7,819"
"10270","","¥ˆ÷Œ”yŒz","2015000000","","2015”N","00110","","‰¥","00110","","È","00240","","25`29Î","","179,062","9,150","11,645","20,397","12,826","16,596","12,227","16,883","15,160","12,953","14,632","19,729","16,864"
"10270","","¥ˆ÷Œ”yŒz","2015000000","","2015”N","00110","","‰¥","00110","","È","00250","","30`34Î","","101,820","5,402","6,479","10,889","7,215","9,594","6,865","9,805","8,697","7,056","8,307","11,566","9,945"
"10270","","¥ˆ÷Œ”yŒz","2015000000","","2015”N","00110","","‰¥","00110","","È","00260","","35`39Î","","46,304","2,599","2,893","4,825","3,277","4,354","3,269","4,439","3,712","3,241","3,760","5,188","4,747"
"10270","","¥ˆ÷Œ”yŒz","2015000000","","2015”N","00110","","‰¥","00110","","È","00280","","40`44Î","","15,359","892","928","1,555","1,077","1,382","1,178","1,469","1,191","1,028","1,222","1,617","1,820"
"10270","","¥ˆ÷Œ”yŒz","2015000000","","2015”N","00110","","‰¥","00110","","È","00300","","45`49Î","","3,814","216","209","353","283","344","321","353","296","263","311","407","458"
"10270","","¥ˆ÷Œ”yŒz","2015000000","","2015”N","00110","","‰¥","00110","","È","00320","","50`54Î","","1,169","69","69","116","86","95","84","102","73","102","81","143","149"
"10270","","¥ˆ÷Œ”yŒz","2015000000","","2015”N","00110","","‰¥","00110","","È","00340","","55`59Î","","372","23","15","24","28","31","24","30","36","28","38","40","55"
"10270","","¥ˆ÷Œ”yŒz","2015000000","","2015”N","00110","","‰¥","00110","","È","00350","","60`64Î","","158","8","8","10","12","15","12","17","12","12","18","21","13"
"10270","","¥ˆ÷Œ”yŒz","2015000000","","2015”N","00110","","‰¥","00110","","È","00360","","65`69Î","","108","7","4","8","10","6","8","11","7","7","14","14","12"
"10270","","¥ˆ÷Œ”yŒz","2015000000","","2015”N","00110","","‰¥","00110","","È","00370","","70`74Î","","41","3","5","-","6","2","1","5","4","5","1","3","6"
"10270","","¥ˆ÷Œ”yŒz","2015000000","","2015”N","00110","","‰¥","00110","","È","00380","","75`79Î","","20","-","3","-","3","4","-","1","1","3","-","3","2"
"10270","","¥ˆ÷Œ”yŒz","2015000000","","2015”N","00110","","‰¥","00110","","È","00390","","80ÎˆÈã","","6","1","-","-","-","-","1","-","-","-","2","1","1"
"10270","","¥ˆ÷Œ”yŒz","2015000000","","2015”N","00110","","‰¥","00110","","È","00450","","•sÚ","","1","-","1","-","-","-","-","-","-","-","-","-","-"
"10270","","¥ˆ÷Œ”yŒz","2015000000","","2015”N","00120","","Ä¥","00100","","•v","00100","","‘”","","94,385","5,204","5,849","9,875","7,560","7,844","6,889","8,993","8,068","7,018","7,530","9,177","10,378"
"10270","","¥ˆ÷Œ”yŒz","2015000000","","2015”N","00120","","Ä¥","00100","","•v","00210","","19ÎˆÈ‰º","","25","-","3","2","-","1","2","3","1","2","2","4","5"
"10270","","¥ˆ÷Œ”yŒz","2015000000","","2015”N","00120","","Ä¥","00100","","•v","00230","","20`24Î","","1,354","70","90","106","102","116","101","132","131","105","129","127","145"
"10270","","¥ˆ÷Œ”yŒz","2015000000","","2015”N","00120","","Ä¥","00100","","•v","00240","","25`29Î","","6,686","362","416","665","500","530","465","630","619","484","584","674","757"
"10270","","¥ˆ÷Œ”yŒz","2015000000","","2015”N","00120","","Ä¥","00100","","•v","00250","","30`34Î","","15,398","887","938","1,656","1,217","1,282","1,029","1,478","1,354","1,181","1,199","1,502","1,675"
"10270","","¥ˆ÷Œ”yŒz","2015000000","","2015”N","00120","","Ä¥","00100","","•v","00260","","35`39Î","","19,747","1,111","1,285","2,122","1,517","1,658","1,360","1,969","1,684","1,448","1,517","1,934","2,142"
"10270","","¥ˆ÷Œ”yŒz","2015000000","","2015”N","00120","","Ä¥","00100","","•v","00280","","40`44Î","","17,985","1,010","1,136","1,991","1,457","1,540","1,273","1,791","1,559","1,305","1,319","1,715","1,889"
"10270","","¥ˆ÷Œ”yŒz","2015000000","","2015”N","00120","","Ä¥","00100","","•v","00300","","45`49Î","","11,839","643","728","1,268","1,005","984","892","1,143","965","841","907","1,105","1,358"
"10270","","¥ˆ÷Œ”yŒz","2015000000","","2015”N","00120","","Ä¥","00100","","•v","00320","","50`54Î","","7,710","388","463","832","591","643","594","675","688","567","643","752","874"
"10270","","¥ˆ÷Œ”yŒz","2015000000","","2015”N","00120","","Ä¥","00100","","•v","00340","","55`59Î","","4,994","250","279","474","435","410","426","425","376","395","415","521","588"
"10270","","¥ˆ÷Œ”yŒz","2015000000","","2015”N","00120","","Ä¥","00100","","•v","00350","","60`64Î","","3,731","203","212","367","311","283","297","342","295","300","340","357","424"
"10270","","¥ˆ÷Œ”yŒz","2015000000","","2015”N","00120","","Ä¥","00100","","•v","00360","","65`69Î","","2,576","125","148","215","229","224","215","222","226","210","244","261","257"
"10270","","¥ˆ÷Œ”yŒz","2015000000","","2015”N","00120","","Ä¥","00100","","•v","00370","","70`74Î","","1,297","83","83","103","104","99","134","104","96","94","128","121","148"
"10270","","¥ˆ÷Œ”yŒz","2015000000","","2015”N","00120","","Ä¥","00100","","•v","00380","","75`79Î","","594","37","39","48","56","37","52","48","44","46","57","62","68"
"10270","","¥ˆ÷Œ”yŒz","2015000000","","2015”N","00120","","Ä¥","00100","","•v","00390","","80ÎˆÈã","","449","35","29","26","36","37","49","31","30","40","46","42","48"
"10270","","¥ˆ÷Œ”yŒz","2015000000","","2015”N","00120","","Ä¥","00100","","•v","00450","","•sÚ","","-","-","-","-","-","-","-","-","-","-","-","-","-"
"10270","","¥ˆ÷Œ”yŒz","2015000000","","2015”N","00120","","Ä¥","00110","","È","00100","","‘”","","80,394","4,585","5,277","9,553","6,837","6,264","5,602","7,253","6,886","5,768","6,213","7,263","8,893"
"10270","","¥ˆ÷Œ”yŒz","2015000000","","2015”N","00120","","Ä¥","00110","","È","00210","","19ÎˆÈ‰º","","95","9","2","7","10","4","3","5","12","6","12","13","12"
"10270","","¥ˆ÷Œ”yŒz","2015000000","","2015”N","00120","","Ä¥","00110","","È","00230","","20`24Î","","2,617","146","170","244","190","186","189","234","231","214","224","246","343"
"10270","","¥ˆ÷Œ”yŒz","2015000000","","2015”N","00120","","Ä¥","00110","","È","00240","","25`29Î","","9,760","587","698","1,181","833","707","609","837","900","717","743","841","1,107"
"10270","","¥ˆ÷Œ”yŒz","2015000000","","2015”N","00120","","Ä¥","00110","","È","00250","","30`34Î","","17,212","1,049","1,183","2,231","1,425","1,320","1,078","1,567","1,533","1,198","1,274","1,502","1,852"
"10270","","¥ˆ÷Œ”yŒz","2015000000","","2015”N","00120","","Ä¥","00110","","È","00260","","35`39Î","","17,116","1,033","1,179","2,248","1,454","1,381","1,083","1,561","1,467","1,155","1,255","1,454","1,846"
"10270","","¥ˆ÷Œ”yŒz","2015000000","","2015”N","00120","","Ä¥","00110","","È","00280","","40`44Î","","12,740","697","809","1,532","1,123","1,017","918","1,229","1,079","919","900","1,137","1,380"
"10270","","¥ˆ÷Œ”yŒz","2015000000","","2015”N","00120","","Ä¥","00110","","È","00300","","45`49Î","","8,148","375","476","928","700","644","639","778","664","554","688","750","952"
"10270","","¥ˆ÷Œ”yŒz","2015000000","","2015”N","00120","","Ä¥","00110","","È","00320","","50`54Î","","5,402","279","307","524","468","439","434","480","436","433","414","562","626"
"10270","","¥ˆ÷Œ”yŒz","2015000000","","2015”N","00120","","Ä¥","00110","","È","00340","","55`59Î","","2,991","173","188","286","225","243","268","224","244","232","277","315","316"
"10270","","¥ˆ÷Œ”yŒz","2015000000","","2015”N","00120","","Ä¥","00110","","È","00350","","60`64Î","","1,813","94","96","162","179","143","142","159","142","152","166","185","193"
"10270","","¥ˆ÷Œ”yŒz","2015000000","","2015”N","00120","","Ä¥","00110","","È","00360","","65`69Î","","1,361","54","92","117","126","100","134","97","98","98","147","146","152"
"10270","","¥ˆ÷Œ”yŒz","2015000000","","2015”N","00120","","Ä¥","00110","","È","00370","","70`74Î","","696","54","50","54","64","45","67","45","52","60","67","63","75"
"10270","","¥ˆ÷Œ”yŒz","2015000000","","2015”N","00120","","Ä¥","00110","","È","00380","","75`79Î","","312","21","18","32","27","26","32","24","19","22","32","35","24"
"10270","","¥ˆ÷Œ”yŒz","2015000000","","2015”N","00120","","Ä¥","00110","","È","00390","","80ÎˆÈã","","131","14","9","7","13","9","6","13","9","8","14","14","15"
"10270","","¥ˆ÷Œ”yŒz","2015000000","","2015”N","00120","","Ä¥","00110","","È","00450","","•sÚ","","-","-","-","-","-","-","-","-","-","-","-","-","-"
