"ìùåvñºÅF","êlå˚ìÆë‘í≤ç∏ êlå˚ìÆë‘ìùåv ämíËêî ó£ç•"
"ï\î‘çÜÅF","3"
"ï\ëËÅF","[íÜä™] ó£ç•åèêîÅiìñäYîNÇ…ï ãèÇµìÕÇØèoÇΩÇ‡ÇÃÅjÅCç»ÇÃï ãèéûÇÃîNóÓÅiäeçŒÅjÅEïvÇÃï ãèéûÇÃîNóÓÅiäeçŒÅjï "
"é¿é{îNåéÅF","2024îN","-"

"***","í≤ç∏ñîÇÕèWåvÇµÇƒÇ¢Ç»Ç¢Ç‡ÇÃ"
"-","åvêîÇÃÇ»Ç¢èÍçá"
"Åc","åvêîïsñæÇÃèÍçá"
"ÅE","ìùåvçÄñ⁄ÇÃÇ†ÇËÇ¶Ç»Ç¢èÍçá"

"","","","","","","","","","/ïvÇÃîNóÓ(1çŒäKãâ) ÉRÅ[Éh","00100","00120","00130","00140","00150","00160","00170","00180","00190","00200","00210","00220","00230","00240","00250","00260","00270","00280","00290","00300","00310","00320","00330","00340","00350","00360","00370","00380","00390","00400","00410","00420","00430","00440","00450","00460","00470","00480","00490","00500","00510","00520","00530","00540","00550","00560","00570","00580","00590","00600","00610","00620","00630","00640","00650","00660","00670","00680","00690","00700","00710","00720","00730","00740","00750"
"","","","","","","","","","/ïvÇÃîNóÓ(1çŒäKãâ) ï‚èïÉRÅ[Éh","-","-","-","-","-","-","-","-","-","-","-","-","-","-","-","-","-","-","-","-","-","-","-","-","-","-","-","-","-","-","-","-","-","-","-","-","-","-","-","-","-","-","-","-","-","-","-","-","-","-","-","-","-","-","-","-","-","-","-","-","-","-","-","-","-"
"ï\èÕçÄñ⁄ ÉRÅ[Éh","ï\èÕçÄñ⁄ ï‚èïÉRÅ[Éh","ï\èÕçÄñ⁄","éûä‘é≤(îNéü) ÉRÅ[Éh","éûä‘é≤(îNéü) ï‚èïÉRÅ[Éh","éûä‘é≤(îNéü)","ç»ÇÃîNóÓ(1çŒäKãâ) ÉRÅ[Éh","ç»ÇÃîNóÓ(1çŒäKãâ) ï‚èïÉRÅ[Éh","ç»ÇÃîNóÓ(1çŒäKãâ)","/ïvÇÃîNóÓ(1çŒäKãâ)","ïv_ëçêî","ïv_18çŒ","ïv_19çŒ","ïv_20çŒ","ïv_21çŒ","ïv_22çŒ","ïv_23çŒ","ïv_24çŒ","ïv_25çŒ","ïv_26çŒ","ïv_27çŒ","ïv_28çŒ","ïv_29çŒ","ïv_30çŒ","ïv_31çŒ","ïv_32çŒ","ïv_33çŒ","ïv_34çŒ","ïv_35çŒ","ïv_36çŒ","ïv_37çŒ","ïv_38çŒ","ïv_39çŒ","ïv_40çŒ","ïv_41çŒ","ïv_42çŒ","ïv_43çŒ","ïv_44çŒ","ïv_45çŒ","ïv_46çŒ","ïv_47çŒ","ïv_48çŒ","ïv_49çŒ","ïv_50çŒ","ïv_51çŒ","ïv_52çŒ","ïv_53çŒ","ïv_54çŒ","ïv_55çŒ","ïv_56çŒ","ïv_57çŒ","ïv_58çŒ","ïv_59çŒ","ïv_60çŒ","ïv_61çŒ","ïv_62çŒ","ïv_63çŒ","ïv_64çŒ","ïv_65çŒ","ïv_66çŒ","ïv_67çŒ","ïv_68çŒ","ïv_69çŒ","ïv_70çŒ","ïv_71çŒ","ïv_72çŒ","ïv_73çŒ","ïv_74çŒ","ïv_75çŒ","ïv_76çŒ","ïv_77çŒ","ïv_78çŒ","ïv_79çŒ","ïv_80çŒà»è„","ïv_ïsè⁄"
"10310","","ó£ç•åèêîÅyåèÅz","2024000000","","2024îN","00100","","ç»_ëçêî","","135,264","31","144","326","618","860","1,300","1,717","2,217","2,862","3,358","3,659","3,912","3,866","3,939","3,972","3,926","3,752","3,807","3,636","3,849","3,813","3,712","3,799","3,802","3,658","3,581","3,582","3,532","3,484","3,452","3,489","3,463","3,496","3,232","3,069","2,690","2,548","2,491","2,163","1,847","1,605","1,676","1,586","1,403","1,192","1,059","942","915","747","690","611","635","538","495","540","546","506","489","473","363","224","189","1,186","-"
"10310","","ó£ç•åèêîÅyåèÅz","2024000000","","2024îN","00120","","ç»_16çŒ","","ÅE","ÅE","ÅE","ÅE","ÅE","ÅE","ÅE","ÅE","ÅE","ÅE","ÅE","ÅE","ÅE","ÅE","ÅE","ÅE","ÅE","ÅE","ÅE","ÅE","ÅE","ÅE","ÅE","ÅE","ÅE","ÅE","ÅE","ÅE","ÅE","ÅE","ÅE","ÅE","ÅE","ÅE","ÅE","ÅE","ÅE","ÅE","ÅE","ÅE","ÅE","ÅE","ÅE","ÅE","ÅE","ÅE","ÅE","ÅE","ÅE","ÅE","ÅE","ÅE","ÅE","ÅE","ÅE","ÅE","ÅE","ÅE","ÅE","ÅE","ÅE","ÅE","ÅE","ÅE","ÅE"
"10310","","ó£ç•åèêîÅyåèÅz","2024000000","","2024îN","00130","","ç»_17çŒ","","2","1","1","-","-","-","-","-","-","-","-","-","-","-","-","-","-","-","-","-","-","-","-","-","-","-","-","-","-","-","-","-","-","-","-","-","-","-","-","-","-","-","-","-","-","-","-","-","-","-","-","-","-","-","-","-","-","-","-","-","-","-","-","-","-"
"10310","","ó£ç•åèêîÅyåèÅz","2024000000","","2024îN","00140","","ç»_18çŒ","","119","11","31","17","15","16","12","5","2","2","-","-","1","-","1","-","-","-","1","2","-","1","-","-","1","-","-","-","-","-","-","-","-","-","-","-","-","-","-","-","-","-","1","-","-","-","-","-","-","-","-","-","-","-","-","-","-","-","-","-","-","-","-","-","-"
"10310","","ó£ç•åèêîÅyåèÅz","2024000000","","2024îN","00150","","ç»_19çŒ","","301","10","53","61","39","34","14","27","13","10","6","4","6","2","1","1","3","2","1","-","3","-","2","-","1","-","-","1","2","1","-","-","1","-","2","-","-","-","-","-","-","-","-","-","-","-","1","-","-","-","-","-","-","-","-","-","-","-","-","-","-","-","-","-","-"
"10310","","ó£ç•åèêîÅyåèÅz","2024000000","","2024îN","00160","","ç»_20çŒ","","594","2","27","131","118","78","58","44","34","18","19","8","4","8","4","5","3","6","3","1","3","1","3","1","3","1","-","-","-","-","2","3","2","-","-","-","1","-","-","1","-","-","1","-","-","1","-","-","-","-","-","-","-","-","-","-","-","-","-","-","-","-","-","-","-"
"10310","","ó£ç•åèêîÅyåèÅz","2024000000","","2024îN","00170","","ç»_21çŒ","","911","3","15","57","212","153","116","74","54","39","47","31","21","15","9","11","4","5","3","7","1","4","3","3","3","3","2","2","3","-","3","1","-","1","-","-","1","-","1","1","1","-","-","-","-","-","2","-","-","-","-","-","-","-","-","-","-","-","-","-","-","-","-","-","-"
"10310","","ó£ç•åèêîÅyåèÅz","2024000000","","2024îN","00180","","ç»_22çŒ","","1,331","-","9","27","119","296","193","158","119","93","67","53","27","22","20","18","21","13","11","10","6","6","4","4","5","3","1","1","3","1","-","4","-","3","2","1","1","-","1","1","3","1","-","-","1","2","-","-","-","-","1","-","-","-","-","-","-","-","-","-","-","-","-","-","-"
"10310","","ó£ç•åèêîÅyåèÅz","2024000000","","2024îN","00190","","ç»_23çŒ","","1,822","2","4","13","30","135","442","267","206","139","119","91","68","64","34","31","26","19","16","15","18","10","9","10","7","7","6","4","5","3","1","5","2","1","-","2","2","1","-","1","-","-","1","4","-","1","-","-","-","-","1","-","-","-","-","-","-","-","-","-","-","-","-","-","-"
"10310","","ó£ç•åèêîÅyåèÅz","2024000000","","2024îN","00200","","ç»_24çŒ","","2,292","-","1","7","35","42","184","489","324","262","208","145","108","79","61","66","46","41","33","19","16","11","11","11","18","12","12","6","5","7","3","5","5","3","-","2","2","2","-","1","3","1","1","3","-","-","-","-","-","-","1","-","-","-","-","-","-","-","-","1","-","-","-","-","-"
"10310","","ó£ç•åèêîÅyåèÅz","2024000000","","2024îN","00210","","ç»_25çŒ","","3,098","1","-","4","14","29","99","250","661","457","300","250","183","140","119","86","63","62","59","51","38","30","32","24","24","18","18","14","8","5","9","3","8","3","5","3","2","2","4","5","3","4","1","-","1","1","1","1","1","-","-","-","-","-","-","1","1","-","-","-","-","-","-","-","-"
"10310","","ó£ç•åèêîÅyåèÅz","2024000000","","2024îN","00220","","ç»_26çŒ","","3,675","-","-","-","11","26","48","137","345","821","538","355","264","185","184","142","106","83","54","63","47","40","44","21","24","19","19","13","15","11","9","11","8","6","6","-","1","1","2","3","1","2","-","-","-","-","1","2","2","1","-","1","1","1","-","1","-","-","-","-","-","-","-","-","-"
"10310","","ó£ç•åèêîÅyåèÅz","2024000000","","2024îN","00230","","ç»_27çŒ","","4,108","-","1","2","4","14","38","70","146","415","894","583","363","301","224","193","158","107","104","79","54","56","53","33","33","23","22","16","20","8","13","12","13","9","7","5","6","3","1","5","-","1","5","-","4","2","2","1","2","-","-","-","-","2","-","-","-","1","-","-","-","-","-","-","-"
"10310","","ó£ç•åèêîÅyåèÅz","2024000000","","2024îN","00240","","ç»_28çŒ","","4,602","-","1","2","3","5","37","52","98","176","421","1,000","638","411","327","240","190","185","149","103","80","72","67","46","53","42","29","26","18","28","15","16","14","11","5","6","2","5","3","3","6","2","3","1","2","1","-","1","2","-","-","1","-","1","-","-","2","-","-","-","-","-","-","1","-"
"10310","","ó£ç•åèêîÅyåèÅz","2024000000","","2024îN","00250","","ç»_29çŒ","","4,699","1","1","1","3","9","12","38","63","121","195","443","993","584","420","338","262","201","157","131","140","103","83","57","66","46","26","29","23","21","16","20","16","15","16","4","7","6","11","-","1","2","-","2","1","-","3","4","4","2","1","-","-","-","-","-","1","-","-","-","-","-","-","-","-"
"10310","","ó£ç•åèêîÅyåèÅz","2024000000","","2024îN","00260","","ç»_30çŒ","","4,571","-","-","-","3","8","7","24","45","95","140","206","440","903","555","372","305","240","204","186","145","105","103","85","56","65","33","35","33","30","25","6","23","16","18","14","7","10","5","3","1","5","3","2","1","-","3","-","1","-","1","-","-","1","-","1","-","-","1","-","-","-","-","1","-"
"10310","","ó£ç•åèêîÅyåèÅz","2024000000","","2024îN","00270","","ç»_31çŒ","","4,545","-","-","1","4","2","10","22","21","40","104","145","223","415","826","529","399","290","262","206","163","135","124","115","74","80","52","34","40","40","37","17","23","18","14","15","11","8","7","4","5","3","5","3","4","2","3","3","2","-","1","-","-","-","2","-","2","-","-","-","-","-","-","-","-"
"10310","","ó£ç•åèêîÅyåèÅz","2024000000","","2024îN","00280","","ç»_32çŒ","","4,507","-","-","2","2","2","6","10","19","43","67","95","159","228","391","813","527","347","297","233","199","178","128","130","95","84","81","67","64","42","29","25","21","20","17","16","11","6","8","7","4","5","8","1","1","3","2","2","3","1","2","-","1","-","-","1","1","-","1","-","1","-","-","1","-"
"10310","","ó£ç•åèêîÅyåèÅz","2024000000","","2024îN","00290","","ç»_33çŒ","","4,190","-","-","-","-","-","5","8","10","24","54","71","108","124","224","402","697","503","309","289","230","197","133","128","118","85","74","64","48","45","47","34","26","24","12","16","10","14","9","7","7","7","3","5","2","3","1","1","1","4","2","1","1","2","-","-","-","-","-","1","-","-","-","-","-"
"10310","","ó£ç•åèêîÅyåèÅz","2024000000","","2024îN","00300","","ç»_34çŒ","","4,154","-","-","-","-","3","1","5","13","23","40","44","66","92","132","199","371","680","470","318","281","244","195","152","114","109","113","78","66","53","46","47","34","29","18","17","20","16","14","5","4","3","4","5","2","-","1","3","4","2","1","1","4","1","2","2","2","-","1","1","1","-","1","1","-"
"10310","","ó£ç•åèêîÅyåèÅz","2024000000","","2024îN","00310","","ç»_35çŒ","","3,917","-","-","-","-","2","6","6","5","13","36","20","55","69","97","122","198","310","641","414","310","263","220","204","149","121","115","83","76","61","44","52","41","35","24","22","16","17","20","5","9","4","8","3","3","3","1","3","1","1","1","-","2","-","2","1","-","-","-","1","-","-","1","1","-"
"10310","","ó£ç•åèêîÅyåèÅz","2024000000","","2024îN","00320","","ç»_36çŒ","","3,867","-","-","-","1","-","1","8","11","16","25","18","48","65","72","98","148","161","335","552","433","315","274","231","153","129","127","116","77","75","71","51","52","49","22","24","14","8","8","10","7","9","4","9","5","5","1","5","5","1","2","-","1","2","1","2","1","1","2","2","2","-","-","2","-"
"10310","","ó£ç•åèêîÅyåèÅz","2024000000","","2024îN","00330","","ç»_37çŒ","","4,087","-","-","1","-","3","-","7","2","14","19","21","28","35","66","76","108","122","168","286","679","430","333","250","270","195","154","131","97","103","78","63","66","49","39","42","21","27","17","15","14","3","9","10","5","4","3","5","2","2","-","2","1","-","3","2","1","1","2","-","-","-","-","3","-"
"10310","","ó£ç•åèêîÅyåèÅz","2024000000","","2024îN","00340","","ç»_38çŒ","","4,047","-","-","-","1","-","2","7","4","9","11","18","30","26","30","54","61","95","126","168","322","628","406","345","281","237","202","160","139","95","90","84","64","52","38","48","29","34","24","20","12","11","11","4","10","2","13","5","7","5","1","5","2","3","3","2","3","3","2","-","1","-","1","1","-"
"10310","","ó£ç•åèêîÅyåèÅz","2024000000","","2024îN","00350","","ç»_39çŒ","","3,924","-","-","-","-","-","1","3","1","3","9","14","18","25","29","53","69","70","114","133","164","325","566","394","330","271","210","200","171","133","97","93","62","60","53","52","31","31","25","11","20","12","14","13","7","5","4","4","4","3","3","2","2","2","-","1","2","2","1","-","-","-","-","2","-"
"10310","","ó£ç•åèêîÅyåèÅz","2024000000","","2024îN","00360","","ç»_40çŒ","","3,844","-","-","-","-","1","1","1","7","2","6","4","16","18","24","27","33","44","68","108","133","176","253","597","454","306","268","220","170","142","118","119","80","89","53","54","33","38","28","34","23","13","12","8","8","6","7","4","7","4","4","4","-","2","1","1","6","2","1","2","1","1","-","2","-"
"10310","","ó£ç•åèêîÅyåèÅz","2024000000","","2024îN","00370","","ç»_41çŒ","","3,671","-","-","-","-","-","1","-","4","5","4","4","12","10","16","20","34","36","44","60","103","125","192","318","528","375","289","239","223","183","148","127","99","91","72","49","37","43","34","25","10","14","18","12","6","12","5","4","8","7","2","2","2","5","4","2","3","-","1","-","1","1","2","-","-"
"10310","","ó£ç•åèêîÅyåèÅz","2024000000","","2024îN","00380","","ç»_42çŒ","","3,651","-","-","-","-","-","3","3","2","4","3","6","4","11","16","21","28","31","35","55","77","80","141","189","283","548","377","274","229","211","178","141","134","105","79","63","57","43","34","33","25","22","13","12","12","8","7","8","6","5","7","6","1","1","4","3","5","1","3","2","-","-","1","1","-"
"10310","","ó£ç•åèêîÅyåèÅz","2024000000","","2024îN","00390","","ç»_43çŒ","","3,554","-","-","-","2","1","-","1","1","7","7","3","4","8","11","11","12","28","30","36","51","73","64","108","173","277","502","374","293","246","214","189","160","155","100","68","52","62","45","30","25","25","22","18","9","11","10","4","4","1","6","6","2","2","-","1","2","1","1","2","1","1","-","2","-"
"10310","","ó£ç•åèêîÅyåèÅz","2024000000","","2024îN","00400","","ç»_44çŒ","","3,439","-","-","-","1","-","-","-","3","3","3","3","6","5","9","12","11","11","26","24","37","48","67","83","130","146","259","488","352","269","247","211","180","150","118","99","80","72","52","39","38","22","21","25","15","10","8","9","6","6","6","4","6","1","2","1","3","3","4","1","-","-","1","3","-"
"10310","","ó£ç•åèêîÅyåèÅz","2024000000","","2024îN","00410","","ç»_45çŒ","","3,531","-","-","-","1","-","-","-","1","-","8","4","8","4","10","9","10","18","16","18","26","35","51","63","87","142","167","277","494","370","330","257","192","200","128","123","81","80","58","63","33","26","31","19","16","15","8","10","4","10","4","3","4","1","2","4","3","-","2","2","-","-","1","2","-"
"10310","","ó£ç•åèêîÅyåèÅz","2024000000","","2024îN","00420","","ç»_46çŒ","","3,322","-","-","-","-","-","1","-","1","1","1","3","3","6","5","7","9","8","21","11","20","27","40","43","66","80","117","173","277","482","326","259","234","232","177","138","97","81","90","68","36","31","34","16","20","11","11","9","8","8","5","1","7","7","2","3","2","3","1","2","-","-","-","1","-"
"10310","","ó£ç•åèêîÅyåèÅz","2024000000","","2024îN","00430","","ç»_47çŒ","","3,260","-","-","-","-","-","1","1","1","2","1","2","2","2","6","4","4","8","10","13","17","30","28","32","45","67","89","124","166","256","493","346","290","221","193","160","138","95","90","74","51","38","22","23","23","12","15","7","9","10","4","3","6","4","3","4","2","2","2","4","-","-","1","4","-"
"10310","","ó£ç•åèêîÅyåèÅz","2024000000","","2024îN","00440","","ç»_48çŒ","","3,239","-","-","-","-","-","-","-","-","1","-","4","3","1","4","1","3","5","9","13","5","16","15","33","48","38","57","85","115","165","227","500","368","297","247","216","167","111","102","79","50","41","34","28","23","21","18","20","14","3","11","6","8","4","5","4","3","2","3","1","-","-","1","4","-"
"10310","","ó£ç•åèêîÅyåèÅz","2024000000","","2024îN","00450","","ç»_49çŒ","","3,299","-","-","-","-","1","-","-","1","-","2","3","1","4","4","1","1","7","8","9","13","14","16","31","35","33","34","60","86","121","168","275","502","382","304","248","186","148","138","84","67","62","38","45","33","25","18","13","13","4","7","6","5","8","5","5","2","10","4","3","1","3","-","2","-"
"10310","","ó£ç•åèêîÅyåèÅz","2024000000","","2024îN","00460","","ç»_50çŒ","","3,102","-","-","-","-","-","1","-","-","2","2","1","-","-","-","1","-","3","4","10","9","8","17","14","28","32","24","50","62","74","110","176","266","458","361","267","202","181","172","148","84","68","57","42","33","31","23","12","12","10","3","3","8","6","4","5","4","2","3","2","2","2","1","2","-"
"10310","","ó£ç•åèêîÅyåèÅz","2024000000","","2024îN","00470","","ç»_51çŒ","","3,021","-","-","-","-","-","-","-","-","1","-","-","-","1","3","2","6","3","3","2","8","10","17","14","14","13","23","37","47","59","78","104","149","254","473","332","270","211","162","145","108","92","89","52","50","38","31","21","19","22","14","6","4","7","2","10","4","4","1","1","-","1","-","4","-"
"10310","","ó£ç•åèêîÅyåèÅz","2024000000","","2024îN","00480","","ç»_52çŒ","","2,706","-","-","-","-","-","-","-","-","-","-","4","-","-","1","3","2","3","7","2","7","4","5","9","12","11","21","30","36","41","64","70","90","154","221","395","298","226","207","171","117","88","76","67","42","39","30","34","19","11","17","6","12","4","11","4","9","6","2","11","1","1","2","3","-"
"10310","","ó£ç•åèêîÅyåèÅz","2024000000","","2024îN","00490","","ç»_53çŒ","","2,433","-","-","-","-","-","-","-","-","-","-","-","1","1","1","1","1","1","1","1","6","2","4","6","8","17","16","23","17","35","40","57","88","86","133","200","339","259","208","184","118","114","97","72","60","47","37","22","16","15","18","11","9","5","13","8","8","3","11","1","3","2","4","3","-"
"10310","","ó£ç•åèêîÅyåèÅz","2024000000","","2024îN","00500","","ç»_54çŒ","","2,177","-","-","-","-","-","-","-","-","-","-","1","-","-","1","-","2","2","4","3","1","2","1","1","3","4","13","17","12","28","18","38","48","59","91","103","172","305","236","196","167","117","120","103","80","39","34","29","19","19","12","11","11","12","-","9","7","4","7","4","3","2","-","7","-"
"10310","","ó£ç•åèêîÅyåèÅz","2024000000","","2024îN","00510","","ç»_55çŒ","","1,985","-","-","-","-","-","-","-","-","-","-","-","-","1","-","1","-","-","-","1","2","4","2","1","1","6","7","6","10","10","18","21","30","55","55","69","94","159","297","201","158","126","130","132","88","63","48","41","22","23","21","11","12","9","8","5","3","7","6","7","5","1","1","7","-"
"10310","","ó£ç•åèêîÅyåèÅz","2024000000","","2024îN","00520","","ç»_56çŒ","","1,763","-","-","-","-","-","-","-","-","-","-","-","-","-","-","-","1","-","1","-","-","2","2","2","1","5","9","6","9","8","11","20","20","29","46","66","57","79","138","222","194","137","155","109","93","75","62","29","34","26","20","14","12","10","9","5","9","7","9","5","5","2","1","7","-"
"10310","","ó£ç•åèêîÅyåèÅz","2024000000","","2024îN","00530","","ç»_57çŒ","","1,496","-","-","-","-","-","-","-","-","1","2","-","-","-","1","-","1","1","1","-","-","1","1","4","4","2","2","5","5","5","6","7","20","27","29","36","44","50","77","93","199","150","146","129","105","83","55","36","38","26","15","16","10","6","14","5","7","4","9","7","4","1","2","4","-"
"10310","","ó£ç•åèêîÅyåèÅz","2024000000","","2024îN","00540","","ç»_58çŒ","","1,216","-","-","-","-","-","-","-","-","-","-","-","-","1","-","-","-","-","-","1","2","1","-","2","3","3","3","2","7","6","6","7","13","13","17","26","28","34","41","45","101","127","139","114","110","71","59","41","54","21","24","15","10","15","6","11","9","4","3","6","4","-","1","10","-"
"10310","","ó£ç•åèêîÅyåèÅz","2024000000","","2024îN","00550","","ç»_59çŒ","","1,169","-","-","-","-","-","-","-","-","-","-","1","-","-","-","-","-","-","-","1","-","-","1","1","1","1","3","5","4","5","6","2","5","18","13","27","16","18","34","37","45","89","156","146","100","94","72","58","54","36","20","19","16","11","9","7","7","10","4","6","2","1","1","7","-"
"10310","","ó£ç•åèêîÅyåèÅz","2024000000","","2024îN","00560","","ç»_60çŒ","","1,080","-","-","-","-","-","-","-","-","-","-","1","-","-","-","1","-","1","-","-","-","-","-","1","-","2","1","-","2","-","3","3","5","9","3","11","17","15","25","28","35","47","72","157","148","119","76","63","54","34","33","17","16","11","6","11","6","13","9","8","1","5","1","10","-"
"10310","","ó£ç•åèêîÅyåèÅz","2024000000","","2024îN","00570","","ç»_61çŒ","","950","-","-","-","-","-","-","-","-","-","-","-","-","-","-","-","1","-","-","-","-","-","-","-","-","-","-","1","1","3","3","1","2","2","10","11","12","16","21","18","21","23","33","80","135","94","99","81","67","43","34","33","22","12","15","9","10","12","7","3","4","4","1","6","-"
"10310","","ó£ç•åèêîÅyåèÅz","2024000000","","2024îN","00580","","ç»_62çŒ","","808","-","-","-","-","-","-","-","-","-","-","-","-","-","-","-","1","-","-","1","-","1","1","-","-","-","1","-","-","-","2","1","4","3","4","8","8","10","11","12","9","20","31","41","62","104","81","75","61","54","39","25","36","19","17","12","9","9","10","8","4","4","3","7","-"
"10310","","ó£ç•åèêîÅyåèÅz","2024000000","","2024îN","00590","","ç»_63çŒ","","708","-","-","-","-","-","-","-","-","-","-","-","1","-","1","-","-","-","1","-","-","-","-","2","-","-","1","3","-","-","1","3","2","1","2","4","4","7","11","5","11","10","14","20","26","62","92","81","65","53","41","44","32","20","21","14","10","15","7","5","3","3","2","8","-"
"10310","","ó£ç•åèêîÅyåèÅz","2024000000","","2024îN","00600","","ç»_64çŒ","","609","-","-","-","-","-","-","-","-","-","-","-","-","-","-","-","1","-","1","-","-","-","1","-","-","-","-","2","1","1","2","1","-","-","1","1","1","5","4","6","9","10","4","16","16","21","50","96","75","50","47","29","38","27","19","14","12","11","11","5","5","5","2","9","-"
"10310","","ó£ç•åèêîÅyåèÅz","2024000000","","2024îN","00610","","ç»_65çŒ","","633","-","-","-","-","-","-","-","-","-","-","-","-","-","-","-","-","-","-","-","-","-","-","-","-","-","-","1","1","-","-","-","-","2","2","1","2","3","6","2","2","6","7","9","13","15","19","39","75","68","73","44","57","42","29","28","21","21","10","13","7","1","2","12","-"
"10310","","ó£ç•åèêîÅyåèÅz","2024000000","","2024îN","00620","","ç»_66çŒ","","492","-","-","-","-","-","-","-","-","-","-","-","-","-","-","1","-","-","-","-","-","-","-","-","-","-","1","-","-","-","-","-","1","-","-","2","-","2","2","7","3","2","7","4","9","11","14","18","42","64","52","50","43","18","21","29","29","17","10","12","10","3","2","6","-"
"10310","","ó£ç•åèêîÅyåèÅz","2024000000","","2024îN","00630","","ç»_67çŒ","","447","-","-","-","-","-","-","-","-","-","-","-","-","-","-","-","-","-","-","-","-","-","-","-","-","-","-","-","-","-","-","-","-","-","1","-","1","1","2","1","1","3","2","7","6","5","6","9","16","34","61","57","44","33","30","29","26","15","17","18","7","5","4","6","-"
"10310","","ó£ç•åèêîÅyåèÅz","2024000000","","2024îN","00640","","ç»_68çŒ","","436","-","-","-","-","-","-","-","-","-","-","-","-","-","-","-","-","-","-","-","-","-","-","-","-","-","1","-","-","1","-","-","-","-","-","1","-","-","1","-","1","1","3","4","2","-","2","11","12","20","26","58","56","38","38","32","30","23","21","25","9","2","3","15","-"
"10310","","ó£ç•åèêîÅyåèÅz","2024000000","","2024îN","00650","","ç»_69çŒ","","342","-","-","-","-","-","-","-","-","-","-","-","-","-","-","-","-","-","-","1","-","-","-","-","-","-","-","-","-","-","-","-","-","-","-","1","1","1","-","2","2","2","3","-","7","4","3","4","9","8","14","15","41","42","31","36","33","21","18","13","9","5","1","15","-"
"10310","","ó£ç•åèêîÅyåèÅz","2024000000","","2024îN","00660","","ç»_70çŒ","","368","-","-","-","-","-","-","-","-","-","-","-","-","-","-","-","-","-","-","-","-","-","-","-","-","-","-","-","-","-","-","-","-","-","-","-","-","-","3","2","-","2","1","1","-","1","7","3","6","8","11","14","36","47","34","39","35","21","31","18","19","4","5","20","-"
"10310","","ó£ç•åèêîÅyåèÅz","2024000000","","2024îN","00670","","ç»_71çŒ","","328","-","-","-","-","-","-","-","-","-","-","-","-","-","-","-","-","-","-","-","-","-","-","-","-","-","-","-","-","-","-","1","-","-","-","-","1","1","1","-","1","1","1","1","2","1","-","1","4","5","4","13","12","34","30","36","50","30","31","24","17","8","3","15","-"
"10310","","ó£ç•åèêîÅyåèÅz","2024000000","","2024îN","00680","","ç»_72çŒ","","336","-","-","-","-","-","-","-","-","-","-","-","-","-","-","-","-","-","-","-","-","-","-","-","-","-","-","-","-","-","-","1","-","-","-","-","-","-","-","-","1","-","1","1","2","-","5","3","4","2","3","11","7","24","28","44","32","40","29","30","30","11","5","22","-"
"10310","","ó£ç•åèêîÅyåèÅz","2024000000","","2024îN","00690","","ç»_73çŒ","","335","-","-","-","-","-","-","-","-","-","-","-","-","-","-","-","-","-","-","-","-","-","-","-","-","-","-","-","-","1","-","-","-","-","-","-","-","-","-","-","-","-","2","3","-","3","-","2","6","4","4","13","9","5","15","34","41","45","29","33","21","13","9","43","-"
"10310","","ó£ç•åèêîÅyåèÅz","2024000000","","2024îN","00700","","ç»_74çŒ","","329","-","-","-","-","-","-","-","-","-","-","-","-","-","-","-","-","-","-","-","-","-","-","-","-","-","-","-","-","-","-","-","-","-","-","-","-","1","-","-","-","-","-","-","-","2","-","1","2","-","2","8","10","10","13","21","27","34","47","42","40","18","10","41","-"
"10310","","ó£ç•åèêîÅyåèÅz","2024000000","","2024îN","00710","","ç»_75çŒ","","364","-","-","-","-","-","-","-","-","-","-","-","-","-","-","-","-","-","-","-","-","-","-","-","-","-","-","-","-","-","-","-","-","-","-","-","-","-","-","1","-","-","3","2","-","-","3","2","4","1","5","7","3","6","8","16","19","42","40","39","37","30","21","75","-"
"10310","","ó£ç•åèêîÅyåèÅz","2024000000","","2024îN","00720","","ç»_76çŒ","","294","-","-","-","-","-","-","-","-","-","-","-","-","-","-","-","-","-","-","-","-","-","-","1","-","-","-","-","-","-","-","-","-","-","-","-","-","-","-","-","-","1","-","-","-","1","2","-","3","3","-","2","1","7","7","15","10","19","29","47","33","24","14","75","-"
"10310","","ó£ç•åèêîÅyåèÅz","2024000000","","2024îN","00730","","ç»_77çŒ","","235","-","-","-","-","-","-","-","-","-","-","-","-","-","-","-","-","-","-","-","-","-","-","-","-","-","-","-","-","-","-","-","-","-","-","-","-","-","1","-","-","-","-","1","-","2","-","1","1","4","1","2","2","5","4","3","7","14","14","18","31","21","22","81","-"
"10310","","ó£ç•åèêîÅyåèÅz","2024000000","","2024îN","00740","","ç»_78çŒ","","126","-","-","-","-","-","-","-","-","-","-","-","-","-","-","-","-","-","-","-","-","-","-","-","-","-","-","-","-","-","-","-","-","-","-","1","-","-","-","-","-","-","-","-","-","-","-","-","-","1","-","-","3","1","2","2","6","5","8","10","10","14","11","52","-"
"10310","","ó£ç•åèêîÅyåèÅz","2024000000","","2024îN","00750","","ç»_79çŒ","","129","-","-","-","-","-","-","-","-","-","-","-","-","-","-","-","-","-","-","-","-","-","-","-","-","-","-","-","-","-","-","-","-","-","-","-","-","-","-","-","-","-","-","2","-","-","-","-","1","-","-","1","1","1","2","1","4","4","10","7","5","9","13","68","-"
"10310","","ó£ç•åèêîÅyåèÅz","2024000000","","2024îN","00760","","ç»_80çŒà»è„","","673","-","-","-","-","-","-","-","-","-","-","-","-","-","-","-","-","-","-","-","-","-","-","-","-","-","-","-","-","-","-","-","-","-","1","-","-","-","-","-","1","-","-","-","-","1","-","1","1","2","2","2","6","1","8","4","15","12","14","20","23","16","32","511","-"
"10310","","ó£ç•åèêîÅyåèÅz","2024000000","","2024îN","00770","","ç»_ïsè⁄","","1","-","-","-","-","-","-","-","-","-","-","-","-","-","-","-","-","-","-","-","-","-","-","-","-","-","-","-","-","-","-","-","-","-","-","-","-","-","-","-","-","-","-","-","-","-","-","-","-","-","-","-","-","-","-","-","-","-","-","-","-","-","-","1","-"
"10310","","ó£ç•åèêîÅyåèÅz","2023000000","","2023îN","00100","","ç»_ëçêî","","133,213","42","157","330","651","1,007","1,376","1,872","2,374","2,816","3,215","3,547","3,730","3,705","3,797","3,834","3,700","3,738","3,696","3,847","3,813","3,842","3,853","3,841","3,630","3,589","3,610","3,560","3,547","3,529","3,467","3,566","3,550","3,438","3,138","2,866","2,683","2,514","2,339","1,925","1,688","1,692","1,519","1,571","1,208","1,099","1,009","958","822","637","659","620","555","558","566","552","568","567","525","370","218","231","211","1,076","-"
"10310","","ó£ç•åèêîÅyåèÅz","2023000000","","2023îN","00120","","ç»_16çŒ","","1","-","1","-","-","-","-","-","-","-","-","-","-","-","-","-","-","-","-","-","-","-","-","-","-","-","-","-","-","-","-","-","-","-","-","-","-","-","-","-","-","-","-","-","-","-","-","-","-","-","-","-","-","-","-","-","-","-","-","-","-","-","-","-","-"
"10310","","ó£ç•åèêîÅyåèÅz","2023000000","","2023îN","00130","","ç»_17çŒ","","13","-","6","2","2","-","-","-","2","-","-","-","-","1","-","-","-","-","-","-","-","-","-","-","-","-","-","-","-","-","-","-","-","-","-","-","-","-","-","-","-","-","-","-","-","-","-","-","-","-","-","-","-","-","-","-","-","-","-","-","-","-","-","-","-"
"10310","","ó£ç•åèêîÅyåèÅz","2023000000","","2023îN","00140","","ç»_18çŒ","","128","15","24","21","16","13","11","10","3","7","-","1","1","-","-","2","-","-","1","1","-","-","-","1","-","-","-","-","-","-","-","-","-","-","-","-","-","-","-","-","1","-","-","-","-","-","-","-","-","-","-","-","-","-","-","-","-","-","-","-","-","-","-","-","-"
"10310","","ó£ç•åèêîÅyåèÅz","2023000000","","2023îN","00150","","ç»_19çŒ","","344","14","61","68","66","31","30","19","13","11","4","2","5","1","3","3","1","1","1","-","1","-","-","1","-","-","-","1","-","1","-","1","-","1","-","1","1","-","-","-","-","-","-","-","-","-","-","-","-","-","-","-","1","-","-","-","-","-","1","-","-","-","-","-","-"
"10310","","ó£ç•åèêîÅyåèÅz","2023000000","","2023îN","00160","","ç»_20çŒ","","616","6","26","118","110","92","69","50","32","32","20","12","6","6","4","4","3","5","1","2","2","2","-","2","1","2","1","-","2","-","1","-","-","1","1","-","-","-","1","-","-","-","-","1","-","-","-","-","-","-","-","-","-","-","-","-","-","-","-","-","-","-","-","1","-"
"10310","","ó£ç•åèêîÅyåèÅz","2023000000","","2023îN","00170","","ç»_21çŒ","","1,000","2","19","58","226","174","121","85","65","52","42","27","19","22","16","7","11","5","6","2","8","5","3","3","2","3","5","-","3","1","-","1","3","2","1","-","-","1","-","-","-","-","-","-","-","-","-","-","-","-","-","-","-","-","-","-","-","-","-","-","-","-","-","-","-"
"10310","","ó£ç•åèêîÅyåèÅz","2023000000","","2023îN","00180","","ç»_22çŒ","","1,478","3","8","29","126","342","255","145","128","92","57","53","34","23","30","26","14","16","14","11","8","19","8","7","6","-","2","5","1","3","1","-","1","-","1","-","1","1","1","-","-","2","-","-","1","-","-","-","1","-","-","-","-","-","-","1","1","-","-","1","-","-","-","-","-"
"10310","","ó£ç•åèêîÅyåèÅz","2023000000","","2023îN","00190","","ç»_23çŒ","","1,969","-","1","13","35","168","411","323","213","160","125","91","66","60","54","31","25","29","20","19","12","10","10","15","8","7","6","5","5","5","5","3","5","4","4","4","3","3","3","-","-","-","4","1","1","1","-","-","-","1","-","-","-","-","-","-","-","-","-","-","-","-","-","-","-"
"10310","","ó£ç•åèêîÅyåèÅz","2023000000","","2023îN","00200","","ç»_24çŒ","","2,530","-","7","7","18","68","197","547","393","261","176","168","107","95","77","66","59","47","31","33","23","30","14","10","15","14","4","4","7","8","8","11","5","3","2","1","2","2","2","-","-","-","1","2","-","-","2","-","1","-","-","-","-","1","-","1","-","-","-","-","-","-","-","-","-"
"10310","","ó£ç•åèêîÅyåèÅz","2023000000","","2023îN","00210","","ç»_25çŒ","","3,149","1","1","2","13","34","104","297","683","453","297","242","206","138","104","100","62","57","56","57","35","32","33","21","18","11","11","12","8","14","6","6","7","4","1","2","-","-","5","2","4","-","-","2","1","1","1","1","1","-","1","1","1","-","-","-","-","-","-","-","-","-","-","-","-"
"10310","","ó£ç•åèêîÅyåèÅz","2023000000","","2023îN","00220","","ç»_26çŒ","","3,680","-","-","3","9","27","59","129","318","793","516","364","262","205","170","135","110","93","72","61","56","38","48","32","28","23","21","14","16","11","9","10","4","9","3","4","5","3","3","-","4","3","-","2","-","2","1","-","1","-","2","-","-","1","1","-","-","-","-","-","-","-","-","-","-"
"10310","","ó£ç•åèêîÅyåèÅz","2023000000","","2023îN","00230","","ç»_27çŒ","","4,088","1","-","1","6","15","31","68","183","371","860","533","405","291","221","201","132","113","97","88","64","56","54","49","41","30","28","17","20","14","11","8","13","9","13","5","2","4","5","2","2","1","4","3","3","2","1","3","1","1","-","-","-","1","1","-","1","1","-","-","-","-","-","1","-"
"10310","","ó£ç•åèêîÅyåèÅz","2023000000","","2023îN","00240","","ç»_28çŒ","","4,361","-","1","3","5","7","26","56","89","180","433","893","570","376","328","228","204","149","116","110","97","69","75","56","39","27","40","34","14","20","14","12","16","10","6","4","5","10","2","5","6","3","3","5","-","2","3","3","1","1","2","1","-","-","-","-","-","-","-","1","-","1","-","-","-"
"10310","","ó£ç•åèêîÅyåèÅz","2023000000","","2023îN","00250","","ç»_29çŒ","","4,591","-","1","-","3","6","14","37","71","121","193","426","903","578","374","338","245","210","182","149","149","90","75","74","59","52","38","25","22","20","23","14","9","18","8","12","4","8","7","3","5","2","3","6","3","3","1","3","1","1","-","1","1","-","-","-","-","-","-","-","-","-","-","-","-"
"10310","","ó£ç•åèêîÅyåèÅz","2023000000","","2023îN","00260","","ç»_30çŒ","","4,481","-","-","2","3","8","12","35","43","64","133","208","400","768","549","408","274","257","207","180","143","138","115","97","72","57","51","42","35","28","23","23","15","15","14","7","9","9","3","8","3","1","3","3","1","2","2","1","1","1","1","1","-","-","1","1","1","1","2","-","-","-","-","-","-"
"10310","","ó£ç•åèêîÅyåèÅz","2023000000","","2023îN","00270","","ç»_31çŒ","","4,372","-","-","1","-","5","7","16","33","53","101","158","224","400","794","498","346","246","243","208","162","132","125","101","77","64","46","42","48","38","29","37","19","19","13","12","10","10","10","8","5","6","5","4","4","2","2","-","3","-","-","-","-","3","2","-","-","1","-","-","-","-","-","-","-"
"10310","","ó£ç•åèêîÅyåèÅz","2023000000","","2023îN","00280","","ç»_32çŒ","","4,150","-","-","-","1","2","6","10","18","33","60","89","106","189","372","697","461","362","270","238","209","169","141","97","101","76","85","72","49","37","31","24","26","12","19","7","12","7","9","3","4","1","8","6","5","6","2","4","4","1","1","1","-","1","1","2","1","2","-","-","-","-","-","-","-"
"10310","","ó£ç•åèêîÅyåèÅz","2023000000","","2023îN","00290","","ç»_33çŒ","","4,157","-","-","-","1","2","6","8","26","35","46","71","112","147","187","384","694","432","324","279","249","192","160","134","98","111","79","62","48","38","40","30","27","21","28","12","12","10","3","5","2","1","6","2","6","2","1","1","3","2","2","2","2","2","1","2","1","2","1","2","-","-","1","-","-"
"10310","","ó£ç•åèêîÅyåèÅz","2023000000","","2023îN","00300","","ç»_34çŒ","","3,964","-","-","-","3","2","3","10","13","18","37","50","85","93","128","168","344","651","414","329","254","216","190","157","137","95","95","88","54","42","43","42","24","33","27","18","11","15","12","9","11","3","4","4","4","3","4","3","2","3","1","3","2","-","1","-","1","-","2","1","1","-","-","1","-"
"10310","","ó£ç•åèêîÅyåèÅz","2023000000","","2023îN","00310","","ç»_35çŒ","","3,954","-","-","-","2","-","1","5","15","13","22","32","48","79","87","128","178","328","646","438","314","278","195","180","155","132","107","93","78","64","49","52","48","32","25","25","15","11","14","10","10","6","7","4","1","4","2","2","5","3","2","-","2","-","2","-","1","3","-","1","-","-","-","-","-"
"10310","","ó£ç•åèêîÅyåèÅz","2023000000","","2023îN","00320","","ç»_36çŒ","","4,051","-","-","-","-","2","1","3","8","11","22","24","41","63","64","119","149","189","312","624","454","315","291","241","180","147","152","100","90","73","56","47","44","34","37","28","24","19","10","13","5","5","11","6","6","-","4","6","4","4","1","1","1","1","3","2","1","-","1","1","-","-","-","1","-"
"10310","","ó£ç•åèêîÅyåèÅz","2023000000","","2023îN","00330","","ç»_37çŒ","","3,941","-","1","-","-","1","1","2","2","10","18","20","23","43","54","84","96","121","158","306","600","447","345","262","231","188","138","130","94","92","89","57","54","52","38","35","34","16","13","9","10","10","8","10","6","4","3","2","4","2","3","3","1","5","2","1","2","-","-","1","-","-","-","-","-"
"10310","","ó£ç•åèêîÅyåèÅz","2023000000","","2023îN","00340","","ç»_38çŒ","","4,012","-","-","1","1","1","3","2","5","13","10","13","22","28","50","44","69","97","116","182","325","567","428","316","302","227","181","172","130","118","81","88","89","60","45","46","23","26","25","19","17","6","8","7","5","6","6","2","3","3","5","1","2","2","2","2","4","-","2","1","-","-","-","3","-"
"10310","","ó£ç•åèêîÅyåèÅz","2023000000","","2023îN","00350","","ç»_39çŒ","","3,909","-","-","-","1","2","-","2","1","4","7","14","24","25","29","38","62","70","105","142","172","316","581","405","292","261","226","197","173","133","100","95","79","59","48","48","32","30","26","19","18","14","11","9","6","2","4","6","2","3","2","3","3","2","-","-","2","-","2","-","-","1","-","1","-"
"10310","","ó£ç•åèêîÅyåèÅz","2023000000","","2023îN","00360","","ç»_40çŒ","","3,862","-","-","-","1","1","1","4","1","7","6","14","14","19","20","24","37","66","80","101","125","161","283","590","387","301","258","216","200","171","127","116","113","72","55","46","47","31","26","31","10","18","11","12","11","9","2","5","7","5","1","1","1","2","3","2","4","1","2","1","-","-","-","2","-"
"10310","","ó£ç•åèêîÅyåèÅz","2023000000","","2023îN","00370","","ç»_41çŒ","","3,572","-","-","1","1","1","2","1","4","2","8","6","5","16","18","19","29","51","51","64","88","136","158","306","485","350","291","222","211","161","155","124","114","100","81","67","35","35","36","25","16","18","11","11","10","6","9","5","5","1","3","5","2","2","2","1","-","3","1","1","-","1","-","-","-"
"10310","","ó£ç•åèêîÅyåèÅz","2023000000","","2023îN","00380","","ç»_42çŒ","","3,581","-","-","-","-","-","2","3","2","6","4","11","10","10","21","21","23","39","42","65","61","115","140","176","272","512","375","249","248","208","176","131","109","113","84","72","47","41","33","34","21","13","13","6","15","12","4","7","6","3","3","2","3","2","3","4","1","1","3","-","-","2","1","1","-"
"10310","","ó£ç•åèêîÅyåèÅz","2023000000","","2023îN","00390","","ç»_43çŒ","","3,554","-","-","-","-","1","-","3","2","7","4","5","8","8","5","21","21","29","36","38","58","81","95","130","169","268","506","333","308","237","209","179","154","138","95","80","61","43","38","31","26","15","21","17","7","14","8","5","7","3","5","5","4","4","2","2","-","3","1","-","-","-","1","3","-"
"10310","","ó£ç•åèêîÅyåèÅz","2023000000","","2023îN","00400","","ç»_44çŒ","","3,569","-","-","-","-","1","1","2","2","1","3","6","3","4","10","11","10","17","18","26","29","54","81","107","120","165","258","531","386","290","265","208","195","146","119","100","75","70","49","34","24","29","20","17","13","8","10","7","7","2","8","3","1","7","4","4","5","1","1","1","-","-","-","-","-"
"10310","","ó£ç•åèêîÅyåèÅz","2023000000","","2023îN","00410","","ç»_45çŒ","","3,388","-","-","-","-","1","-","-","-","1","4","-","3","3","6","5","9","17","28","16","24","37","52","71","90","130","165","269","452","388","263","231","225","181","131","111","79","72","69","42","39","28","25","23","16","17","10","8","8","5","2","6","9","-","5","1","4","1","1","-","1","-","1","3","-"
"10310","","ó£ç•åèêîÅyåèÅz","2023000000","","2023îN","00420","","ç»_46çŒ","","3,352","-","-","-","-","-","2","-","1","2","2","3","9","2","8","4","6","8","11","13","27","36","43","52","61","86","125","155","253","518","375","284","246","206","163","104","110","89","86","58","20","34","23","20","22","8","15","12","7","7","6","3","1","5","5","3","3","3","1","2","2","1","1","-","-"
"10310","","ó£ç•åèêîÅyåèÅz","2023000000","","2023îN","00430","","ç»_47çŒ","","3,278","-","-","-","-","-","-","-","-","-","1","3","1","1","3","2","8","8","10","18","19","21","27","35","53","59","90","116","156","241","460","410","291","239","205","152","129","103","92","55","44","39","34","21","22","17","11","15","11","6","8","2","14","4","2","2","2","3","6","2","3","1","-","1","-"
"10310","","ó£ç•åèêîÅyåèÅz","2023000000","","2023îN","00440","","ç»_48çŒ","","3,395","-","-","-","-","-","-","-","2","2","-","-","2","2","2","3","5","6","7","10","11","13","23","24","32","62","52","107","139","162","264","505","386","318","242","210","148","145","98","78","55","49","38","37","20","26","27","11","8","12","6","6","3","8","8","3","4","4","4","4","1","1","-","-","-"
"10310","","ó£ç•åèêîÅyåèÅz","2023000000","","2023îN","00450","","ç»_49çŒ","","3,344","-","-","-","-","-","-","-","-","1","1","1","1","2","1","5","1","6","4","8","9","13","13","22","23","29","46","63","93","127","163","282","506","384","313","227","206","161","117","107","79","56","53","47","31","24","27","17","7","12","10","8","4","4","5","8","1","5","2","1","1","2","-","5","-"
"10310","","ó£ç•åèêîÅyåèÅz","2023000000","","2023îN","00460","","ç»_50çŒ","","3,106","-","-","-","-","-","-","-","1","-","1","1","2","2","1","2","5","4","5","8","8","9","16","17","24","28","29","61","41","87","104","169","270","487","322","235","249","205","140","125","76","72","57","61","33","31","20","14","11","12","8","7","8","4","5","5","5","6","4","4","-","-","1","4","-"
"10310","","ó£ç•åèêîÅyåèÅz","2023000000","","2023îN","00470","","ç»_51çŒ","","2,875","-","-","-","-","-","-","-","-","-","-","2","-","1","3","2","3","4","2","7","4","12","10","14","16","21","34","36","46","53","79","121","142","215","427","307","281","193","173","124","106","101","54","65","39","32","23","20","17","10","14","10","7","6","5","9","7","6","3","4","-","2","-","3","-"
"10310","","ó£ç•åèêîÅyåèÅz","2023000000","","2023îN","00480","","ç»_52çŒ","","2,649","-","-","-","1","-","-","-","-","-","-","-","-","1","2","1","3","1","2","4","3","7","6","12","11","20","16","31","31","39","70","68","94","134","214","387","272","217","232","140","105","99","102","68","45","38","30","37","23","8","10","14","7","9","7","8","4","5","3","-","3","1","1","3","-"
"10310","","ó£ç•åèêîÅyåèÅz","2023000000","","2023îN","00490","","ç»_53çŒ","","2,346","-","-","-","1","-","-","-","-","-","1","1","-","2","-","1","-","1","3","2","1","7","3","5","6","8","17","16","19","26","36","50","63","98","117","193","319","255","215","171","124","114","112","78","62","48","31","19","17","18","13","15","7","11","2","6","10","5","5","3","1","1","-","7","-"
"10310","","ó£ç•åèêîÅyåèÅz","2023000000","","2023îN","00500","","ç»_54çŒ","","2,089","-","-","-","-","-","-","-","-","-","-","1","1","-","1","1","-","1","-","5","4","2","5","3","5","7","10","8","15","18","37","47","54","59","80","101","166","301","239","141","141","137","105","116","57","47","34","24","23","11","9","7","12","6","9","11","3","4","6","3","2","-","2","8","-"
"10310","","ó£ç•åèêîÅyåèÅz","2023000000","","2023îN","00510","","ç»_55çŒ","","1,746","-","-","-","-","-","-","-","-","-","-","-","2","-","-","-","-","-","3","1","2","4","2","4","2","5","5","9","13","12","25","26","27","48","54","57","79","136","237","176","158","144","108","96","61","57","43","25","20","14","13","13","14","6","7","3","14","4","8","1","-","1","3","4","-"
"10310","","ó£ç•åèêîÅyåèÅz","2023000000","","2023îN","00520","","ç»_56çŒ","","1,569","-","-","-","-","-","-","-","1","-","-","-","-","1","-","-","-","-","-","1","-","2","1","3","4","5","8","8","10","10","13","16","22","33","39","53","55","68","122","187","159","163","117","103","79","49","57","36","24","17","16","7","5","13","16","10","6","11","6","4","-","3","2","4","-"
"10310","","ó£ç•åèêîÅyåèÅz","2023000000","","2023îN","00530","","ç»_57çŒ","","1,246","-","-","-","-","-","-","-","1","-","-","-","-","-","-","-","-","-","1","1","-","3","-","1","2","2","2","7","12","6","7","4","9","25","21","27","31","51","64","80","153","140","114","97","65","72","52","45","39","17","23","12","11","8","10","7","8","3","1","4","-","2","2","4","-"
"10310","","ó£ç•åèêîÅyåèÅz","2023000000","","2023îN","00540","","ç»_58çŒ","","1,237","-","-","-","-","-","-","-","-","-","-","-","-","-","-","1","-","-","-","-","2","5","1","4","1","-","2","3","6","4","4","8","15","10","8","18","32","38","39","60","100","156","114","119","95","82","72","51","38","23","17","19","18","12","17","7","10","6","8","4","2","2","1","3","-"
"10310","","ó£ç•åèêîÅyåèÅz","2023000000","","2023îN","00550","","ç»_59çŒ","","1,038","-","-","-","-","-","-","-","-","-","1","1","-","-","1","-","-","1","-","-","1","2","-","2","3","1","-","1","-","1","3","5","2","9","9","19","21","19","28","37","35","77","122","131","97","96","83","52","43","32","15","22","13","8","5","9","9","8","3","1","4","3","1","2","-"
"10310","","ó£ç•åèêîÅyåèÅz","2023000000","","2023îN","00560","","ç»_60çŒ","","997","-","-","-","-","-","-","-","-","-","-","1","-","-","-","-","-","-","-","-","-","-","-","-","1","-","-","-","5","3","5","10","6","5","8","10","9","17","20","16","37","43","69","163","117","77","75","67","44","43","27","25","20","11","12","11","7","7","7","4","4","2","3","6","-"
"10310","","ó£ç•åèêîÅyåèÅz","2023000000","","2023îN","00570","","ç»_61çŒ","","833","-","-","-","-","-","-","-","-","-","-","-","-","-","-","-","-","-","-","-","-","-","1","1","-","-","1","1","-","2","3","2","6","7","6","6","4","10","5","18","16","31","36","83","95","107","69","74","50","35","30","32","23","14","13","7","4","15","9","5","3","1","2","6","-"
"10310","","ó£ç•åèêîÅyåèÅz","2023000000","","2023îN","00580","","ç»_62çŒ","","703","-","-","-","-","-","-","-","-","-","-","-","-","-","-","-","-","1","-","-","-","1","-","1","-","3","-","2","3","1","2","2","3","5","4","4","6","12","7","14","8","19","21","25","55","78","78","74","61","36","36","27","21","16","20","15","10","9","7","5","3","1","1","6","-"
"10310","","ó£ç•åèêîÅyåèÅz","2023000000","","2023îN","00590","","ç»_63çŒ","","638","-","-","-","-","-","-","-","-","-","-","-","-","-","-","-","-","-","-","-","-","-","-","-","-","-","1","1","1","1","-","3","2","3","1","1","5","2","8","7","5","5","23","27","27","34","58","78","65","49","42","33","27","20","20","21","10","16","12","2","4","2","3","19","-"
"10310","","ó£ç•åèêîÅyåèÅz","2023000000","","2023îN","00600","","ç»_64çŒ","","584","-","-","-","-","-","-","-","-","-","-","-","-","-","-","-","1","-","1","-","-","-","1","-","-","-","1","-","-","-","1","3","4","1","1","1","3","4","2","5","6","7","6","18","13","18","50","81","66","47","49","36","28","29","24","17","17","12","5","4","2","2","2","16","-"
"10310","","ó£ç•åèêîÅyåèÅz","2023000000","","2023îN","00610","","ç»_65çŒ","","597","-","-","-","-","-","-","-","-","-","-","-","-","-","-","-","-","-","-","-","-","-","-","-","1","-","1","-","-","1","-","-","-","2","-","3","1","3","1","2","5","5","5","8","15","15","23","52","76","53","61","45","40","38","31","20","28","21","14","5","4","3","5","10","-"
"10310","","ó£ç•åèêîÅyåèÅz","2023000000","","2023îN","00620","","ç»_66çŒ","","541","-","-","-","-","-","-","-","-","-","-","-","-","-","-","-","-","-","-","-","-","-","-","-","-","-","-","-","2","1","-","1","-","1","1","1","3","2","4","3","5","6","4","5","8","8","10","24","34","37","65","60","46","43","35","24","30","27","13","11","7","4","3","13","-"
"10310","","ó£ç•åèêîÅyåèÅz","2023000000","","2023îN","00630","","ç»_67çŒ","","461","-","-","-","-","-","-","-","-","-","-","-","-","-","-","-","-","-","-","-","-","-","1","-","-","-","-","-","-","-","1","-","-","-","1","-","2","-","2","3","1","4","2","5","5","9","8","13","17","34","61","42","41","46","40","25","28","17","17","8","8","4","1","15","-"
"10310","","ó£ç•åèêîÅyåèÅz","2023000000","","2023îN","00640","","ç»_68çŒ","","447","-","-","-","-","-","-","-","-","-","-","-","-","-","-","-","-","-","-","-","-","-","-","-","-","-","-","-","-","-","-","-","2","1","1","1","2","3","1","2","2","2","4","2","5","6","10","11","8","19","25","54","43","46","32","31","45","31","22","12","5","6","3","10","-"
"10310","","ó£ç•åèêîÅyåèÅz","2023000000","","2023îN","00650","","ç»_69çŒ","","371","-","-","-","-","-","-","-","-","-","-","-","-","-","-","1","-","-","-","-","-","-","-","-","-","-","-","-","-","-","1","-","-","-","1","-","-","-","1","2","2","1","2","5","2","3","5","7","4","6","14","27","38","40","45","46","26","31","19","15","6","5","6","10","-"
"10310","","ó£ç•åèêîÅyåèÅz","2023000000","","2023îN","00660","","ç»_70çŒ","","329","-","-","-","-","-","-","-","-","-","-","-","-","-","-","1","-","-","-","-","-","-","-","-","-","-","-","-","-","-","-","-","-","-","-","-","-","1","-","1","-","-","3","2","2","1","-","4","5","8","7","13","26","38","43","26","32","34","30","15","10","9","2","16","-"
"10310","","ó£ç•åèêîÅyåèÅz","2023000000","","2023îN","00670","","ç»_71çŒ","","362","-","-","-","-","-","-","-","-","-","-","-","-","-","-","-","-","-","-","-","-","-","-","-","-","-","-","-","-","-","-","-","-","-","-","-","1","-","1","1","1","-","1","-","2","-","4","5","3","5","10","11","10","22","38","42","41","48","38","25","12","13","5","23","-"
"10310","","ó£ç•åèêîÅyåèÅz","2023000000","","2023îN","00680","","ç»_72çŒ","","338","-","-","-","-","-","-","-","-","-","-","-","-","-","-","-","-","-","-","-","-","-","-","-","-","-","-","-","-","1","-","-","1","-","-","2","-","1","-","-","-","1","-","4","2","1","4","3","6","4","5","9","8","18","23","43","43","41","35","23","10","10","9","31","-"
"10310","","ó£ç•åèêîÅyåèÅz","2023000000","","2023îN","00690","","ç»_73çŒ","","324","-","-","-","-","-","-","-","-","-","-","-","-","-","-","-","-","-","-","-","-","-","-","-","-","-","-","-","-","-","-","-","-","-","-","-","-","-","-","-","1","-","-","-","4","-","1","5","7","5","5","7","3","9","12","36","39","46","42","28","16","10","10","38","-"
"10310","","ó£ç•åèêîÅyåèÅz","2023000000","","2023îN","00700","","ç»_74çŒ","","362","-","-","-","-","-","-","-","-","-","-","-","-","-","-","-","-","-","-","-","-","-","-","-","-","-","-","-","-","-","-","-","1","-","-","-","-","-","-","-","1","2","2","1","1","1","2","1","2","5","2","2","4","8","15","24","34","51","48","37","21","27","21","49","-"
"10310","","ó£ç•åèêîÅyåèÅz","2023000000","","2023îN","00710","","ç»_75çŒ","","339","-","-","-","-","-","-","-","-","-","-","-","-","-","-","-","-","-","-","-","-","-","-","-","-","-","-","-","-","-","-","-","-","-","-","-","-","-","-","-","-","-","-","1","2","2","2","2","2","4","4","7","7","3","7","18","22","23","52","41","30","22","24","64","-"
"10310","","ó£ç•åèêîÅyåèÅz","2023000000","","2023îN","00720","","ç»_76çŒ","","224","-","-","-","-","-","-","-","-","-","-","-","-","-","-","-","-","-","-","-","-","-","-","-","-","-","-","-","-","-","-","-","-","-","-","-","-","-","-","-","-","-","-","-","-","1","1","1","3","-","2","1","1","3","5","8","13","9","27","36","19","18","21","55","-"
"10310","","ó£ç•åèêîÅyåèÅz","2023000000","","2023îN","00730","","ç»_77çŒ","","125","-","-","-","-","-","-","-","-","-","-","-","-","-","-","-","-","-","-","-","-","-","-","-","-","-","-","-","-","-","-","-","-","-","1","-","-","-","-","-","-","-","-","-","-","2","1","1","-","-","-","-","1","3","1","2","6","8","7","6","11","17","15","43","-"
"10310","","ó£ç•åèêîÅyåèÅz","2023000000","","2023îN","00740","","ç»_78çŒ","","143","-","-","-","-","-","-","-","-","-","-","-","-","-","-","-","-","-","-","-","-","-","-","-","-","-","-","-","-","-","-","-","-","-","-","-","-","-","-","-","-","-","-","-","-","-","-","1","-","-","-","-","3","3","4","7","2","6","12","10","7","13","15","60","-"
"10310","","ó£ç•åèêîÅyåèÅz","2023000000","","2023îN","00750","","ç»_79çŒ","","129","-","-","-","-","-","-","-","-","-","-","-","-","-","-","-","-","-","-","-","-","-","-","-","-","-","-","-","-","-","-","-","-","-","-","-","-","-","-","-","-","-","-","-","-","-","1","-","2","1","-","-","1","-","2","3","5","4","7","7","4","8","18","66","-"
"10310","","ó£ç•åèêîÅyåèÅz","2023000000","","2023îN","00760","","ç»_80çŒà»è„","","631","-","-","-","-","-","-","-","-","-","-","-","-","-","-","-","-","-","-","-","-","-","-","-","-","-","1","-","-","-","-","-","-","-","-","-","-","1","-","-","-","-","1","-","-","1","-","2","1","2","1","4","4","8","5","9","10","18","22","22","11","29","24","455","-"
"10310","","ó£ç•åèêîÅyåèÅz","2023000000","","2023îN","00770","","ç»_ïsè⁄","","-","-","-","-","-","-","-","-","-","-","-","-","-","-","-","-","-","-","-","-","-","-","-","-","-","-","-","-","-","-","-","-","-","-","-","-","-","-","-","-","-","-","-","-","-","-","-","-","-","-","-","-","-","-","-","-","-","-","-","-","-","-","-","-","-"
"10310","","ó£ç•åèêîÅyåèÅz","2022000000","","2022îN","00100","","ç»_ëçêî","","127,923","32","177","426","733","1,032","1,381","1,912","2,263","2,655","2,965","3,217","3,454","3,603","3,455","3,531","3,579","3,462","3,650","3,603","3,765","3,748","3,637","3,636","3,599","3,627","3,603","3,545","3,505","3,553","3,610","3,589","3,402","3,282","2,948","2,776","2,473","2,305","1,990","1,738","1,806","1,538","1,367","1,506","1,231","1,058","986","806","739","696","601","569","557","575","522","534","506","506","444","237","250","276","199","952","1"
"10310","","ó£ç•åèêîÅyåèÅz","2022000000","","2022îN","00120","","ç»_16çŒ","","8","-","3","2","-","-","-","1","1","-","-","-","-","-","-","-","-","-","-","-","-","-","-","-","-","-","-","-","-","-","-","-","-","1","-","-","-","-","-","-","-","-","-","-","-","-","-","-","-","-","-","-","-","-","-","-","-","-","-","-","-","-","-","-","-"
"10310","","ó£ç•åèêîÅyåèÅz","2022000000","","2022îN","00130","","ç»_17çŒ","","35","2","5","8","4","4","2","2","1","1","-","1","-","1","1","1","-","1","1","-","-","-","-","-","-","-","-","-","-","-","-","-","-","-","-","-","-","-","-","-","-","-","-","-","-","-","-","-","-","-","-","-","-","-","-","-","-","-","-","-","-","-","-","-","-"
"10310","","ó£ç•åèêîÅyåèÅz","2022000000","","2022îN","00140","","ç»_18çŒ","","140","15","29","27","19","13","10","11","6","4","1","-","1","1","1","-","1","-","1","-","-","-","-","-","-","-","-","-","-","-","-","-","-","-","-","-","-","-","-","-","-","-","-","-","-","-","-","-","-","-","-","-","-","-","-","-","-","-","-","-","-","-","-","-","-"
"10310","","ó£ç•åèêîÅyåèÅz","2022000000","","2022îN","00150","","ç»_19çŒ","","320","7","64","73","49","35","19","15","13","10","6","5","2","5","-","1","-","1","4","-","2","-","2","-","1","1","-","1","-","1","1","1","-","-","-","-","-","-","-","-","-","1","-","-","-","-","-","-","-","-","-","-","-","-","-","-","-","-","-","-","-","-","-","-","-"
"10310","","ó£ç•åèêîÅyåèÅz","2022000000","","2022îN","00160","","ç»_20çŒ","","718","4","43","157","127","94","68","51","31","28","26","20","11","11","11","6","6","4","6","-","1","1","1","1","2","2","1","-","1","-","-","1","-","-","1","1","-","-","-","-","-","-","-","-","-","-","-","-","-","-","-","-","-","1","-","-","-","-","-","-","-","-","-","-","-"
"10310","","ó£ç•åèêîÅyåèÅz","2022000000","","2022îN","00170","","ç»_21çŒ","","1,063","1","11","74","248","159","130","119","58","57","36","29","29","18","16","9","10","8","7","8","5","4","7","6","3","-","4","5","-","-","-","1","-","-","-","-","-","-","-","-","-","-","-","-","-","-","-","-","1","-","-","-","-","-","-","-","-","-","-","-","-","-","-","-","-"
"10310","","ó£ç•åèêîÅyåèÅz","2022000000","","2022îN","00180","","ç»_22çŒ","","1,582","-","9","36","143","347","241","191","109","102","77","58","41","28","34","20","29","16","15","7","10","11","5","6","4","5","4","7","6","3","4","3","3","-","1","-","1","1","1","-","-","2","-","-","1","-","-","-","-","-","-","-","1","-","-","-","-","-","-","-","-","-","-","-","-"
"10310","","ó£ç•åèêîÅyåèÅz","2022000000","","2022îN","00190","","ç»_23çŒ","","2,074","1","5","18","50","176","409","319","227","160","120","106","84","68","54","48","30","21","22","20","20","22","11","12","8","10","10","7","6","7","6","4","2","4","1","1","-","3","-","-","-","-","1","-","-","1","-","-","-","-","-","-","-","-","-","-","-","-","-","-","-","-","-","-","-"
"10310","","ó£ç•åèêîÅyåèÅz","2022000000","","2022îN","00200","","ç»_24çŒ","","2,582","1","3","14","34","74","222","543","349","240","195","142","133","101","88","67","48","59","34","31","29","22","22","16","12","18","12","11","10","6","7","6","5","1","3","1","2","2","1","1","-","1","3","2","1","3","2","-","-","1","-","2","-","1","-","-","1","-","-","-","-","-","-","-","-"
"10310","","ó£ç•åèêîÅyåèÅz","2022000000","","2022îN","00210","","ç»_25çŒ","","3,106","-","2","8","18","34","77","268","659","426","268","222","174","167","125","108","90","62","53","51","44","43","28","25","24","23","16","16","10","11","4","6","5","7","4","2","3","3","2","4","1","2","3","-","-","1","1","1","1","1","-","-","-","1","-","-","1","-","-","-","-","1","-","-","-"
"10310","","ó£ç•åèêîÅyåèÅz","2022000000","","2022îN","00220","","ç»_26çŒ","","3,520","-","-","3","9","20","42","120","311","742","485","325","250","206","155","145","114","86","79","65","49","50","42","27","24","26","25","13","7","13","10","13","5","9","6","4","7","3","2","2","1","2","2","4","3","2","2","1","1","1","3","-","1","1","-","1","1","-","-","-","-","-","-","-","-"
"10310","","ó£ç•åèêîÅyåèÅz","2022000000","","2022îN","00230","","ç»_27çŒ","","3,844","-","1","1","10","22","45","72","172","334","778","508","326","265","216","160","146","113","104","72","70","63","52","45","48","31","31","21","19","19","15","14","9","15","12","6","6","3","1","1","2","1","3","-","2","-","2","1","1","1","-","2","-","1","1","-","-","1","-","-","-","-","-","-","-"
"10310","","ó£ç•åèêîÅyåèÅz","2022000000","","2022îN","00240","","ç»_28çŒ","","4,048","-","2","2","5","18","25","55","78","171","365","763","550","350","261","242","189","165","118","100","108","81","66","43","51","40","23","17","22","19","15","16","17","10","7","8","2","3","3","4","4","3","3","3","1","3","1","3","2","4","1","2","-","1","-","-","-","-","-","-","1","-","-","2","-"
"10310","","ó£ç•åèêîÅyåèÅz","2022000000","","2022îN","00250","","ç»_29çŒ","","4,158","-","-","1","5","6","21","37","71","89","168","370","795","532","337","305","224","192","171","129","89","77","88","79","55","41","38","24","38","32","18","18","27","10","12","11","7","6","4","4","5","3","2","2","2","1","1","2","2","2","3","1","-","-","-","-","-","-","-","-","-","1","-","-","-"
"10310","","ó£ç•åèêîÅyåèÅz","2022000000","","2022îN","00260","","ç»_30çŒ","","4,257","1","-","-","2","8","15","21","47","82","121","184","378","759","515","386","259","267","187","176","147","90","105","86","69","56","57","43","40","18","32","17","11","11","11","7","5","2","8","6","1","4","1","2","3","1","2","2","2","2","2","1","-","1","-","-","1","-","1","1","-","-","1","-","-"
"10310","","ó£ç•åèêîÅyåèÅz","2022000000","","2022îN","00270","","ç»_31çŒ","","3,974","-","-","-","2","5","9","23","29","47","74","129","191","374","641","440","312","259","233","201","143","131","130","90","93","60","55","55","51","23","18","31","20","15","14","17","11","4","7","5","6","1","5","3","1","3","3","2","1","2","2","1","-","-","-","-","1","-","-","1","-","-","-","-","-"
"10310","","ó£ç•åèêîÅyåèÅz","2022000000","","2022îN","00280","","ç»_32çŒ","","3,910","-","-","-","2","2","12","13","22","40","60","68","136","199","348","643","446","313","270","231","181","170","114","93","78","86","57","51","40","35","32","27","18","21","11","16","8","8","9","9","8","2","4","4","1","4","4","3","1","-","3","-","-","3","-","1","-","-","-","2","-","-","-","1","-"
"10310","","ó£ç•åèêîÅyåèÅz","2022000000","","2022îN","00290","","ç»_33çŒ","","3,950","-","-","1","-","1","8","7","20","23","42","64","79","132","170","311","656","401","320","256","229","200","156","133","123","103","97","62","43","62","38","42","27","27","25","17","10","9","10","11","6","2","7","2","2","2","2","2","4","1","-","2","1","-","1","-","-","-","-","1","-","-","-","-","-"
"10310","","ó£ç•åèêîÅyåèÅz","2022000000","","2022îN","00300","","ç»_34çŒ","","3,911","-","-","-","-","3","2","11","10","25","29","58","59","105","119","165","342","577","423","335","244","246","189","147","134","108","102","86","71","60","42","48","25","22","26","11","12","11","16","5","12","4","5","6","-","5","1","1","2","-","3","1","2","1","-","-","-","-","-","-","-","-","-","-","-"
"10310","","ó£ç•åèêîÅyåèÅz","2022000000","","2022îN","00310","","ç»_35çŒ","","3,979","-","-","-","-","1","2","5","11","17","30","37","54","65","68","128","175","293","617","414","347","295","227","189","170","122","132","95","80","77","53","57","37","26","25","24","15","12","7","9","9","9","5","3","4","3","6","2","5","2","4","3","1","-","2","1","2","1","-","-","1","-","-","-","-"
"10310","","ó£ç•åèêîÅyåèÅz","2022000000","","2022îN","00320","","ç»_36çŒ","","3,796","-","-","1","2","4","4","8","10","18","17","28","34","42","67","80","106","160","301","559","428","307","266","204","199","145","120","107","95","68","90","64","46","42","32","32","20","7","9","8","8","10","8","3","6","7","4","3","-","2","4","2","2","-","1","1","1","1","3","-","-","-","-","-","-"
"10310","","ó£ç•åèêîÅyåèÅz","2022000000","","2022îN","00330","","ç»_37çŒ","","3,966","-","-","-","2","1","4","4","7","8","20","24","28","48","54","57","96","112","190","295","595","430","283","292","234","185","149","145","128","117","77","76","63","40","32","28","24","15","21","11","7","8","8","8","5","7","3","1","2","2","4","2","4","1","1","2","1","3","-","-","-","-","1","1","-"
"10310","","ó£ç•åèêîÅyåèÅz","2022000000","","2022îN","00340","","ç»_38çŒ","","3,822","-","-","-","-","-","5","2","6","13","7","13","20","26","53","42","69","91","124","155","302","551","405","284","252","243","179","150","125","128","99","86","68","65","49","28","32","24","21","14","15","12","6","6","8","6","6","2","2","2","3","2","5","5","2","2","1","3","-","-","-","-","-","3","-"
"10310","","ó£ç•åèêîÅyåèÅz","2022000000","","2022îN","00350","","ç»_39çŒ","","3,820","-","-","-","-","2","2","1","-","3","13","21","14","18","25","32","51","63","94","129","186","297","546","414","296","268","221","191","154","157","130","96","60","65","44","40","30","26","19","16","12","12","11","8","10","6","5","5","3","2","7","2","-","1","-","2","2","3","3","1","-","-","-","1","-"
"10310","","ó£ç•åèêîÅyåèÅz","2022000000","","2022îN","00360","","ç»_40çŒ","","3,690","-","-","-","1","-","1","2","3","4","10","8","11","17","24","27","45","50","72","89","143","166","286","502","377","312","247","207","182","155","131","104","85","66","56","60","38","21","25","28","33","13","15","15","12","8","4","3","2","7","3","2","3","1","2","5","-","3","2","2","-","-","-","-","-"
"10310","","ó£ç•åèêîÅyåèÅz","2022000000","","2022îN","00370","","ç»_41çŒ","","3,525","-","-","-","-","-","2","3","5","3","2","5","9","16","17","27","34","42","52","76","87","129","159","275","487","370","280","255","220","144","160","122","92","89","84","57","40","29","19","26","10","7","12","15","9","6","5","4","2","3","7","7","4","3","2","2","2","3","1","-","2","2","-","-","-"
"10310","","ó£ç•åèêîÅyåèÅz","2022000000","","2022îN","00380","","ç»_42çŒ","","3,552","-","-","-","-","1","-","3","2","3","2","10","10","7","7","24","20","28","38","47","79","96","108","192","268","485","359","287","240","213","188","158","145","92","79","76","47","47","24","21","18","15","12","16","13","13","7","5","4","8","2","6","7","3","4","5","1","1","3","-","-","-","1","2","-"
"10310","","ó£ç•åèêîÅyåèÅz","2022000000","","2022îN","00390","","ç»_43çŒ","","3,553","-","-","-","1","-","2","2","2","1","2","6","9","10","10","15","22","15","28","38","58","67","100","106","175","267","516","372","313","246","203","194","164","114","90","77","45","48","45","31","29","28","12","19","6","13","5","3","4","8","5","4","6","4","1","4","2","2","2","1","1","-","-","-","-"
"10310","","ó£ç•åèêîÅyåèÅz","2022000000","","2022îN","00400","","ç»_44çŒ","","3,329","-","-","-","-","1","-","2","-","1","-","5","3","5","10","5","17","21","22","30","30","41","47","93","107","160","285","470","362","270","245","225","164","128","107","89","65","60","40","44","33","30","26","10","12","6","9","8","2","5","3","8","-","5","4","3","1","4","2","2","-","-","-","2","-"
"10310","","ó£ç•åèêîÅyåèÅz","2022000000","","2022îN","00410","","ç»_45çŒ","","3,303","-","-","-","-","-","-","1","-","-","1","1","7","5","5","4","9","8","11","19","39","38","47","70","59","122","177","271","445","371","290","262","210","194","115","103","75","62","41","29","46","19","18","20","10","6","16","16","9","10","5","4","6","5","4","4","4","2","4","-","1","-","-","3","-"
"10310","","ó£ç•åèêîÅyåèÅz","2022000000","","2022îN","00420","","ç»_46çŒ","","3,268","-","-","-","-","1","-","-","1","-","2","3","2","8","10","7","8","9","16","14","25","28","33","49","50","92","110","144","266","477","378","287","240","207","168","128","84","75","65","44","36","34","28","23","24","15","8","9","6","6","4","7","4","6","6","3","4","3","2","1","2","-","3","3","-"
"10310","","ó£ç•åèêîÅyåèÅz","2022000000","","2022îN","00430","","ç»_47çŒ","","3,298","-","-","-","-","-","-","-","-","1","3","1","3","2","1","3","7","3","9","13","20","23","25","35","46","75","95","118","156","269","504","366","337","231","189","141","139","96","75","59","41","46","27","34","18","8","14","11","9","7","2","7","6","6","2","2","4","4","1","2","-","1","-","1","-"
"10310","","ó£ç•åèêîÅyåèÅz","2022000000","","2022îN","00440","","ç»_48çŒ","","3,335","-","-","-","-","-","1","-","-","1","1","1","-","1","3","3","2","7","4","12","13","12","25","34","41","42","47","93","124","190","304","501","381","301","239","192","165","116","90","60","72","41","34","38","31","16","28","5","12","5","6","7","4","5","2","5","4","6","4","-","2","-","-","2","-"
"10310","","ó£ç•åèêîÅyåèÅz","2022000000","","2022îN","00450","","ç»_49çŒ","","3,261","-","-","-","-","-","-","-","1","-","-","-","1","2","3","3","5","2","3","9","12","16","19","26","37","42","49","74","65","111","157","285","475","381","282","251","193","166","110","82","74","60","39","40","40","27","18","17","10","6","8","8","9","7","5","9","7","4","2","-","2","-","3","4","-"
"10310","","ó£ç•åèêîÅyåèÅz","2022000000","","2022îN","00460","","ç»_50çŒ","","2,984","-","-","-","-","-","-","-","-","-","-","-","1","4","2","4","4","2","6","9","10","8","16","23","30","21","28","42","52","72","122","147","243","479","321","232","220","186","153","112","88","59","58","53","32","20","24","11","16","6","10","10","6","6","9","4","2","4","5","1","1","5","2","3","-"
"10310","","ó£ç•åèêîÅyåèÅz","2022000000","","2022îN","00470","","ç»_51çŒ","","2,689","-","-","-","-","-","-","-","-","-","-","-","3","1","1","3","2","3","1","6","5","8","6","10","15","19","23","31","32","49","74","78","153","235","380","313","217","192","178","114","104","106","60","56","41","42","18","19","13","12","11","8","6","4","7","7","6","4","2","-","1","3","3","4","-"
"10310","","ó£ç•åèêîÅyåèÅz","2022000000","","2022îN","00480","","ç»_52çŒ","","2,461","-","-","-","-","-","-","-","-","-","1","1","2","2","1","3","1","3","4","1","7","6","10","10","6","12","18","25","33","43","47","77","90","111","192","341","266","247","176","133","113","82","73","64","57","43","36","26","16","9","16","7","6","7","4","7","7","5","4","3","2","3","-","2","-"
"10310","","ó£ç•åèêîÅyåèÅz","2022000000","","2022îN","00490","","ç»_53çŒ","","2,143","-","-","-","-","-","-","-","-","1","-","-","1","1","-","1","-","1","2","2","1","6","5","5","4","11","15","11","19","33","41","44","66","85","102","168","297","223","172","142","166","99","89","71","58","41","29","25","15","16","8","10","13","6","7","5","7","3","7","2","2","-","1","4","-"
"10310","","ó£ç•åèêîÅyåèÅz","2022000000","","2022îN","00500","","ç»_54çŒ","","1,928","-","-","-","-","-","-","-","-","-","1","-","-","-","-","1","2","1","2","-","2","3","2","4","4","14","7","8","15","11","24","36","30","63","70","95","159","270","192","160","152","111","92","78","76","43","50","27","25","14","9","4","10","12","8","9","9","5","7","2","3","1","1","4","-"
"10310","","ó£ç•åèêîÅyåèÅz","2022000000","","2022îN","00510","","ç»_55çŒ","","1,606","-","-","-","-","-","-","-","-","-","1","1","1","1","-","1","-","1","3","2","2","4","2","4","5","5","4","4","11","13","14","25","27","35","53","77","83","136","199","151","153","124","96","78","73","50","39","22","15","12","9","5","15","6","5","9","9","5","4","1","2","4","1","4","-"
"10310","","ó£ç•åèêîÅyåèÅz","2022000000","","2022îN","00520","","ç»_56çŒ","","1,324","-","-","-","-","-","-","-","1","-","-","-","-","-","-","1","-","2","1","1","2","2","1","2","1","2","1","3","9","12","3","19","11","19","29","42","40","57","77","166","138","113","123","106","66","72","52","22","20","17","19","13","8","10","14","3","5","6","3","1","1","2","2","4","-"
"10310","","ó£ç•åèêîÅyåèÅz","2022000000","","2022îN","00530","","ç»_57çŒ","","1,286","-","-","-","-","-","1","-","-","-","-","-","2","-","1","1","2","-","1","-","-","2","-","2","3","1","3","9","6","3","14","8","13","22","20","20","37","56","48","99","181","139","102","121","81","55","48","44","29","26","13","8","10","10","14","5","6","3","4","3","4","-","1","5","-"
"10310","","ó£ç•åèêîÅyåèÅz","2022000000","","2022îN","00540","","ç»_58çŒ","","1,113","-","-","-","-","-","-","-","-","-","1","-","-","-","-","-","-","-","-","-","-","1","1","-","-","-","1","3","4","7","6","8","8","11","17","19","24","22","37","38","89","149","122","124","99","69","61","32","31","30","14","14","10","12","5","10","8","10","5","5","1","1","1","3","-"
"10310","","ó£ç•åèêîÅyåèÅz","2022000000","","2022îN","00550","","ç»_59çŒ","","934","-","-","-","-","-","-","-","-","-","-","-","-","-","-","1","-","-","-","-","-","-","-","1","1","1","1","2","2","2","5","7","4","9","11","13","14","16","16","31","43","66","101","133","80","67","74","42","43","29","25","13","11","13","13","9","11","10","3","1","2","4","1","3","-"
"10310","","ó£ç•åèêîÅyåèÅz","2022000000","","2022îN","00560","","ç»_60çŒ","","869","-","-","-","-","-","-","-","-","-","-","-","-","-","-","-","-","-","-","-","-","1","-","-","-","-","2","1","-","1","3","1","5","7","7","7","13","13","20","19","30","35","46","169","90","95","77","48","46","28","17","17","17","9","12","6","3","5","7","1","2","2","5","2","-"
"10310","","ó£ç•åèêîÅyåèÅz","2022000000","","2022îN","00570","","ç»_61çŒ","","801","-","-","-","-","-","-","-","-","-","-","-","-","-","-","-","-","-","1","-","-","-","-","1","2","-","1","2","1","1","3","2","3","4","7","6","4","8","16","16","24","24","35","77","110","80","78","61","37","46","35","29","20","16","18","8","5","3","3","2","1","2","-","9","-"
"10310","","ó£ç•åèêîÅyåèÅz","2022000000","","2022îN","00580","","ç»_62çŒ","","695","-","-","-","-","-","-","-","-","-","-","-","-","-","-","1","-","-","-","-","-","-","-","-","-","1","-","2","-","3","1","3","3","3","4","2","3","7","11","10","6","15","17","21","61","86","70","80","45","49","35","18","24","28","15","19","18","7","9","3","4","1","1","9","-"
"10310","","ó£ç•åèêîÅyåèÅz","2022000000","","2022îN","00590","","ç»_63çŒ","","601","-","-","-","-","-","-","-","-","-","-","-","-","-","-","-","-","-","-","-","-","-","-","-","1","-","-","-","-","-","1","1","1","1","5","5","2","6","2","2","6","13","21","20","31","44","65","66","59","49","40","28","26","17","14","15","13","15","10","1","3","6","1","11","-"
"10310","","ó£ç•åèêîÅyåèÅz","2022000000","","2022îN","00600","","ç»_64çŒ","","539","-","-","-","-","-","-","-","-","-","-","-","-","-","-","-","-","-","-","-","-","-","-","-","-","-","-","-","1","-","-","-","2","-","-","3","3","1","8","2","5","8","14","19","11","29","29","63","66","48","47","45","23","24","19","13","17","12","6","3","4","2","2","10","-"
"10310","","ó£ç•åèêîÅyåèÅz","2022000000","","2022îN","00610","","ç»_65çŒ","","528","-","-","-","-","-","-","-","-","-","-","-","-","-","1","-","-","-","-","-","-","-","-","-","-","-","-","2","-","1","1","-","1","-","3","1","1","2","2","5","3","5","2","8","12","20","25","40","75","58","52","40","33","31","21","27","16","12","7","4","2","3","2","10","-"
"10310","","ó£ç•åèêîÅyåèÅz","2022000000","","2022îN","00620","","ç»_66çŒ","","466","-","-","-","-","-","-","-","-","-","-","-","-","-","-","-","-","-","-","-","-","-","-","-","-","-","-","-","-","-","-","1","-","1","-","1","2","1","1","1","3","2","6","7","9","7","11","19","30","69","40","35","40","41","35","32","18","12","14","12","5","4","3","4","-"
"10310","","ó£ç•åèêîÅyåèÅz","2022000000","","2022îN","00630","","ç»_67çŒ","","436","-","-","-","-","-","-","-","-","-","-","-","-","-","-","-","-","-","-","1","-","-","-","-","-","-","-","1","-","-","-","-","1","1","1","2","-","-","2","1","4","2","1","6","4","5","7","11","19","28","39","54","49","32","31","33","28","21","19","8","4","4","4","13","-"
"10310","","ó£ç•åèêîÅyåèÅz","2022000000","","2022îN","00640","","ç»_68çŒ","","402","-","-","-","-","-","-","-","-","-","-","-","-","-","-","-","-","-","-","-","-","-","-","-","-","-","-","1","1","-","-","-","-","-","-","-","1","-","1","-","4","4","-","2","4","3","8","10","15","10","28","44","44","41","45","35","24","16","20","8","4","12","3","14","-"
"10310","","ó£ç•åèêîÅyåèÅz","2022000000","","2022îN","00650","","ç»_69çŒ","","366","-","-","-","-","-","-","-","-","-","-","-","-","-","-","-","-","-","-","-","-","-","-","-","-","-","1","-","-","-","-","-","-","1","-","-","-","-","1","-","-","3","1","2","2","3","8","4","11","14","16","26","37","51","33","41","20","22","19","8","14","11","2","15","-"
"10310","","ó£ç•åèêîÅyåèÅz","2022000000","","2022îN","00660","","ç»_70çŒ","","362","-","-","-","-","-","-","-","-","-","-","-","-","-","-","-","-","-","-","-","-","-","-","-","-","-","-","-","-","-","-","1","-","-","1","1","-","-","-","-","3","3","1","2","3","3","6","5","4","13","6","16","21","48","33","35","32","35","25","10","11","13","7","24","-"
"10310","","ó£ç•åèêîÅyåèÅz","2022000000","","2022îN","00670","","ç»_71çŒ","","365","-","-","-","-","-","-","-","-","-","-","-","-","-","-","-","-","-","-","-","-","-","-","-","-","-","-","-","-","-","-","-","-","1","-","-","-","-","-","-","1","1","1","2","1","1","4","2","6","6","6","8","22","35","40","38","39","40","46","17","13","12","8","15","-"
"10310","","ó£ç•åèêîÅyåèÅz","2022000000","","2022îN","00680","","ç»_72çŒ","","329","-","-","-","-","-","-","-","-","-","-","-","-","-","-","-","-","-","-","-","-","-","-","-","-","-","-","-","-","-","-","-","-","-","-","-","-","-","1","-","-","1","2","-","2","1","3","6","2","4","5","7","6","18","29","36","45","42","21","15","17","21","12","33","-"
"10310","","ó£ç•åèêîÅyåèÅz","2022000000","","2022îN","00690","","ç»_73çŒ","","324","-","-","-","-","-","-","-","-","-","-","-","-","-","-","-","-","-","-","-","-","-","-","-","-","-","-","-","-","-","-","-","-","-","-","-","-","-","-","1","-","-","1","-","2","2","1","4","4","3","1","4","6","14","15","28","29","54","37","17","16","30","20","35","-"
"10310","","ó£ç•åèêîÅyåèÅz","2022000000","","2022îN","00700","","ç»_74çŒ","","328","-","-","-","-","-","-","-","-","-","-","-","-","-","-","-","-","-","-","-","-","-","-","-","-","-","-","-","-","-","-","-","-","-","-","-","-","-","2","-","-","-","2","-","1","2","1","-","1","4","5","8","6","6","11","18","36","49","50","33","19","25","4","45","-"
"10310","","ó£ç•åèêîÅyåèÅz","2022000000","","2022îN","00710","","ç»_75çŒ","","250","-","-","-","-","-","-","-","-","-","-","-","-","-","-","-","-","-","-","-","1","-","-","-","-","-","-","-","-","-","-","-","-","-","-","-","1","-","-","-","1","1","-","-","-","-","-","2","-","3","4","2","5","4","8","10","17","18","32","27","35","14","16","49","-"
"10310","","ó£ç•åèêîÅyåèÅz","2022000000","","2022îN","00720","","ç»_76çŒ","","145","-","-","-","-","-","-","-","-","-","-","-","-","-","-","-","-","-","-","-","-","-","-","-","-","-","-","-","-","-","-","-","-","-","-","-","-","-","-","1","-","1","1","-","-","-","-","-","2","1","1","4","2","1","2","4","8","10","13","8","20","15","16","35","-"
"10310","","ó£ç•åèêîÅyåèÅz","2022000000","","2022îN","00730","","ç»_77çŒ","","147","-","-","-","-","-","-","-","-","-","-","-","-","-","-","-","-","-","-","-","-","-","-","-","-","-","-","-","-","-","-","-","-","-","-","-","-","-","-","-","-","-","-","-","-","-","1","1","-","1","1","3","1","-","5","4","5","9","7","4","13","19","20","53","-"
"10310","","ó£ç•åèêîÅyåèÅz","2022000000","","2022îN","00740","","ç»_78çŒ","","164","-","-","-","-","-","-","-","-","-","-","-","-","-","-","-","-","-","-","-","-","-","-","-","-","-","-","-","-","-","-","-","-","-","-","-","-","-","-","-","-","-","-","1","-","-","-","1","2","-","3","3","1","1","4","5","9","9","6","10","7","13","15","74","-"
"10310","","ó£ç•åèêîÅyåèÅz","2022000000","","2022îN","00750","","ç»_79çŒ","","127","-","-","-","-","-","-","-","-","-","-","-","-","-","-","-","-","-","-","-","-","-","-","-","-","-","-","-","-","-","-","-","-","-","-","-","-","-","-","-","-","-","-","-","-","1","1","1","-","1","1","-","2","1","3","1","3","6","5","3","7","12","9","70","-"
"10310","","ó£ç•åèêîÅyåèÅz","2022000000","","2022îN","00760","","ç»_80çŒà»è„","","514","-","-","-","-","-","-","-","-","-","-","-","-","-","-","-","-","-","-","-","-","-","-","-","-","-","-","-","-","-","-","-","-","-","-","-","-","-","-","-","-","-","-","-","-","1","1","-","2","-","1","3","11","8","3","6","10","10","14","10","18","27","27","361","1"
"10310","","ó£ç•åèêîÅyåèÅz","2022000000","","2022îN","00770","","ç»_ïsè⁄","","-","-","-","-","-","-","-","-","-","-","-","-","-","-","-","-","-","-","-","-","-","-","-","-","-","-","-","-","-","-","-","-","-","-","-","-","-","-","-","-","-","-","-","-","-","-","-","-","-","-","-","-","-","-","-","-","-","-","-","-","-","-","-","-","-"
"10310","","ó£ç•åèêîÅyåèÅz","2021000000","","2021îN","00100","","ç»_ëçêî","","129,836","47","216","474","784","1,021","1,595","1,876","2,269","2,603","2,985","3,150","3,398","3,476","3,545","3,760","3,834","3,747","3,812","3,864","3,977","3,878","3,831","3,751","3,777","3,701","3,809","3,687","3,781","3,752","3,814","3,695","3,411","3,101","2,916","2,778","2,601","2,151","1,823","1,880","1,594","1,475","1,318","1,404","1,103","999","858","783","779","667","616","598","533","575","572","549","490","405","242","255","257","203","212","778","1"
"10310","","ó£ç•åèêîÅyåèÅz","2021000000","","2021îN","00120","","ç»_16çŒ","","4","1","1","-","1","1","-","-","-","-","-","-","-","-","-","-","-","-","-","-","-","-","-","-","-","-","-","-","-","-","-","-","-","-","-","-","-","-","-","-","-","-","-","-","-","-","-","-","-","-","-","-","-","-","-","-","-","-","-","-","-","-","-","-","-"
"10310","","ó£ç•åèêîÅyåèÅz","2021000000","","2021îN","00130","","ç»_17çŒ","","42","2","7","11","5","5","2","3","1","1","1","1","-","1","-","-","1","-","-","1","-","-","-","-","-","-","-","-","-","-","-","-","-","-","-","-","-","-","-","-","-","-","-","-","-","-","-","-","-","-","-","-","-","-","-","-","-","-","-","-","-","-","-","-","-"
"10310","","ó£ç•åèêîÅyåèÅz","2021000000","","2021îN","00140","","ç»_18çŒ","","168","19","36","25","26","15","11","8","4","2","5","3","3","2","-","-","3","1","-","1","1","-","1","1","-","-","1","-","-","-","-","-","-","-","-","-","-","-","-","-","-","-","-","-","-","-","-","-","-","-","-","-","-","-","-","-","-","-","-","-","-","-","-","-","-"
"10310","","ó£ç•åèêîÅyåèÅz","2021000000","","2021îN","00150","","ç»_19çŒ","","395","15","86","82","60","34","29","25","14","11","9","4","4","2","3","3","1","1","-","2","2","1","2","1","-","1","-","-","-","-","-","-","1","-","-","-","-","-","1","1","-","-","-","-","-","-","-","-","-","-","-","-","-","-","-","-","-","-","-","-","-","-","-","-","-"
"10310","","ó£ç•åèêîÅyåèÅz","2021000000","","2021îN","00160","","ç»_20çŒ","","789","4","45","197","137","93","83","45","28","22","21","14","15","17","14","12","4","4","6","5","1","2","3","1","2","-","3","1","1","-","-","-","-","3","2","-","2","1","-","1","-","-","-","-","-","-","-","-","-","-","-","-","-","-","-","-","-","-","-","-","-","-","-","-","-"
"10310","","ó£ç•åèêîÅyåèÅz","2021000000","","2021îN","00170","","ç»_21çŒ","","1,170","2","17","88","262","181","129","107","78","59","48","43","23","21","14","12","16","12","9","6","7","3","4","4","3","4","2","-","2","-","1","2","2","-","1","3","2","1","1","-","-","-","1","-","-","-","-","-","-","-","-","-","-","-","-","-","-","-","-","-","-","-","-","-","-"
"10310","","ó£ç•åèêîÅyåèÅz","2021000000","","2021îN","00180","","ç»_22çŒ","","1,560","-","7","24","128","320","251","184","124","87","58","69","45","43","20","32","26","20","13","10","16","8","12","10","7","6","4","5","2","-","2","5","4","5","1","4","2","-","-","1","1","-","-","-","1","-","-","-","-","-","1","2","-","-","-","-","-","-","-","-","-","-","-","-","-"
"10310","","ó£ç•åèêîÅyåèÅz","2021000000","","2021îN","00190","","ç»_23çŒ","","2,165","2","4","16","55","178","489","278","213","184","148","92","81","82","52","39","34","27","17","29","23","14","19","8","10","7","11","8","2","5","9","3","8","2","1","2","3","2","1","2","2","-","1","-","-","1","-","-","1","-","-","-","-","-","-","-","-","-","-","-","-","-","-","-","-"
"10310","","ó£ç•åèêîÅyåèÅz","2021000000","","2021îN","00200","","ç»_24çŒ","","2,642","-","6","5","37","54","275","559","365","287","194","131","112","101","91","77","53","34","41","36","31","24","20","15","8","9","14","15","4","5","10","5","3","2","2","3","3","-","2","1","-","1","-","1","2","-","1","2","-","-","-","1","-","-","-","-","-","-","-","-","-","-","-","-","-"
"10310","","ó£ç•åèêîÅyåèÅz","2021000000","","2021îN","00210","","ç»_25çŒ","","3,070","2","1","10","16","32","102","286","646","385","294","215","188","139","112","99","88","51","62","52","41","36","32","22","24","20","20","10","6","11","11","7","5","8","2","3","4","6","3","2","1","4","1","1","2","1","-","2","-","-","1","1","1","-","1","-","-","-","-","-","-","-","-","1","-"
"10310","","ó£ç•åèêîÅyåèÅz","2021000000","","2021îN","00220","","ç»_26çŒ","","3,502","-","4","4","10","29","59","126","306","709","459","323","248","202","150","150","113","102","64","66","58","55","38","41","28","23","33","12","12","7","8","7","11","3","7","2","5","3","1","4","1","1","2","3","3","2","1","-","1","-","-","2","2","1","1","-","-","-","-","-","-","-","-","-","-"
"10310","","ó£ç•åèêîÅyåèÅz","2021000000","","2021îN","00230","","ç»_27çŒ","","3,814","-","-","4","15","22","41","71","142","313","750","472","357","260","208","213","156","120","115","81","70","62","65","48","37","26","37","13","21","13","12","13","9","5","1","5","5","1","2","3","4","4","4","2","2","1","1","1","-","1","1","1","-","1","2","-","1","-","-","-","-","-","-","-","-"
"10310","","ó£ç•åèêîÅyåèÅz","2021000000","","2021îN","00240","","ç»_28çŒ","","4,039","-","1","3","8","14","38","44","90","138","359","765","493","337","299","233","210","163","112","125","109","71","67","60","49","49","29","24","27","17","21","13","6","5","11","3","10","5","2","4","4","5","1","2","1","-","1","5","1","-","-","2","-","-","-","1","1","1","-","-","-","-","-","-","-"
"10310","","ó£ç•åèêîÅyåèÅz","2021000000","","2021îN","00250","","ç»_29çŒ","","4,194","-","1","1","6","8","26","39","73","99","188","358","824","529","369","258","228","213","167","134","111","90","75","70","48","43","37","28","26","29","24","17","16","9","5","9","10","3","3","4","1","1","1","2","3","1","1","-","-","2","-","2","-","-","-","1","-","-","-","-","-","-","-","1","-"
"10310","","ó£ç•åèêîÅyåèÅz","2021000000","","2021îN","00260","","ç»_30çŒ","","4,094","-","-","2","3","5","11","26","44","77","120","166","327","712","447","357","316","257","199","167","162","108","99","70","65","64","50","28","31","36","22","14","18","20","17","7","14","1","7","4","2","2","-","2","-","2","4","2","1","1","-","-","1","3","-","-","-","-","-","-","-","-","1","-","-"
"10310","","ó£ç•åèêîÅyåèÅz","2021000000","","2021îN","00270","","ç»_31çŒ","","4,208","-","-","-","3","4","13","16","29","55","96","120","178","359","724","493","319","304","253","198","171","146","117","88","81","79","65","41","45","37","27","23","29","11","12","15","9","6","6","10","7","3","4","3","2","3","-","1","-","-","1","-","-","-","2","-","-","-","-","-","-","-","-","-","-"
"10310","","ó£ç•åèêîÅyåèÅz","2021000000","","2021îN","00280","","ç»_32çŒ","","4,192","-","-","-","1","4","7","18","24","33","56","96","130","187","365","683","476","344","254","239","232","205","132","120","97","70","70","56","46","36","33","38","24","19","11","12","11","6","10","10","3","6","4","-","4","1","4","5","-","-","3","2","2","-","1","1","-","-","-","1","-","-","-","-","-"
"10310","","ó£ç•åèêîÅyåèÅz","2021000000","","2021îN","00290","","ç»_33çŒ","","4,001","-","-","-","3","4","4","12","19","35","41","65","87","113","182","360","679","439","323","263","251","187","152","144","103","85","86","60","43","31","41","36","22","16","21","6","10","10","15","7","6","4","5","7","1","1","3","2","4","-","2","2","2","2","1","1","1","1","-","1","-","-","-","-","-"
"10310","","ó£ç•åèêîÅyåèÅz","2021000000","","2021îN","00300","","ç»_34çŒ","","4,214","-","-","-","1","5","2","3","8","23","34","46","54","91","140","193","362","633","488","359","292","238","199","168","158","132","106","84","62","69","48","26","25","29","15","18","19","12","18","7","7","5","4","-","2","2","5","4","3","1","3","2","2","4","1","2","-","-","-","-","-","-","-","-","-"
"10310","","ó£ç•åèêîÅyåèÅz","2021000000","","2021îN","00310","","ç»_35çŒ","","4,161","-","-","-","1","2","5","5","13","19","22","48","55","73","71","130","211","326","688","428","339","310","242","206","186","126","110","90","91","74","54","34","38","32","19","17","15","11","11","15","7","4","5","4","1","5","2","-","3","2","2","1","3","-","1","2","-","1","-","1","-","-","-","-","-"
"10310","","ó£ç•åèêîÅyåèÅz","2021000000","","2021îN","00320","","ç»_36çŒ","","4,141","-","-","1","-","3","5","3","8","14","16","31","38","48","72","102","152","187","325","654","468","334","253","217","202","170","145","118","79","89","60","64","46","39","33","32","20","21","12","18","6","11","6","4","5","6","1","3","2","3","4","2","2","3","3","-","-","-","-","-","-","1","-","-","-"
"10310","","ó£ç•åèêîÅyåèÅz","2021000000","","2021îN","00330","","ç»_37çŒ","","4,071","-","-","-","1","2","4","5","11","10","12","17","37","39","54","71","116","142","166","319","584","424","306","269","219","203","188","137","149","96","98","63","70","53","33","33","26","13","14","10","15","12","3","10","6","3","5","5","4","2","-","3","1","2","4","-","-","1","-","-","1","-","-","-","-"
"10310","","ó£ç•åèêîÅyåèÅz","2021000000","","2021îN","00340","","ç»_38çŒ","","3,923","-","-","-","-","1","1","1","6","10","12","20","22","23","44","59","70","98","104","173","314","548","407","329","277","227","197","174","148","109","112","52","84","52","34","34","29","28","21","20","15","10","10","5","2","8","4","5","3","6","1","2","2","1","2","3","1","-","1","1","-","1","-","-","-"
"10310","","ó£ç•åèêîÅyåèÅz","2021000000","","2021îN","00350","","ç»_39çŒ","","3,853","-","-","-","-","1","1","1","7","5","10","4","15","17","24","49","43","72","96","131","201","312","567","395","324","255","239","189","165","125","112","82","72","68","39","34","32","25","20","22","15","13","5","14","8","4","8","11","3","5","3","1","2","3","2","-","-","-","-","-","-","-","2","-","-"
"10310","","ó£ç•åèêîÅyåèÅz","2021000000","","2021îN","00360","","ç»_40çŒ","","3,743","-","-","-","2","1","1","1","4","4","2","11","14","15","19","36","40","48","66","96","111","173","321","551","364","298","283","240","171","160","152","95","87","62","60","43","31","16","27","27","17","7","16","4","9","7","10","4","6","3","2","2","5","-","6","5","2","-","1","1","1","2","-","1","-"
"10310","","ó£ç•åèêîÅyåèÅz","2021000000","","2021îN","00370","","ç»_41çŒ","","3,690","-","-","1","3","2","2","2","2","4","9","9","5","19","16","24","23","38","51","49","107","132","184","281","513","404","295","246","212","188","156","148","116","73","66","64","49","24","27","18","16","17","12","14","11","13","6","6","4","5","3","2","3","1","6","2","-","2","3","-","1","-","-","1","-"
"10310","","ó£ç•åèêîÅyåèÅz","2021000000","","2021îN","00380","","ç»_42çŒ","","3,776","-","-","-","-","-","3","-","4","3","4","6","7","5","15","22","20","26","51","62","76","108","131","157","303","501","401","328","274","215","200","165","136","88","86","56","67","48","31","33","28","17","12","16","14","6","5","11","8","5","6","2","4","-","3","3","1","3","-","-","-","-","-","-","-"
"10310","","ó£ç•åèêîÅyåèÅz","2021000000","","2021îN","00390","","ç»_43çŒ","","3,570","-","-","-","-","1","-","5","1","4","5","7","11","12","9","17","20","22","33","34","52","86","79","132","177","283","499","388","296","255","215","195","149","104","86","59","61","39","53","30","18","17","18","12","14","11","11","7","7","4","4","5","3","6","4","4","-","1","-","1","-","1","2","1","-"
"10310","","ó£ç•åèêîÅyåèÅz","2021000000","","2021îN","00400","","ç»_44çŒ","","3,558","-","-","-","-","-","-","1","-","2","1","3","8","7","6","7","12","17","22","41","35","43","74","93","117","176","272","530","373","317","275","195","181","150","104","90","62","59","48","42","36","25","22","22","9","13","7","8","11","8","6","5","2","1","6","4","1","3","1","1","1","1","1","1","-"
"10310","","ó£ç•åèêîÅyåèÅz","2021000000","","2021îN","00410","","ç»_45çŒ","","3,685","-","-","-","-","-","-","-","-","5","2","2","4","4","8","7","10","10","28","28","28","41","59","69","95","129","178","296","538","417","341","268","206","174","123","133","78","78","54","51","38","39","26","25","18","14","5","9","9","4","4","5","4","5","6","3","-","5","2","-","-","-","-","-","-"
"10310","","ó£ç•åèêîÅyåèÅz","2021000000","","2021îN","00420","","ç»_46çŒ","","3,632","-","-","-","-","-","-","-","2","-","4","3","1","5","-","5","8","11","10","16","19","25","45","49","80","90","127","175","320","547","436","317","266","195","189","121","116","82","59","47","48","30","30","28","20","21","11","5","8","12","11","7","3","4","4","2","5","4","1","3","-","1","1","3","-"
"10310","","ó£ç•åèêîÅyåèÅz","2021000000","","2021îN","00430","","ç»_47çŒ","","3,490","-","-","-","-","-","-","-","1","-","-","1","4","3","1","4","4","7","10","17","21","29","27","27","59","60","90","99","194","303","527","427","292","246","213","201","150","99","59","66","49","34","26","32","14","19","11","12","11","5","5","2","4","3","4","4","3","3","1","-","2","2","2","1","-"
"10310","","ó£ç•åèêîÅyåèÅz","2021000000","","2021îN","00440","","ç»_48çŒ","","3,511","-","-","-","-","-","-","-","-","-","-","1","-","4","4","5","5","4","7","9","11","16","31","34","42","43","67","88","134","179","302","589","392","301","233","208","172","116","103","93","59","47","35","38","21","20","16","18","8","7","12","2","4","6","8","4","6","1","1","-","-","1","2","2","-"
"10310","","ó£ç•åèêîÅyåèÅz","2021000000","","2021îN","00450","","ç»_49çŒ","","3,224","-","-","-","-","-","1","1","1","1","-","1","2","1","2","3","1","3","11","5","12","11","25","22","16","41","41","66","93","121","155","279","462","366","287","247","197","158","98","82","78","62","46","41","34","23","14","24","15","10","8","10","11","5","6","7","10","2","-","1","2","-","1","2","-"
"10310","","ó£ç•åèêîÅyåèÅz","2021000000","","2021îN","00460","","ç»_50çŒ","","2,930","-","-","-","-","-","-","-","-","1","2","1","-","-","-","2","3","3","6","10","5","9","10","14","32","18","31","38","61","80","112","168","223","445","330","266","211","159","127","121","81","68","59","42","47","22","21","19","12","9","15","10","3","7","3","7","8","4","1","1","2","-","1","-","-"
"10310","","ó£ç•åèêîÅyåèÅz","2021000000","","2021îN","00470","","ç»_51çŒ","","2,526","-","-","-","-","-","-","-","-","-","-","-","3","-","1","-","4","2","4","4","4","10","8","10","11","13","28","27","56","48","71","115","136","184","368","296","231","172","138","112","82","81","69","44","28","27","27","23","9","11","9","5","12","12","2","4","5","7","3","-","5","1","2","2","-"
"10310","","ó£ç•åèêîÅyåèÅz","2021000000","","2021îN","00480","","ç»_52çŒ","","2,364","-","-","-","-","-","-","-","-","-","1","2","3","-","1","-","1","1","2","8","4","6","5","7","16","12","15","28","24","41","64","76","78","115","213","328","277","207","148","157","97","84","69","63","43","28","21","25","18","14","10","6","10","11","6","6","6","3","2","-","-","-","1","1","-"
"10310","","ó£ç•åèêîÅyåèÅz","2021000000","","2021îN","00490","","ç»_53çŒ","","2,026","-","-","-","-","-","-","-","-","-","-","-","-","-","2","1","3","2","6","1","2","3","5","5","5","6","8","14","21","33","34","54","55","67","97","138","309","220","153","163","125","111","79","66","34","31","32","30","21","13","10","14","12","7","6","4","7","5","2","3","-","1","2","4","-"
"10310","","ó£ç•åèêîÅyåèÅz","2021000000","","2021îN","00500","","ç»_54çŒ","","1,763","-","-","-","-","-","-","-","1","-","-","-","-","-","2","2","2","-","1","1","1","3","3","2","6","8","4","10","13","21","22","27","44","46","69","106","150","240","152","155","118","123","85","89","56","42","30","26","20","17","9","14","2","5","4","5","13","7","-","3","2","1","1","-","-"
"10310","","ó£ç•åèêîÅyåèÅz","2021000000","","2021îN","00510","","ç»_55çŒ","","1,386","-","-","-","-","-","-","1","-","-","-","-","-","-","2","-","-","-","-","1","-","1","4","1","5","3","3","9","11","8","14","22","23","34","30","58","64","107","164","151","121","112","83","84","49","40","39","19","22","14","18","12","8","12","13","6","3","4","-","2","2","2","1","4","-"
"10310","","ó£ç•åèêîÅyåèÅz","2021000000","","2021îN","00520","","ç»_56çŒ","","1,419","-","-","-","-","-","-","-","-","-","-","-","-","-","-","-","-","-","-","2","2","2","3","2","2","3","5","4","5","6","12","16","23","23","32","36","52","65","99","183","158","124","104","100","78","54","56","27","26","17","23","18","11","6","3","7","6","9","4","3","3","2","-","3","-"
"10310","","ó£ç•åèêîÅyåèÅz","2021000000","","2021îN","00530","","ç»_57çŒ","","1,183","-","-","-","-","-","-","-","-","-","2","-","-","1","-","-","-","-","-","-","-","-","-","1","-","3","4","2","7","6","5","8","12","7","17","26","31","44","44","77","146","121","117","95","81","66","44","42","30","15","16","22","11","15","13","16","9","5","7","5","3","1","1","5","-"
"10310","","ó£ç•åèêîÅyåèÅz","2021000000","","2021îN","00540","","ç»_58çŒ","","987","-","-","-","-","-","-","-","-","-","-","-","-","-","1","-","1","1","1","-","1","-","1","2","-","5","3","2","5","6","11","5","9","9","17","22","11","21","26","34","61","112","108","103","88","58","64","32","43","24","23","10","6","9","11","9","9","6","2","6","4","1","-","4","-"
"10310","","ó£ç•åèêîÅyåèÅz","2021000000","","2021îN","00550","","ç»_59çŒ","","890","-","-","-","-","-","-","-","-","-","-","-","-","1","-","-","-","1","-","-","1","-","1","2","1","1","2","-","4","4","2","7","12","11","12","12","12","10","26","32","41","64","100","118","92","69","57","38","22","27","21","17","10","17","10","7","4","6","1","6","2","-","-","7","-"
"10310","","ó£ç•åèêîÅyåèÅz","2021000000","","2021îN","00560","","ç»_60çŒ","","834","-","-","-","-","-","-","-","-","-","-","-","-","-","-","-","-","-","-","-","-","1","1","1","1","3","4","1","3","1","2","5","5","3","5","11","8","11","10","20","29","26","53","134","104","94","54","47","46","35","20","15","15","20","9","6","10","2","2","3","5","6","2","1","-"
"10310","","ó£ç•åèêîÅyåèÅz","2021000000","","2021îN","00570","","ç»_61çŒ","","722","-","-","-","-","-","-","-","-","-","-","-","-","-","-","-","-","-","-","-","-","-","-","1","1","1","2","2","3","-","-","3","2","6","6","5","11","7","8","10","14","20","30","68","85","85","59","59","64","35","34","18","20","17","8","8","6","5","5","3","1","2","3","5","-"
"10310","","ó£ç•åèêîÅyåèÅz","2021000000","","2021îN","00580","","ç»_62çŒ","","645","-","-","-","-","-","-","-","-","1","-","-","-","-","-","-","-","-","-","1","-","-","-","-","-","-","-","-","-","1","-","2","4","6","1","2","7","3","4","12","9","19","14","43","41","76","71","54","51","44","40","34","22","19","12","12","9","5","3","8","2","3","5","5","-"
"10310","","ó£ç•åèêîÅyåèÅz","2021000000","","2021îN","00590","","ç»_63çŒ","","519","-","-","-","-","-","-","-","-","-","-","-","-","-","-","-","-","-","-","-","-","-","-","-","-","-","-","-","1","1","1","2","1","3","1","3","4","2","4","7","9","5","12","15","15","49","66","54","46","43","37","24","22","25","22","14","10","2","3","4","3","2","4","3","-"
"10310","","ó£ç•åèêîÅyåèÅz","2021000000","","2021îN","00600","","ç»_64çŒ","","499","-","-","-","-","-","-","-","-","-","-","-","-","-","-","-","-","-","-","-","-","-","1","-","-","-","-","-","-","4","-","-","1","1","1","1","4","1","2","5","7","6","7","14","12","26","32","57","60","58","39","36","32","19","18","12","9","12","7","4","2","2","2","5","-"
"10310","","ó£ç•åèêîÅyåèÅz","2021000000","","2021îN","00610","","ç»_65çŒ","","539","-","-","-","-","-","-","-","-","-","-","-","-","1","-","-","-","-","1","-","-","-","-","-","1","-","-","1","-","-","-","-","1","-","1","1","-","3","4","2","4","5","5","10","11","10","20","32","73","61","50","42","45","34","34","30","20","11","2","4","5","4","2","9","-"
"10310","","ó£ç•åèêîÅyåèÅz","2021000000","","2021îN","00620","","ç»_66çŒ","","449","-","-","-","-","-","-","-","-","-","-","-","-","-","-","-","-","-","-","-","-","-","1","-","-","-","-","-","-","1","-","-","1","1","1","1","-","3","2","-","3","4","4","4","4","13","8","13","37","60","46","43","35","40","33","23","23","11","10","6","4","6","4","4","-"
"10310","","ó£ç•åèêîÅyåèÅz","2021000000","","2021îN","00630","","ç»_67çŒ","","394","-","-","-","-","-","-","-","-","-","-","-","-","-","-","-","-","1","-","-","-","-","-","-","-","-","-","-","-","-","-","1","-","-","-","-","1","-","-","-","-","3","6","7","4","5","4","6","19","26","47","39","33","39","37","30","29","14","6","6","8","9","3","11","-"
"10310","","ó£ç•åèêîÅyåèÅz","2021000000","","2021îN","00640","","ç»_68çŒ","","335","-","-","-","-","-","-","-","-","-","-","-","-","-","-","-","-","-","-","-","-","-","-","-","-","-","-","-","-","-","-","-","-","-","-","-","-","-","-","2","1","-","3","5","3","3","3","7","7","16","21","48","37","36","36","26","26","15","10","9","6","7","2","6","-"
"10310","","ó£ç•åèêîÅyåèÅz","2021000000","","2021îN","00650","","ç»_69çŒ","","376","-","-","-","-","-","-","-","-","-","-","-","-","-","1","-","-","-","-","-","-","-","-","-","-","-","-","-","-","-","-","2","-","-","-","-","-","1","1","2","2","1","-","3","7","1","3","2","8","12","12","28","39","43","49","40","34","33","14","10","10","7","4","7","-"
"10310","","ó£ç•åèêîÅyåèÅz","2021000000","","2021îN","00660","","ç»_70çŒ","","372","-","-","-","-","-","-","-","-","-","-","-","-","-","-","-","-","-","-","-","-","-","-","-","1","-","-","-","-","-","-","-","-","-","-","1","-","1","1","-","-","-","2","3","2","3","4","4","10","5","14","19","26","58","34","42","34","30","19","14","10","9","10","16","-"
"10310","","ó£ç•åèêîÅyåèÅz","2021000000","","2021îN","00670","","ç»_71çŒ","","325","-","-","-","-","-","-","-","-","-","-","-","-","-","-","-","-","-","-","-","-","-","-","-","-","-","-","-","-","-","-","-","-","-","-","-","4","-","1","-","-","2","3","2","3","3","1","3","9","4","5","12","13","22","41","39","44","27","17","14","19","4","13","20","-"
"10310","","ó£ç•åèêîÅyåèÅz","2021000000","","2021îN","00680","","ç»_72çŒ","","349","-","-","-","-","-","-","-","-","-","-","-","-","-","-","-","-","-","-","-","-","1","-","-","1","-","-","-","-","-","-","-","-","-","1","-","-","-","-","-","1","2","1","-","2","2","-","2","4","3","5","12","13","22","25","56","47","31","22","30","28","10","14","14","-"
"10310","","ó£ç•åèêîÅyåèÅz","2021000000","","2021îN","00690","","ç»_73çŒ","","302","-","-","-","-","-","-","-","-","-","-","-","-","-","-","-","-","-","-","-","1","-","-","-","-","-","-","-","-","-","-","-","1","-","-","-","-","-","-","-","-","-","1","-","4","1","1","3","3","6","2","11","10","6","24","32","30","36","22","21","26","14","15","32","-"
"10310","","ó£ç•åèêîÅyåèÅz","2021000000","","2021îN","00700","","ç»_74çŒ","","255","-","-","-","-","-","-","-","-","-","-","-","-","-","-","-","-","-","-","-","-","-","-","1","-","-","-","-","-","-","-","-","-","-","-","-","-","-","-","-","-","-","2","-","-","-","1","1","1","4","2","6","8","8","15","11","26","37","18","17","18","18","20","41","-"
"10310","","ó£ç•åèêîÅyåèÅz","2021000000","","2021îN","00710","","ç»_75çŒ","","160","-","-","-","-","-","-","-","-","-","-","-","-","-","-","-","-","-","-","-","-","-","-","-","-","-","-","-","-","-","-","-","-","-","-","-","-","-","-","-","1","-","-","-","-","-","1","3","3","2","1","4","3","6","5","15","11","17","9","12","11","13","9","34","-"
"10310","","ó£ç•åèêîÅyåèÅz","2021000000","","2021îN","00720","","ç»_76çŒ","","144","-","-","-","-","-","-","-","-","-","-","-","-","-","-","-","-","-","-","-","-","-","-","-","-","-","-","-","-","-","-","-","-","-","-","1","-","-","-","-","-","1","-","-","-","2","1","1","-","2","-","2","2","3","6","9","4","7","16","19","15","13","10","30","-"
"10310","","ó£ç•åèêîÅyåèÅz","2021000000","","2021îN","00730","","ç»_77çŒ","","171","-","-","-","-","-","-","-","-","-","-","-","-","-","-","-","-","-","-","-","-","-","-","-","-","1","-","-","-","-","-","-","-","-","-","-","-","-","-","-","-","-","-","-","-","1","1","-","-","1","3","3","3","2","6","9","4","8","9","12","17","17","14","60","-"
"10310","","ó£ç•åèêîÅyåèÅz","2021000000","","2021îN","00740","","ç»_78çŒ","","133","-","-","-","-","-","-","-","-","-","-","-","-","-","-","-","-","-","-","-","-","-","-","-","-","-","-","-","-","-","-","-","-","-","-","-","-","-","-","-","-","-","1","-","1","-","-","1","1","1","-","3","2","1","1","3","2","4","4","4","20","14","19","51","-"
"10310","","ó£ç•åèêîÅyåèÅz","2021000000","","2021îN","00750","","ç»_79çŒ","","108","-","-","-","-","-","-","-","-","-","-","-","-","-","-","-","-","-","-","-","-","-","-","-","-","-","-","-","-","-","-","-","-","-","-","-","-","-","-","-","-","-","1","-","-","-","-","-","-","1","1","-","-","2","2","-","2","3","3","5","3","5","14","66","-"
"10310","","ó£ç•åèêîÅyåèÅz","2021000000","","2021îN","00760","","ç»_80çŒà»è„","","439","-","-","-","-","-","-","-","-","-","-","-","-","-","-","-","-","-","-","-","-","-","-","-","-","-","-","-","-","-","-","-","-","-","-","-","-","-","-","-","-","-","-","-","-","-","-","1","1","1","-","3","5","1","10","12","8","11","8","10","13","19","22","314","-"
"10310","","ó£ç•åèêîÅyåèÅz","2021000000","","2021îN","00770","","ç»_ïsè⁄","","1","-","-","-","-","-","-","-","-","-","-","-","-","-","-","-","-","-","-","-","-","-","-","-","-","-","-","-","-","-","-","-","-","-","-","-","-","-","-","-","-","-","-","-","-","-","-","-","-","-","-","-","-","-","-","-","-","-","-","-","-","-","-","-","1"
"10310","","ó£ç•åèêîÅyåèÅz","2020000000","","2020îN","00100","","ç»_ëçêî","","138,929","67","229","563","875","1,315","1,688","2,052","2,455","2,861","3,122","3,439","3,642","3,946","4,051","4,108","4,193","4,228","4,420","4,472","4,379","4,185","4,130","4,106","4,202","4,162","4,097","4,027","4,219","4,012","3,918","3,783","3,505","3,209","2,984","2,752","2,370","2,038","2,128","1,788","1,621","1,473","1,305","1,434","1,149","994","847","783","818","633","639","644","617","606","528","561","422","281","265","307","211","217","180","674","-"
"10310","","ó£ç•åèêîÅyåèÅz","2020000000","","2020îN","00120","","ç»_16çŒ","","6","1","2","-","2","-","1","-","-","-","-","-","-","-","-","-","-","-","-","-","-","-","-","-","-","-","-","-","-","-","-","-","-","-","-","-","-","-","-","-","-","-","-","-","-","-","-","-","-","-","-","-","-","-","-","-","-","-","-","-","-","-","-","-","-"
"10310","","ó£ç•åèêîÅyåèÅz","2020000000","","2020îN","00130","","ç»_17çŒ","","54","9","15","6","8","5","4","-","1","3","1","-","-","-","-","-","-","-","-","-","-","1","1","-","-","-","-","-","-","-","-","-","-","-","-","-","-","-","-","-","-","-","-","-","-","-","-","-","-","-","-","-","-","-","-","-","-","-","-","-","-","-","-","-","-"
"10310","","ó£ç•åèêîÅyåèÅz","2020000000","","2020îN","00140","","ç»_18çŒ","","194","25","33","49","24","18","11","6","7","3","4","4","2","1","-","1","-","-","3","-","1","-","-","-","-","-","-","-","-","1","-","-","-","1","-","-","-","-","-","-","-","-","-","-","-","-","-","-","-","-","-","-","-","-","-","-","-","-","-","-","-","-","-","-","-"
"10310","","ó£ç•åèêîÅyåèÅz","2020000000","","2020îN","00150","","ç»_19çŒ","","449","14","86","100","68","43","36","22","12","13","9","4","6","10","7","4","2","2","-","-","1","3","-","-","3","-","-","-","1","1","-","-","-","-","-","-","-","-","-","2","-","-","-","-","-","-","-","-","-","-","-","-","-","-","-","-","-","-","-","-","-","-","-","-","-"
"10310","","ó£ç•åèêîÅyåèÅz","2020000000","","2020îN","00160","","ç»_20çŒ","","908","6","60","194","171","131","67","62","35","25","18","13","16","13","13","14","10","14","6","7","3","5","3","2","1","6","1","-","2","1","3","-","-","-","-","1","2","-","1","-","-","-","-","-","-","1","1","-","-","-","-","-","-","-","-","-","-","-","-","-","-","-","-","-","-"
"10310","","ó£ç•åèêîÅyåèÅz","2020000000","","2020îN","00170","","ç»_21çŒ","","1,355","4","14","105","283","228","154","126","96","57","46","34","24","30","22","10","21","14","6","12","10","8","4","6","6","6","2","4","-","3","2","1","3","2","3","2","-","1","-","2","-","1","-","1","1","-","-","1","-","-","-","-","-","-","-","-","-","-","-","-","-","-","-","-","-"
"10310","","ó£ç•åèêîÅyåèÅz","2020000000","","2020îN","00180","","ç»_22çŒ","","1,933","2","6","37","164","441","298","195","137","119","83","67","58","49","35","33","28","24","23","25","19","9","12","8","8","7","7","2","3","3","3","3","1","5","5","1","-","1","-","1","2","-","1","2","2","-","-","-","-","-","1","-","-","-","3","-","-","-","-","-","-","-","-","-","-"
"10310","","ó£ç•åèêîÅyåèÅz","2020000000","","2020îN","00190","","ç»_23çŒ","","2,368","1","3","19","47","197","531","358","207","170","130","119","111","87","44","48","44","34","33","24","31","18","14","12","18","5","12","5","7","4","4","4","1","4","2","4","2","1","1","2","2","-","1","-","1","-","1","-","1","-","-","1","-","1","2","-","-","-","-","-","-","-","-","-","-"
"10310","","ó£ç•åèêîÅyåèÅz","2020000000","","2020îN","00200","","ç»_24çŒ","","2,902","2","5","22","35","85","238","593","414","294","204","172","128","121","85","72","58","42","54","41","32","29","26","28","12","12","15","14","6","7","5","7","3","8","4","2","6","2","3","3","-","2","1","1","1","1","-","1","2","1","-","-","-","1","-","1","-","-","-","1","-","-","-","-","-"
"10310","","ó£ç•åèêîÅyåèÅz","2020000000","","2020îN","00210","","ç»_25çŒ","","3,419","-","2","7","13","43","114","261","700","483","292","261","179","168","128","119","111","85","62","50","60","44","31","29","27","26","12","19","6","16","9","10","12","4","5","1","3","3","3","1","2","4","2","2","2","1","-","1","-","-","1","1","-","3","-","1","-","-","-","-","-","-","-","-","-"
"10310","","ó£ç•åèêîÅyåèÅz","2020000000","","2020îN","00220","","ç»_26çŒ","","3,841","1","3","10","14","26","70","130","345","788","476","354","266","199","180","145","119","112","92","90","56","53","40","43","27","29","24","18","27","17","18","9","9","5","3","-","3","4","3","8","4","4","5","2","-","1","1","3","-","1","-","-","1","-","-","1","-","-","-","1","-","-","-","1","-"
"10310","","ó£ç•åèêîÅyåèÅz","2020000000","","2020îN","00230","","ç»_27çŒ","","4,113","1","-","2","7","33","42","80","136","325","848","529","370","275","240","206","176","114","115","105","84","67","63","44","40","30","41","16","21","10","14","6","14","12","8","4","6","1","2","3","5","5","1","-","1","1","5","1","-","1","1","1","-","-","-","1","-","-","-","-","-","-","-","-","-"
"10310","","ó£ç•åèêîÅyåèÅz","2020000000","","2020îN","00240","","ç»_28çŒ","","4,352","-","-","6","10","12","20","61","101","170","340","839","538","389","292","249","211","156","147","103","116","93","91","69","57","49","39","41","30","22","12","15","8","12","8","7","5","4","2","1","3","2","2","2","2","1","2","1","1","1","3","2","2","2","1","-","-","-","-","-","-","-","-","-","-"
"10310","","ó£ç•åèêîÅyåèÅz","2020000000","","2020îN","00250","","ç»_29çŒ","","4,491","-","-","1","6","11","18","38","61","114","178","353","849","583","403","303","259","210","214","129","124","100","80","57","57","55","39","39","33","30","26","11","17","10","7","6","11","6","7","6","5","6","2","4","4","6","3","2","-","2","-","-","1","3","-","1","-","1","-","-","-","-","-","-","-"
"10310","","ó£ç•åèêîÅyåèÅz","2020000000","","2020îN","00260","","ç»_30çŒ","","4,660","1","-","-","3","7","19","29","45","71","122","202","397","833","571","398","306","289","246","185","166","124","112","95","82","57","54","40","36","16","22","32","20","18","11","5","6","3","4","3","4","2","6","3","1","2","1","-","2","-","1","2","1","1","-","-","1","-","-","1","-","-","1","1","-"
"10310","","ó£ç•åèêîÅyåèÅz","2020000000","","2020îN","00270","","ç»_31çŒ","","4,772","-","-","1","8","10","16","24","29","58","96","124","178","417","848","557","383","338","282","239","194","174","133","115","100","80","63","51","51","33","20","25","20","16","15","14","10","4","10","6","3","6","4","1","2","-","3","2","3","-","-","1","2","1","-","1","-","1","-","-","-","-","-","-","-"
"10310","","ó£ç•åèêîÅyåèÅz","2020000000","","2020îN","00280","","ç»_32çŒ","","4,560","-","-","1","3","5","11","14","29","32","63","86","127","194","400","773","507","386","306","278","231","187","169","108","109","85","67","74","46","45","39","23","25","30","17","7","11","8","8","5","10","4","2","13","5","3","1","1","2","3","1","2","1","1","-","-","-","1","-","-","-","-","1","-","-"
"10310","","ó£ç•åèêîÅyåèÅz","2020000000","","2020îN","00290","","ç»_33çŒ","","4,673","-","-","1","1","5","9","12","14","23","46","86","100","162","223","384","769","487","416","344","274","220","175","129","136","97","97","87","46","54","52","36","23","24","26","21","16","9","14","4","5","3","6","11","3","2","5","2","2","2","1","1","3","2","1","2","-","-","-","-","-","-","-","-","-"
"10310","","ó£ç•åèêîÅyåèÅz","2020000000","","2020îN","00300","","ç»_34çŒ","","4,647","-","-","-","4","3","5","9","15","24","34","43","69","117","139","227","405","747","489","372","321","255","237","201","186","145","92","77","75","64","44","38","41","23","23","18","19","16","10","10","9","3","4","3","8","3","6","2","3","1","-","2","2","1","2","1","-","-","-","-","-","-","-","-","-"
"10310","","ó£ç•åèêîÅyåèÅz","2020000000","","2020îN","00310","","ç»_35çŒ","","4,567","-","-","-","-","2","6","4","15","22","32","33","56","83","82","150","195","359","737","509","431","318","233","223","179","147","114","101","94","76","86","50","42","33","23","26","15","14","10","8","8","9","3","9","1","6","1","7","1","2","1","1","1","1","-","2","2","1","-","1","1","-","1","-","-"
"10310","","ó£ç•åèêîÅyåèÅz","2020000000","","2020îN","00320","","ç»_36çŒ","","4,483","-","-","1","3","-","6","4","9","15","30","33","43","63","90","89","133","211","395","725","448","354","302","268","234","186","138","111","104","83","71","49","51","40","41","24","21","22","11","8","10","7","6","6","1","4","5","2","4","4","3","1","1","2","2","1","1","1","2","-","2","1","-","1","-"
"10310","","ó£ç•åèêîÅyåèÅz","2020000000","","2020îN","00330","","ç»_37çŒ","","4,483","-","-","-","1","2","1","4","10","18","18","14","30","36","58","75","103","144","218","389","677","453","377","305","274","202","174","164","148","95","92","75","53","40","34","30","20","18","25","11","13","15","9","9","5","6","4","6","1","2","6","1","3","2","-","6","4","2","-","-","-","-","1","-","-"
"10310","","ó£ç•åèêîÅyåèÅz","2020000000","","2020îN","00340","","ç»_38çŒ","","4,259","-","-","-","-","3","2","2","9","10","11","8","19","31","42","56","90","102","144","256","367","616","423","328","261","246","212","180","167","109","102","87","73","43","49","48","25","20","19","14","10","15","7","4","5","6","6","6","4","4","2","3","3","1","3","1","1","-","-","-","2","1","1","-","-"
"10310","","ó£ç•åèêîÅyåèÅz","2020000000","","2020îN","00350","","ç»_39çŒ","","4,110","-","-","-","-","3","1","3","7","7","8","9","20","19","24","49","63","75","98","154","211","328","597","405","337","260","248","209","180","157","115","94","79","58","61","38","31","21","30","9","14","11","5","9","15","3","6","8","2","3","4","5","3","5","-","3","1","1","1","1","-","1","1","-","-"
"10310","","ó£ç•åèêîÅyåèÅz","2020000000","","2020îN","00360","","ç»_40çŒ","","4,105","-","-","-","-","-","-","4","2","2","6","11","15","11","31","28","55","70","80","93","138","211","285","576","448","381","318","219","207","177","114","102","93","53","78","47","44","26","25","15","28","18","8","15","8","7","6","9","8","4","4","6","5","4","2","2","1","2","2","-","-","-","-","1","-"
"10310","","ó£ç•åèêîÅyåèÅz","2020000000","","2020îN","00370","","ç»_41çŒ","","4,063","-","-","-","-","1","1","3","3","6","6","11","7","15","18","24","31","62","59","93","79","123","185","329","604","443","331","283","246","201","171","139","110","111","66","72","36","27","28","18","23","16","11","11","11","7","4","7","8","2","4","2","4","3","1","1","2","1","-","-","2","-","-","1","-"
"10310","","ó£ç•åèêîÅyåèÅz","2020000000","","2020îN","00380","","ç»_42çŒ","","4,038","-","-","-","-","-","3","2","3","3","6","7","11","13","22","24","29","35","53","61","63","98","140","192","321","605","460","338","291","257","187","145","130","95","58","62","55","47","43","37","26","17","15","10","14","12","6","5","6","1","5","4","2","8","1","4","3","1","-","1","1","-","-","-","-"
"10310","","ó£ç•åèêîÅyåèÅz","2020000000","","2020îN","00390","","ç»_43çŒ","","3,891","-","-","1","-","-","1","1","4","-","4","7","6","5","10","21","30","36","41","44","51","65","110","145","172","292","570","397","357","277","233","195","155","133","103","93","51","43","40","32","29","27","13","13","17","6","11","11","3","2","8","10","8","4","-","2","1","1","-","-","-","-","-","-","-"
"10310","","ó£ç•åèêîÅyåèÅz","2020000000","","2020îN","00400","","ç»_44çŒ","","3,841","-","-","-","-","-","-","1","1","1","3","4","2","6","10","14","14","23","29","26","52","55","71","101","128","191","321","548","444","349","273","259","176","135","92","97","68","65","55","36","26","20","17","18","13","13","13","11","12","11","9","5","4","3","4","2","1","-","1","2","1","-","1","4","-"
"10310","","ó£ç•åèêîÅyåèÅz","2020000000","","2020îN","00410","","ç»_45çŒ","","3,874","-","-","-","-","-","-","1","1","3","3","1","4","4","16","11","5","14","20","27","37","44","50","63","105","150","188","285","589","472","333","282","224","180","146","107","85","66","64","53","37","34","38","20","23","12","16","13","12","8","3","3","2","3","2","5","2","3","-","1","1","2","-","1","-"
"10310","","ó£ç•åèêîÅyåèÅz","2020000000","","2020îN","00420","","ç»_46çŒ","","3,923","-","-","-","-","1","1","2","1","-","3","-","1","3","5","6","9","10","15","33","26","35","57","66","67","116","131","211","340","581","455","342","273","255","170","141","105","94","82","57","52","26","21","30","23","10","9","8","7","5","8","3","6","3","4","2","4","1","1","1","3","1","-","1","-"
"10310","","ó£ç•åèêîÅyåèÅz","2020000000","","2020îN","00430","","ç»_47çŒ","","3,790","-","-","-","-","-","-","-","2","-","-","3","4","2","2","3","7","8","13","14","25","18","35","42","63","73","89","169","210","291","567","452","382","226","251","155","122","95","96","75","59","42","34","26","20","24","17","15","8","3","9","4","9","4","3","6","3","5","-","1","2","-","-","2","-"
"10310","","ó£ç•åèêîÅyåèÅz","2020000000","","2020îN","00440","","ç»_48çŒ","","3,498","-","-","-","-","-","-","-","-","-","-","2","2","2","2","6","2","9","2","13","12","23","25","36","40","44","66","107","131","175","301","571","398","334","238","189","155","122","107","76","60","43","34","33","27","17","22","12","12","10","4","2","6","3","3","7","2","2","2","-","3","1","-","3","-"
"10310","","ó£ç•åèêîÅyåèÅz","2020000000","","2020îN","00450","","ç»_49çŒ","","3,214","-","-","-","-","-","-","-","1","-","-","1","1","2","2","2","5","3","7","9","14","19","15","25","33","45","48","69","101","118","172","268","456","341","277","240","187","129","129","89","69","58","45","47","29","25","26","13","14","16","9","8","11","8","9","5","5","1","2","1","1","1","-","3","-"
"10310","","ó£ç•åèêîÅyåèÅz","2020000000","","2020îN","00460","","ç»_50çŒ","","2,948","-","-","-","-","-","-","-","1","1","-","1","2","1","2","1","1","1","5","6","7","10","11","18","17","24","33","37","72","88","128","152","242","399","310","284","195","165","149","122","98","64","65","52","36","33","17","15","13","6","12","11","12","11","4","1","3","3","-","2","-","3","-","2","-"
"10310","","ó£ç•åèêîÅyåèÅz","2020000000","","2020îN","00470","","ç»_51çŒ","","2,681","-","-","-","-","-","-","1","1","-","1","-","-","1","1","-","2","4","3","6","7","2","4","7","14","19","28","36","50","61","72","88","139","212","392","301","251","162","172","129","97","67","69","59","43","31","17","26","23","14","10","12","6","7","10","7","7","3","2","1","1","-","1","2","-"
"10310","","ó£ç•åèêîÅyåèÅz","2020000000","","2020îN","00480","","ç»_52çŒ","","2,317","-","-","-","-","-","-","-","1","1","-","-","-","-","1","4","3","2","2","1","2","3","8","10","12","17","26","26","37","36","62","65","80","123","168","322","247","204","147","136","114","89","59","78","40","31","25","16","17","14","11","16","12","10","10","7","4","1","7","4","2","2","1","1","-"
"10310","","ó£ç•åèêîÅyåèÅz","2020000000","","2020îN","00490","","ç»_53çŒ","","1,877","-","-","-","-","-","-","-","-","-","-","2","-","-","-","1","4","2","-","2","2","7","2","7","10","9","10","14","22","21","34","47","54","62","119","136","234","191","175","134","128","87","78","65","45","34","14","27","19","11","10","11","8","7","6","5","2","2","4","6","2","1","2","2","-"
"10310","","ó£ç•åèêîÅyåèÅz","2020000000","","2020îN","00500","","ç»_54çŒ","","1,610","-","-","-","-","-","1","-","-","-","-","1","-","-","1","-","-","1","3","1","1","4","4","4","6","5","6","7","10","14","24","29","27","53","54","65","130","193","175","138","114","121","89","83","58","29","30","26","17","16","10","10","9","11","5","9","4","3","1","3","2","-","3","-","-"
"10310","","ó£ç•åèêîÅyåèÅz","2020000000","","2020îN","00510","","ç»_55çŒ","","1,560","-","-","-","-","-","-","-","-","-","-","-","1","1","-","-","-","1","-","1","2","3","2","1","2","5","5","7","9","19","18","28","22","41","36","61","62","100","205","168","125","140","94","104","67","44","40","31","21","14","8","15","10","13","7","6","2","5","2","-","1","2","4","5","-"
"10310","","ó£ç•åèêîÅyåèÅz","2020000000","","2020îN","00520","","ç»_56çŒ","","1,333","-","-","-","-","-","1","-","-","-","-","1","-","-","-","-","1","1","-","-","1","2","-","2","1","4","2","5","3","8","12","14","18","26","27","38","42","49","116","173","127","113","100","107","67","58","41","28","36","18","16","14","12","9","5","7","4","6","6","2","2","2","2","4","-"
"10310","","ó£ç•åèêîÅyåèÅz","2020000000","","2020îN","00530","","ç»_57çŒ","","1,153","-","-","-","-","-","-","-","-","-","-","-","-","-","-","1","1","-","1","1","-","-","1","2","3","1","7","6","4","7","4","11","8","13","15","24","27","35","55","77","145","96","94","129","84","66","49","38","32","16","11","20","13","14","9","7","7","3","4","2","1","5","2","2","-"
"10310","","ó£ç•åèêîÅyåèÅz","2020000000","","2020îN","00540","","ç»_58çŒ","","971","-","-","-","-","-","-","-","-","-","-","-","-","-","-","-","-","-","-","2","2","-","1","1","-","2","1","6","3","5","8","6","5","8","12","20","18","22","34","33","56","123","105","94","73","79","62","33","36","23","11","9","15","14","12","8","8","4","6","2","1","-","2","6","-"
"10310","","ó£ç•åèêîÅyåèÅz","2020000000","","2020îN","00550","","ç»_59çŒ","","887","-","-","-","-","-","-","-","-","-","-","-","-","-","-","-","-","-","-","-","-","3","-","1","-","1","1","1","4","3","5","6","3","5","8","13","14","16","18","25","38","61","106","100","85","78","67","43","34","27","23","16","13","21","14","9","4","3","8","4","1","2","-","3","-"
"10310","","ó£ç•åèêîÅyåèÅz","2020000000","","2020îN","00560","","ç»_60çŒ","","827","-","-","-","-","-","-","-","-","-","-","-","-","-","-","-","-","-","-","-","-","1","-","-","-","4","2","1","1","2","2","1","3","6","2","6","4","11","11","19","19","36","57","114","100","83","55","56","50","40","39","22","19","13","7","10","6","2","3","5","4","4","3","4","-"
"10310","","ó£ç•åèêîÅyåèÅz","2020000000","","2020îN","00570","","ç»_61çŒ","","746","-","-","-","-","-","-","-","-","-","1","-","-","-","-","-","1","1","-","-","-","-","-","1","1","1","2","1","2","2","2","-","-","3","6","3","7","6","10","15","10","25","38","66","101","72","60","53","57","40","32","26","23","13","19","11","9","8","5","3","1","2","2","5","-"
"10310","","ó£ç•åèêîÅyåèÅz","2020000000","","2020îN","00580","","ç»_62çŒ","","563","-","-","-","-","-","-","-","-","-","-","-","-","-","1","-","-","-","-","-","1","-","-","-","-","-","-","-","1","-","-","1","3","2","4","6","4","2","9","4","7","14","12","23","38","64","54","44","57","48","35","31","21","24","14","11","7","3","2","7","2","3","1","3","-"
"10310","","ó£ç•åèêîÅyåèÅz","2020000000","","2020îN","00590","","ç»_63çŒ","","482","-","-","-","-","-","-","-","-","-","-","-","-","-","-","-","-","-","1","-","-","-","-","-","-","-","-","-","1","-","-","1","3","3","2","4","3","-","7","3","4","7","9","20","19","34","55","52","52","41","42","27","24","18","9","16","8","3","3","4","2","2","2","1","-"
"10310","","ó£ç•åèêîÅyåèÅz","2020000000","","2020îN","00600","","ç»_64çŒ","","494","-","-","-","-","-","-","-","-","-","-","-","-","-","-","-","-","-","-","-","-","-","-","1","-","-","-","-","-","-","-","4","3","-","1","3","6","2","3","6","8","8","5","5","13","28","33","53","70","36","50","35","27","27","20","16","7","2","2","9","3","4","-","4","-"
"10310","","ó£ç•åèêîÅyåèÅz","2020000000","","2020îN","00610","","ç»_65çŒ","","503","-","-","-","-","-","-","-","-","-","-","-","-","-","-","-","-","-","-","-","-","-","-","-","-","-","-","1","-","-","-","-","1","1","1","2","3","2","2","5","1","4","6","10","8","16","12","37","69","51","43","55","39","28","36","26","17","4","5","2","5","2","3","6","-"
"10310","","ó£ç•åèêîÅyåèÅz","2020000000","","2020îN","00620","","ç»_66çŒ","","448","-","-","-","-","-","-","-","-","-","-","-","-","-","-","-","-","-","-","-","-","-","-","-","-","-","1","-","1","-","1","-","1","-","-","-","1","-","2","1","2","3","5","5","7","9","10","20","28","41","50","45","49","41","32","26","23","11","11","5","4","3","3","7","-"
"10310","","ó£ç•åèêîÅyåèÅz","2020000000","","2020îN","00630","","ç»_67çŒ","","365","-","-","-","-","-","-","-","-","-","-","-","-","-","-","-","-","-","-","1","-","-","-","-","-","-","-","-","-","1","-","-","-","-","1","1","2","2","-","2","4","3","4","6","5","6","3","8","20","24","42","51","29","40","31","23","16","9","4","13","2","4","1","7","-"
"10310","","ó£ç•åèêîÅyåèÅz","2020000000","","2020îN","00640","","ç»_68çŒ","","378","-","-","-","-","-","-","-","-","-","-","-","-","-","-","-","-","-","-","-","-","-","-","-","-","-","-","-","-","-","-","-","-","-","-","-","-","-","3","-","2","2","1","3","7","6","5","2","14","15","34","49","44","38","32","42","26","12","13","9","2","7","3","7","-"
"10310","","ó£ç•åèêîÅyåèÅz","2020000000","","2020îN","00650","","ç»_69çŒ","","405","-","-","-","-","-","-","-","-","-","-","-","-","-","-","-","-","-","-","-","-","-","-","-","-","-","-","1","-","-","1","-","-","-","-","-","-","1","1","-","1","5","4","2","2","4","2","5","11","11","20","39","49","51","39","43","40","15","15","13","6","10","1","13","-"
"10310","","ó£ç•åèêîÅyåèÅz","2020000000","","2020îN","00660","","ç»_70çŒ","","374","-","-","-","-","-","-","-","-","-","-","-","-","-","-","-","-","-","-","-","-","-","1","1","1","-","-","-","-","-","-","-","1","-","1","-","-","-","-","1","1","1","-","2","3","5","4","6","7","11","10","15","33","37","47","52","35","20","17","30","7","9","6","10","-"
"10310","","ó£ç•åèêîÅyåèÅz","2020000000","","2020îN","00670","","ç»_71çŒ","","341","-","-","-","-","-","-","-","-","-","-","-","-","-","-","-","-","-","-","-","-","-","-","-","-","-","-","-","-","-","-","-","-","-","-","-","-","-","1","1","1","1","2","-","1","-","1","4","5","8","8","14","21","23","47","52","27","27","24","17","16","11","9","20","-"
"10310","","ó£ç•åèêîÅyåèÅz","2020000000","","2020îN","00680","","ç»_72çŒ","","312","-","-","-","-","-","-","-","-","-","-","-","-","-","1","-","-","-","-","-","-","-","-","-","-","-","-","-","-","-","-","-","-","-","-","1","-","1","-","-","-","-","-","1","1","-","3","3","6","7","4","5","8","24","29","40","43","22","25","22","15","16","12","23","-"
"10310","","ó£ç•åèêîÅyåèÅz","2020000000","","2020îN","00690","","ç»_73çŒ","","241","-","-","-","-","-","-","-","-","-","-","-","-","-","-","-","-","-","-","-","-","-","-","-","-","-","-","-","-","-","-","-","-","-","1","-","-","1","1","-","-","-","-","-","-","2","1","1","1","5","6","13","8","11","14","21","34","20","17","26","16","15","10","17","-"
"10310","","ó£ç•åèêîÅyåèÅz","2020000000","","2020îN","00700","","ç»_74çŒ","","167","-","-","-","-","-","-","-","-","-","-","-","-","-","-","-","-","-","-","-","-","-","-","-","-","-","-","-","-","-","-","-","-","1","-","-","-","-","-","-","-","-","-","1","-","1","1","3","1","-","4","2","3","6","4","13","12","21","9","22","13","10","13","27","-"
"10310","","ó£ç•åèêîÅyåèÅz","2020000000","","2020îN","00710","","ç»_75çŒ","","186","-","-","-","-","-","-","-","-","-","-","-","-","-","-","-","-","-","-","-","-","-","-","-","-","-","-","-","-","-","-","-","-","-","-","-","-","-","-","-","-","-","-","-","-","-","2","1","2","-","4","5","7","4","7","8","9","12","18","26","21","13","18","29","-"
"10310","","ó£ç•åèêîÅyåèÅz","2020000000","","2020îN","00720","","ç»_76çŒ","","193","-","-","-","-","-","-","-","-","-","-","-","-","-","-","-","-","-","-","-","-","-","-","-","-","-","-","-","-","-","-","-","-","-","-","-","-","-","-","1","-","-","-","-","-","1","1","2","-","1","4","2","7","8","3","7","10","14","16","17","22","20","16","41","-"
"10310","","ó£ç•åèêîÅyåèÅz","2020000000","","2020îN","00730","","ç»_77çŒ","","159","-","-","-","-","-","-","-","-","-","-","-","-","-","-","-","-","-","-","-","-","-","-","-","-","-","-","-","-","-","-","-","-","-","-","-","-","-","-","-","-","-","-","-","-","-","-","-","-","1","1","2","2","6","6","5","3","9","10","14","13","17","15","55","-"
"10310","","ó£ç•åèêîÅyåèÅz","2020000000","","2020îN","00740","","ç»_78çŒ","","127","-","-","-","-","-","-","-","-","-","-","-","-","-","-","-","-","-","-","-","-","-","-","-","-","-","-","-","-","-","-","-","-","-","-","-","-","-","-","-","-","-","-","-","-","-","1","-","2","1","-","-","5","2","3","3","5","3","4","8","12","13","12","53","-"
"10310","","ó£ç•åèêîÅyåèÅz","2020000000","","2020îN","00750","","ç»_79çŒ","","95","-","-","-","-","-","-","-","-","-","-","-","-","-","-","-","-","-","-","-","-","-","-","-","-","-","-","-","-","-","-","-","-","-","-","-","-","-","-","-","1","2","-","-","-","-","-","-","-","4","1","-","2","1","1","2","1","2","3","5","3","4","12","51","-"
"10310","","ó£ç•åèêîÅyåèÅz","2020000000","","2020îN","00760","","ç»_80çŒà»è„","","350","-","-","-","-","-","-","-","-","-","-","-","-","-","-","-","-","-","-","1","-","-","-","-","-","-","-","-","-","-","-","-","-","-","-","-","-","1","-","-","-","1","-","-","1","-","1","-","-","-","-","1","6","4","3","10","5","4","8","12","10","23","14","245","-"
"10310","","ó£ç•åèêîÅyåèÅz","2020000000","","2020îN","00770","","ç»_ïsè⁄","","-","-","-","-","-","-","-","-","-","-","-","-","-","-","-","-","-","-","-","-","-","-","-","-","-","-","-","-","-","-","-","-","-","-","-","-","-","-","-","-","-","-","-","-","-","-","-","-","-","-","-","-","-","-","-","-","-","-","-","-","-","-","-","-","-"
"10310","","ó£ç•åèêîÅyåèÅz","2019000000","","2019îN","00100","","ç»_ëçêî","","150,654","83","249","663","1,075","1,510","1,892","2,240","2,505","2,904","3,405","3,807","3,980","4,291","4,422","4,723","4,662","4,759","4,981","4,793","4,746","4,625","4,632","4,617","4,606","4,503","4,520","4,502","4,536","4,293","4,062","3,823","3,584","3,389","3,127","2,781","2,296","2,408","2,163","1,944","1,742","1,602","1,423","1,514","1,216","1,031","922","883","804","755","720","714","723","694","650","507","292","339","365","284","244","232","137","758","2"
"10310","","ó£ç•åèêîÅyåèÅz","2019000000","","2019îN","00120","","ç»_16çŒ","","10","2","2","2","-","1","-","1","1","-","-","-","-","-","-","1","-","-","-","-","-","-","-","-","-","-","-","-","-","-","-","-","-","-","-","-","-","-","-","-","-","-","-","-","-","-","-","-","-","-","-","-","-","-","-","-","-","-","-","-","-","-","-","-","-"
"10310","","ó£ç•åèêîÅyåèÅz","2019000000","","2019îN","00130","","ç»_17çŒ","","86","10","15","15","9","9","5","5","4","2","1","1","-","-","-","4","-","-","-","-","3","-","-","1","1","-","-","-","-","-","-","-","-","-","-","-","-","-","-","-","-","-","-","-","-","-","-","-","-","-","-","-","-","-","-","-","-","-","-","-","-","-","-","-","1"
"10310","","ó£ç•åèêîÅyåèÅz","2019000000","","2019îN","00140","","ç»_18çŒ","","216","34","37","42","30","16","15","7","9","4","3","5","-","2","1","1","-","1","-","3","-","2","2","-","-","-","-","-","-","1","-","-","-","1","-","-","-","-","-","-","-","-","-","-","-","-","-","-","-","-","-","-","-","-","-","-","-","-","-","-","-","-","-","-","-"
"10310","","ó£ç•åèêîÅyåèÅz","2019000000","","2019îN","00150","","ç»_19çŒ","","564","21","87","127","100","68","37","30","17","13","12","10","7","5","3","3","2","4","3","1","3","1","1","2","-","-","-","-","1","1","2","-","-","-","1","-","-","1","-","-","-","-","-","-","-","-","1","-","-","-","-","-","-","-","-","-","-","-","-","-","-","-","-","-","-"
"10310","","ó£ç•åèêîÅyåèÅz","2019000000","","2019îN","00160","","ç»_20çŒ","","1,047","10","55","234","207","132","81","75","46","31","27","31","24","15","12","7","10","4","3","7","-","2","4","2","2","3","1","2","2","-","2","-","1","3","4","-","1","-","2","-","1","1","-","1","-","2","-","-","-","-","-","-","-","-","-","-","-","-","-","-","-","-","-","-","-"
"10310","","ó£ç•åèêîÅyåèÅz","2019000000","","2019îN","00170","","ç»_21çŒ","","1,514","3","21","113","356","256","154","133","100","65","57","46","22","29","22","10","15","14","13","11","8","5","10","2","7","4","9","4","1","3","2","1","2","3","2","5","1","-","-","1","-","1","-","1","-","1","1","-","-","-","-","-","-","-","-","-","-","-","-","-","-","-","-","-","-"
"10310","","ó£ç•åèêîÅyåèÅz","2019000000","","2019îN","00180","","ç»_22çŒ","","2,251","2","14","53","179","513","372","232","161","122","99","81","52","46","41","48","37","22","24","17","23","22","18","10","8","7","6","5","4","4","-","5","3","2","1","1","1","1","-","2","1","2","2","1","1","1","-","1","-","1","-","-","1","2","-","-","-","-","-","-","-","-","-","-","-"
"10310","","ó£ç•åèêîÅyåèÅz","2019000000","","2019îN","00190","","ç»_23çŒ","","2,632","-","10","24","78","224","601","370","210","182","159","130","94","84","64","62","48","43","35","35","35","15","22","15","8","11","11","5","6","8","5","5","2","5","1","6","1","2","3","2","1","-","-","2","-","1","2","-","-","-","1","2","-","-","1","-","-","-","-","-","-","-","-","1","-"
"10310","","ó£ç•åèêîÅyåèÅz","2019000000","","2019îN","00200","","ç»_24çŒ","","3,120","-","2","12","42","93","243","628","408","287","227","200","176","119","108","84","72","60","59","45","53","30","30","21","16","7","20","8","7","11","6","6","5","2","6","2","2","2","6","-","2","1","2","1","1","-","-","2","1","-","-","-","1","2","1","-","-","-","-","-","-","-","-","1","-"
"10310","","ó£ç•åèêîÅyåèÅz","2019000000","","2019îN","00210","","ç»_25çŒ","","3,585","1","4","11","15","51","110","276","672","462","305","287","233","158","154","120","114","87","86","71","56","50","41","39","19","15","22","16","10","17","11","9","6","8","5","6","3","8","6","1","3","2","2","1","1","2","2","1","1","-","-","1","2","-","1","1","-","-","-","-","-","-","-","-","-"
"10310","","ó£ç•åèêîÅyåèÅz","2019000000","","2019îN","00220","","ç»_26çŒ","","4,004","-","-","8","12","35","67","133","337","791","513","368","260","226","177","150","140","124","108","98","69","59","54","37","38","39","22","25","16","15","14","8","4","8","2","4","5","4","5","1","4","4","4","2","3","1","2","1","2","1","-","2","-","-","-","1","-","-","1","-","-","-","-","-","-"
"10310","","ó£ç•åèêîÅyåèÅz","2019000000","","2019îN","00230","","ç»_27çŒ","","4,569","-","-","5","13","16","46","96","168","381","896","574","412","335","266","246","186","156","133","98","99","64","63","40","39","42","30","31","14","21","13","11","11","11","10","3","4","4","4","6","1","2","1","-","1","2","6","-","3","1","1","-","1","-","-","1","1","-","-","1","-","-","-","-","-"
"10310","","ó£ç•åèêîÅyåèÅz","2019000000","","2019îN","00240","","ç»_28çŒ","","4,778","-","1","5","5","22","40","71","86","160","407","926","560","425","344","305","238","180","176","135","133","106","68","53","43","46","36","29","24","14","22","20","17","10","9","7","7","8","7","3","2","1","3","3","2","-","5","1","2","1","-","3","-","2","2","1","1","-","-","1","-","-","-","-","-"
"10310","","ó£ç•åèêîÅyåèÅz","2019000000","","2019îN","00250","","ç»_29çŒ","","4,906","-","-","1","8","20","31","38","72","111","197","418","888","593","411","346","295","250","220","144","152","121","115","79","72","55","43","25","33","25","22","20","14","8","14","6","7","3","8","3","4","3","5","2","3","2","2","1","1","5","1","1","-","1","2","-","1","1","3","-","-","-","-","-","-"
"10310","","ó£ç•åèêîÅyåèÅz","2019000000","","2019îN","00260","","ç»_30çŒ","","5,263","-","-","1","1","10","23","44","54","77","118","221","435","971","649","469","321","305","303","204","178","139","121","100","74","74","56","62","43","37","22","17","17","18","12","21","8","6","7","7","1","3","5","7","4","3","2","2","2","2","2","1","1","1","-","1","-","-","-","-","1","-","-","-","-"
"10310","","ó£ç•åèêîÅyåèÅz","2019000000","","2019îN","00270","","ç»_31çŒ","","5,123","-","-","-","3","8","18","26","29","49","85","131","200","444","914","603","439","369","320","273","191","173","137","127","103","88","68","43","55","40","34","24","11","15","5","9","14","10","9","4","5","6","2","7","2","3","6","2","2","3","4","3","2","1","2","-","-","-","1","-","1","-","-","-","-"
"10310","","ó£ç•åèêîÅyåèÅz","2019000000","","2019îN","00280","","ç»_32çŒ","","5,121","-","1","3","3","10","9","14","28","39","75","97","145","208","429","870","598","475","316","332","269","190","156","167","109","84","93","75","55","36","36","30","29","21","22","12","9","9","15","5","7","3","5","4","2","4","1","3","2","4","2","3","2","-","-","4","-","-","1","-","-","-","-","-","-"
"10310","","ó£ç•åèêîÅyåèÅz","2019000000","","2019îN","00290","","ç»_33çŒ","","5,246","-","-","-","1","8","9","12","21","16","77","56","110","180","206","457","829","574","476","384","301","251","226","158","154","116","105","87","84","57","47","35","28","31","28","14","10","17","13","2","2","9","5","7","3","8","3","8","4","2","1","1","4","2","2","2","-","1","1","-","-","-","-","1","-"
"10310","","ó£ç•åèêîÅyåèÅz","2019000000","","2019îN","00300","","ç»_34çŒ","","5,114","-","-","2","3","3","11","8","12","25","27","53","91","119","149","239","412","802","606","425","328","293","248","223","173","123","124","103","89","81","61","50","37","27","30","15","12","14","9","12","7","6","8","9","6","3","4","4","4","2","3","1","6","3","2","-","-","2","2","1","-","1","1","-","-"
"10310","","ó£ç•åèêîÅyåèÅz","2019000000","","2019îN","00310","","ç»_35çŒ","","5,072","-","-","2","3","2","4","7","14","27","22","38","60","90","132","158","231","417","775","555","402","355","308","265","214","168","143","118","83","86","67","63","42","29","22","24","19","27","13","6","10","9","9","3","4","6","4","3","3","2","4","2","3","5","5","2","2","1","2","-","1","1","-","-","-"
"10310","","ó£ç•åèêîÅyåèÅz","2019000000","","2019îN","00320","","ç»_36çŒ","","4,943","-","-","-","3","4","3","7","11","11","23","28","55","64","96","141","169","222","403","734","510","411","360","275","248","203","179","149","125","83","67","68","43","43","26","17","21","20","12","14","10","8","12","3","11","5","3","4","3","7","3","3","4","5","1","2","1","3","2","-","-","3","-","2","-"
"10310","","ó£ç•åèêîÅyåèÅz","2019000000","","2019îN","00330","","ç»_37çŒ","","4,780","-","-","-","2","-","5","5","6","12","25","31","39","39","59","92","116","165","231","388","717","487","378","341","273","228","196","165","161","101","100","72","73","43","31","33","24","20","16","16","12","11","10","6","6","5","1","7","4","5","4","7","1","4","3","-","-","-","-","1","2","-","-","1","-"
"10310","","ó£ç•åèêîÅyåèÅz","2019000000","","2019îN","00340","","ç»_38çŒ","","4,532","-","-","1","-","1","-","9","10","13","10","15","28","43","42","81","92","121","160","199","358","669","440","375","331","263","232","190","149","130","91","72","64","59","42","41","25","18","20","15","18","13","13","9","7","6","6","6","11","4","3","4","8","5","1","4","-","-","2","1","-","-","1","1","-"
"10310","","ó£ç•åèêîÅyåèÅz","2019000000","","2019îN","00350","","ç»_39çŒ","","4,577","-","-","-","-","1","1","4","3","6","9","16","25","24","34","56","76","88","156","166","231","342","623","506","392","349","244","239","205","145","119","100","69","64","58","34","34","27","22","14","11","16","10","7","10","1","5","6","5","3","2","3","-","6","3","1","-","1","-","1","-","1","-","3","-"
"10310","","ó£ç•åèêîÅyåèÅz","2019000000","","2019îN","00360","","ç»_40çŒ","","4,608","-","-","-","1","3","1","1","7","3","4","9","17","17","22","37","58","60","107","128","168","223","404","676","492","372","302","282","230","191","145","134","107","71","46","50","26","36","27","17","20","25","12","9","7","7","5","4","7","2","6","4","8","2","3","5","1","3","2","-","-","1","-","1","-"
"10310","","ó£ç•åèêîÅyåèÅz","2019000000","","2019îN","00370","","ç»_41çŒ","","4,452","-","-","-","-","1","2","3","4","3","4","8","8","15","22","29","43","57","73","89","138","155","215","353","666","446","372","304","286","246","179","159","90","72","70","68","31","31","36","24","16","21","16","19","11","5","11","10","3","8","5","4","4","7","4","2","1","-","1","-","-","-","-","2","-"
"10310","","ó£ç•åèêîÅyåèÅz","2019000000","","2019îN","00380","","ç»_42çŒ","","4,385","-","-","-","-","-","3","2","5","2","5","7","9","6","17","27","33","38","57","64","89","115","163","233","400","647","465","377","288","251","214","163","119","115","81","60","53","38","35","35","29","28","13","14","14","2","9","6","8","14","11","3","5","3","2","1","2","1","1","1","-","2","-","-","-"
"10310","","ó£ç•åèêîÅyåèÅz","2019000000","","2019îN","00390","","ç»_43çŒ","","4,298","-","-","1","-","-","-","1","1","7","4","4","9","9","9","20","19","22","35","50","64","86","97","136","204","353","632","459","374","331","258","239","166","131","103","86","71","62","39","39","37","19","19","16","22","14","5","7","8","6","6","3","3","4","5","2","1","-","-","-","-","-","-","-","-"
"10310","","ó£ç•åèêîÅyåèÅz","2019000000","","2019îN","00400","","ç»_44çŒ","","4,360","-","-","1","-","1","-","-","2","-","1","3","5","8","10","12","12","26","23","43","47","74","78","115","142","221","355","672","528","355","311","257","199","157","143","104","76","71","45","30","38","33","22","20","23","10","9","12","13","5","6","10","7","6","3","3","3","4","2","2","1","1","-","-","-"
"10310","","ó£ç•åèêîÅyåèÅz","2019000000","","2019îN","00410","","ç»_45çŒ","","4,337","-","-","-","-","1","-","-","5","-","3","2","2","6","4","11","10","23","16","24","29","58","75","73","108","141","227","351","653","496","375","315","259","220","158","131","118","79","67","54","45","28","26","28","21","15","14","14","8","5","8","4","7","1","7","4","1","5","1","-","1","-","-","-","-"
"10310","","ó£ç•åèêîÅyåèÅz","2019000000","","2019îN","00420","","ç»_46çŒ","","4,265","-","-","-","-","1","-","1","-","1","-","-","4","-","6","12","19","16","14","24","21","37","54","55","79","115","184","212","371","635","481","360","292","265","200","155","116","122","85","56","44","32","36","34","22","19","12","13","8","11","8","8","6","4","1","3","2","2","2","2","1","-","-","2","-"
"10310","","ó£ç•åèêîÅyåèÅz","2019000000","","2019îN","00430","","ç»_47çŒ","","3,878","-","-","-","-","-","-","1","-","-","1","1","1","2","4","6","4","11","10","17","18","26","31","39","51","97","98","133","199","318","535","416","366","287","247","188","131","125","101","73","58","50","36","36","32","24","14","13","9","13","9","6","7","10","6","4","2","1","4","1","2","2","1","1","-"
"10310","","ó£ç•åèêîÅyåèÅz","2019000000","","2019îN","00440","","ç»_48çŒ","","3,632","-","-","-","-","-","1","-","-","-","4","3","1","3","4","6","2","1","12","11","12","14","32","32","46","51","70","106","130","174","293","490","418","316","281","212","145","135","118","94","70","60","51","42","37","23","22","23","8","14","16","11","6","7","5","3","2","3","4","2","-","2","2","2","-"
"10310","","ó£ç•åèêîÅyåèÅz","2019000000","","2019îN","00450","","ç»_49çŒ","","3,244","-","-","-","-","-","-","-","1","2","-","2","1","3","1","3","3","5","7","4","13","16","18","20","24","38","46","60","100","118","154","241","494","361","275","282","170","152","127","108","68","52","64","47","26","27","16","16","8","7","12","10","8","9","4","6","4","5","1","-","2","2","-","1","-"
"10310","","ó£ç•åèêîÅyåèÅz","2019000000","","2019îN","00460","","ç»_50çŒ","","2,996","-","-","-","-","-","-","-","-","-","2","1","1","-","3","2","7","9","6","4","7","13","7","10","20","33","35","60","63","83","119","152","223","436","346","233","188","177","130","109","87","88","62","59","33","36","30","17","18","12","9","10","12","12","4","5","6","4","4","1","3","2","1","2","-"
"10310","","ó£ç•åèêîÅyåèÅz","2019000000","","2019îN","00470","","ç»_51çŒ","","2,757","-","-","-","-","-","-","-","-","-","-","-","-","1","3","2","5","2","3","4","4","6","12","9","9","21","26","37","47","51","75","97","113","230","423","266","223","214","169","163","114","100","50","65","38","34","23","20","16","11","12","9","11","7","5","1","1","2","7","2","3","3","3","5","-"
"10310","","ó£ç•åèêîÅyåèÅz","2019000000","","2019îN","00480","","ç»_52çŒ","","2,319","-","-","-","-","-","-","-","-","-","2","1","-","-","-","1","2","-","1","1","1","4","5","11","13","11","25","25","34","40","52","62","87","113","165","331","221","210","184","151","121","77","68","68","47","33","25","23","20","15","10","8","9","10","9","2","4","4","2","1","2","1","2","5","-"
"10310","","ó£ç•åèêîÅyåèÅz","2019000000","","2019îN","00490","","ç»_53çŒ","","1,820","-","-","-","-","-","-","-","-","-","-","1","1","-","2","-","-","2","2","4","3","2","3","4","7","9","10","10","19","21","28","39","47","67","77","128","231","227","153","158","132","90","65","60","58","34","22","20","10","9","14","7","11","8","8","2","3","2","1","2","1","3","1","2","-"
"10310","","ó£ç•åèêîÅyåèÅz","2019000000","","2019îN","00500","","ç»_54çŒ","","1,830","-","-","-","-","-","-","-","-","-","1","1","1","-","-","1","2","1","3","-","1","3","1","3","6","7","9","8","16","24","31","23","43","46","73","82","112","232","203","183","144","117","90","93","50","45","25","24","20","11","19","17","9","9","8","8","5","4","6","1","2","2","1","4","-"
"10310","","ó£ç•åèêîÅyåèÅz","2019000000","","2019îN","00510","","ç»_55çŒ","","1,536","-","-","-","-","-","-","-","-","-","-","-","-","1","1","-","-","-","3","-","4","-","2","2","4","1","6","6","8","13","15","15","27","27","33","45","67","120","219","148","138","130","110","80","64","47","41","28","16","27","18","9","11","13","10","7","-","3","2","2","2","4","2","5","-"
"10310","","ó£ç•åèêîÅyåèÅz","2019000000","","2019îN","00520","","ç»_56çŒ","","1,376","-","-","-","-","-","-","-","-","-","-","1","-","-","-","-","-","-","-","-","3","-","5","1","3","5","8","4","10","14","20","12","17","17","28","25","35","63","101","198","131","113","112","101","84","59","47","30","27","16","9","15","11","16","13","5","-","2","-","8","3","2","-","2","-"
"10310","","ó£ç•åèêîÅyåèÅz","2019000000","","2019îN","00530","","ç»_57çŒ","","1,218","-","-","-","-","-","-","-","-","-","-","-","3","-","-","-","-","1","-","1","2","2","1","2","2","1","3","5","4","5","16","9","12","13","16","21","25","33","51","82","161","129","102","112","94","65","48","43","34","22","14","14","12","17","10","8","5","3","3","3","5","-","1","3","-"
"10310","","ó£ç•åèêîÅyåèÅz","2019000000","","2019îN","00540","","ç»_58çŒ","","1,021","-","-","-","-","-","-","-","-","-","-","-","-","1","-","1","-","-","1","-","-","-","-","1","1","2","1","1","3","5","4","7","10","10","9","20","13","29","30","33","84","127","111","93","86","70","72","40","32","25","22","14","12","8","12","7","5","5","9","3","2","-","-","-","-"
"10310","","ó£ç•åèêîÅyåèÅz","2019000000","","2019îN","00550","","ç»_59çŒ","","929","-","-","-","1","-","-","-","-","-","-","-","-","-","-","-","2","-","2","-","-","-","-","1","1","1","2","3","2","1","6","4","4","7","8","14","2","20","23","20","25","74","129","133","93","64","50","62","32","23","21","16","16","20","8","7","3","10","5","3","3","1","-","7","-"
"10310","","ó£ç•åèêîÅyåèÅz","2019000000","","2019îN","00560","","ç»_60çŒ","","896","-","-","-","-","-","-","-","-","-","-","-","-","-","-","-","-","-","-","-","2","-","-","-","1","2","1","2","-","3","2","3","2","2","5","4","10","8","14","17","33","38","55","149","86","82","79","68","42","42","30","21","25","23","9","6","6","5","2","6","4","1","2","4","-"
"10310","","ó£ç•åèêîÅyåèÅz","2019000000","","2019îN","00570","","ç»_61çŒ","","715","-","-","-","-","-","-","-","-","-","-","-","-","-","-","-","-","1","-","-","-","1","1","-","2","-","1","-","3","1","1","4","1","3","1","4","6","7","7","11","15","21","30","53","82","66","63","49","66","53","40","26","23","21","14","11","5","7","4","1","4","1","-","5","-"
"10310","","ó£ç•åèêîÅyåèÅz","2019000000","","2019îN","00580","","ç»_62çŒ","","632","-","-","-","-","-","-","-","-","-","-","-","-","-","-","-","-","-","-","-","1","1","-","2","-","2","1","1","-","-","2","1","4","5","-","3","-","5","4","8","9","10","14","37","44","69","53","65","61","59","32","27","32","18","18","13","3","9","7","2","3","1","1","5","-"
"10310","","ó£ç•åèêîÅyåèÅz","2019000000","","2019îN","00590","","ç»_63çŒ","","585","-","-","-","-","-","-","-","-","-","-","-","-","-","-","-","-","-","-","-","-","-","2","-","-","1","-","1","-","-","-","-","-","2","3","1","6","1","3","6","3","11","13","21","26","41","67","62","52","52","47","40","27","20","25","11","8","5","8","5","4","3","1","7","-"
"10310","","ó£ç•åèêîÅyåèÅz","2019000000","","2019îN","00600","","ç»_64çŒ","","491","-","-","-","-","-","-","-","1","-","-","-","1","-","-","-","-","1","-","-","-","-","-","1","-","-","-","-","-","1","-","1","1","1","2","2","2","3","1","4","5","3","4","14","9","23","29","52","52","50","50","45","35","31","15","17","12","4","3","6","2","-","1","7","-"
"10310","","ó£ç•åèêîÅyåèÅz","2019000000","","2019îN","00610","","ç»_65çŒ","","537","-","-","-","-","-","-","-","-","-","-","-","-","-","-","-","-","-","-","-","-","1","-","-","-","-","-","-","-","-","-","-","1","2","2","2","1","1","1","3","3","6","5","10","7","20","20","32","59","47","39","60","53","44","37","31","11","6","11","8","3","3","1","7","-"
"10310","","ó£ç•åèêîÅyåèÅz","2019000000","","2019îN","00620","","ç»_66çŒ","","487","-","-","-","-","-","-","-","-","-","-","-","-","-","-","-","-","-","-","-","-","-","-","-","-","1","-","-","-","-","2","-","1","-","1","1","2","2","2","3","1","6","1","6","8","11","12","22","32","46","67","48","58","44","35","21","18","7","6","13","6","2","-","2","-"
"10310","","ó£ç•åèêîÅyåèÅz","2019000000","","2019îN","00630","","ç»_67çŒ","","432","-","-","-","-","-","-","-","-","-","-","-","-","-","-","-","1","-","-","-","-","-","-","-","-","-","1","1","-","-","-","-","-","1","-","2","-","1","1","-","3","4","3","6","5","7","6","16","28","34","44","50","53","37","39","28","11","11","9","8","6","4","2","10","-"
"10310","","ó£ç•åèêîÅyåèÅz","2019000000","","2019îN","00640","","ç»_68çŒ","","474","-","-","-","-","-","-","-","-","-","-","-","-","-","-","-","-","-","-","-","-","-","-","-","-","-","-","1","-","-","1","2","-","-","-","-","3","1","2","1","2","2","-","4","5","4","8","8","21","24","40","65","48","51","50","33","23","26","13","9","7","5","4","11","-"
"10310","","ó£ç•åèêîÅyåèÅz","2019000000","","2019îN","00650","","ç»_69çŒ","","444","-","-","-","-","-","-","-","-","-","-","-","-","-","-","-","-","-","-","-","-","-","-","-","-","-","-","-","1","-","-","1","2","-","-","-","-","-","1","-","2","3","1","2","5","6","10","7","10","19","21","27","58","57","63","39","20","16","25","15","10","5","6","12","-"
"10310","","ó£ç•åèêîÅyåèÅz","2019000000","","2019îN","00660","","ç»_70çŒ","","418","-","-","-","-","-","-","-","-","-","-","-","-","-","1","-","-","-","-","-","-","-","1","-","-","-","-","-","-","-","-","-","1","-","-","1","1","-","2","-","-","1","1","2","4","2","4","7","12","12","19","19","39","58","58","40","23","26","31","11","16","9","6","11","-"
"10310","","ó£ç•åèêîÅyåèÅz","2019000000","","2019îN","00670","","ç»_71çŒ","","379","-","-","-","-","-","-","-","-","-","-","-","-","-","-","-","-","-","-","-","-","-","-","-","-","-","-","-","-","-","-","-","-","-","-","-","1","-","3","1","-","1","1","2","2","5","4","7","-","4","11","23","16","25","62","50","29","33","22","23","16","15","4","19","-"
"10310","","ó£ç•åèêîÅyåèÅz","2019000000","","2019îN","00680","","ç»_72çŒ","","296","-","-","-","-","-","-","-","-","-","-","-","-","-","-","-","-","-","-","-","-","1","-","-","-","-","-","-","-","-","-","-","-","-","-","-","1","-","-","-","-","1","1","3","1","3","1","1","2","4","5","9","8","23","23","42","19","32","42","21","12","18","5","18","-"
"10310","","ó£ç•åèêîÅyåèÅz","2019000000","","2019îN","00690","","ç»_73çŒ","","184","-","-","-","-","-","-","-","-","-","-","-","-","-","-","-","-","-","-","-","-","-","-","-","-","-","-","-","-","-","-","-","-","-","-","-","-","-","1","1","-","-","-","-","-","-","2","2","2","3","3","11","7","5","13","12","12","17","21","14","21","11","6","20","-"
"10310","","ó£ç•åèêîÅyåèÅz","2019000000","","2019îN","00700","","ç»_74çŒ","","196","-","-","-","-","-","-","-","-","-","-","-","-","-","-","-","-","-","-","-","-","-","-","-","1","-","-","-","-","-","-","-","-","-","-","-","-","-","-","-","-","1","-","-","-","-","2","2","3","2","1","6","5","5","9","10","11","16","24","26","12","22","7","31","-"
"10310","","ó£ç•åèêîÅyåèÅz","2019000000","","2019îN","00710","","ç»_75çŒ","","230","-","-","-","-","-","-","-","-","-","-","-","-","-","-","-","-","-","-","-","-","-","-","-","-","-","-","-","-","-","-","1","-","1","-","-","-","-","-","-","1","-","-","-","1","1","1","1","5","3","1","8","4","4","7","11","11","12","19","21","29","28","18","42","-"
"10310","","ó£ç•åèêîÅyåèÅz","2019000000","","2019îN","00720","","ç»_76çŒ","","159","-","-","-","-","-","-","-","-","-","-","-","-","-","-","-","-","-","-","-","-","-","-","-","-","-","-","-","-","-","-","-","-","-","-","-","1","-","1","-","-","-","-","-","2","-","3","1","-","-","1","3","7","2","6","5","5","10","19","18","16","16","13","30","-"
"10310","","ó£ç•åèêîÅyåèÅz","2019000000","","2019îN","00730","","ç»_77çŒ","","169","-","-","-","-","-","-","-","-","-","-","-","-","-","-","-","-","-","-","-","-","-","-","-","-","-","-","-","-","-","-","-","-","-","-","-","-","-","-","-","-","-","-","-","-","-","1","1","-","1","-","4","5","4","2","5","2","10","8","15","15","19","15","62","-"
"10310","","ó£ç•åèêîÅyåèÅz","2019000000","","2019îN","00740","","ç»_78çŒ","","137","-","-","-","-","-","-","-","-","-","-","-","-","-","-","-","-","-","-","-","-","-","-","-","-","-","-","-","-","-","-","-","-","-","-","-","-","-","-","-","1","-","1","-","-","-","1","1","1","-","1","2","2","3","2","6","3","7","7","10","8","14","12","55","-"
"10310","","ó£ç•åèêîÅyåèÅz","2019000000","","2019îN","00750","","ç»_79çŒ","","93","-","-","-","-","-","-","-","-","-","-","-","-","-","-","-","-","-","-","-","-","-","-","-","-","-","-","-","-","-","-","-","-","-","-","-","-","1","-","-","-","-","-","-","-","-","-","-","-","-","1","-","3","3","4","3","1","2","4","5","3","3","4","56","-"
"10310","","ó£ç•åèêîÅyåèÅz","2019000000","","2019îN","00760","","ç»_80çŒà»è„","","386","-","-","-","-","-","-","-","-","-","-","-","-","-","-","-","-","-","-","-","-","-","-","-","-","-","-","-","-","-","-","-","-","-","-","-","-","1","-","-","-","-","1","-","-","2","-","2","1","1","1","1","4","4","6","8","2","6","8","7","9","18","13","290","1"
"10310","","ó£ç•åèêîÅyåèÅz","2019000000","","2019îN","00770","","ç»_ïsè⁄","","-","-","-","-","-","-","-","-","-","-","-","-","-","-","-","-","-","-","-","-","-","-","-","-","-","-","-","-","-","-","-","-","-","-","-","-","-","-","-","-","-","-","-","-","-","-","-","-","-","-","-","-","-","-","-","-","-","-","-","-","-","-","-","-","-"
"10310","","ó£ç•åèêîÅyåèÅz","2018000000","","2018îN","00100","","ç»_ëçêî","","150,808","92","333","697","1,161","1,527","1,939","2,232","2,574","3,047","3,380","3,790","4,059","4,379","4,548","4,670","4,790","4,945","5,042","4,814","4,663","4,826","4,774","4,655","4,634","4,550","4,740","4,712","4,517","4,278","3,967","3,634","3,574","3,216","2,797","2,534","2,590","2,213","2,002","1,831","1,681","1,486","1,439","1,446","1,194","1,087","967","864","808","757","784","787","746","662","550","356","312","349","302","263","219","198","134","691","-"
"10310","","ó£ç•åèêîÅyåèÅz","2018000000","","2018îN","00120","","ç»_16çŒ","","16","1","3","3","3","4","-","1","1","-","-","-","-","-","-","-","-","-","-","-","-","-","-","-","-","-","-","-","-","-","-","-","-","-","-","-","-","-","-","-","-","-","-","-","-","-","-","-","-","-","-","-","-","-","-","-","-","-","-","-","-","-","-","-","-"
"10310","","ó£ç•åèêîÅyåèÅz","2018000000","","2018îN","00130","","ç»_17çŒ","","64","11","14","7","16","1","3","2","2","2","1","-","1","2","-","-","2","-","-","-","-","-","-","-","-","-","-","-","-","-","-","-","-","-","-","-","-","-","-","-","-","-","-","-","-","-","-","-","-","-","-","-","-","-","-","-","-","-","-","-","-","-","-","-","-"
"10310","","ó£ç•åèêîÅyåèÅz","2018000000","","2018îN","00140","","ç»_18çŒ","","292","35","57","51","31","28","27","17","8","9","5","3","2","1","1","3","2","2","1","2","-","3","-","-","-","-","-","-","-","-","-","2","-","-","-","-","-","1","-","-","-","-","-","-","-","-","1","-","-","-","-","-","-","-","-","-","-","-","-","-","-","-","-","-","-"
"10310","","ó£ç•åèêîÅyåèÅz","2018000000","","2018îN","00150","","ç»_19çŒ","","616","27","126","117","95","70","27","26","17","27","12","14","6","5","7","3","2","5","7","1","-","1","2","2","3","-","1","-","-","-","3","1","-","1","-","1","1","-","-","-","1","2","1","-","-","-","-","-","-","1","-","-","1","-","-","-","-","-","-","-","-","-","-","-","-"
"10310","","ó£ç•åèêîÅyåèÅz","2018000000","","2018îN","00160","","ç»_20çŒ","","1,165","10","79","270","196","134","91","86","45","46","25","30","19","14","13","13","11","11","11","14","7","5","5","3","2","4","2","1","-","3","-","1","4","2","-","-","-","-","-","-","3","2","-","2","1","-","-","-","-","-","-","-","-","-","-","-","-","-","-","-","-","-","-","-","-"
"10310","","ó£ç•åèêîÅyåèÅz","2018000000","","2018îN","00170","","ç»_21çŒ","","1,750","1","28","127","430","282","216","127","91","75","58","54","46","32","25","16","14","19","15","10","9","8","5","4","1","6","6","2","7","3","4","3","4","2","2","-","2","1","2","-","3","2","1","-","2","-","-","-","-","-","-","1","1","1","1","-","1","-","-","-","-","-","-","-","-"
"10310","","ó£ç•åèêîÅyåèÅz","2018000000","","2018îN","00180","","ç»_22çŒ","","2,201","4","8","47","158","495","340","205","167","133","114","96","65","61","47","39","39","33","18","18","11","11","19","9","9","10","3","3","4","5","1","2","2","2","1","3","3","4","4","-","1","-","-","1","-","-","-","1","-","1","-","1","-","1","-","-","1","-","-","1","-","-","-","-","-"
"10310","","ó£ç•åèêîÅyåèÅz","2018000000","","2018îN","00190","","ç»_23çŒ","","2,810","1","8","19","74","222","632","405","261","204","158","128","120","87","70","58","64","46","55","19","30","19","25","14","10","12","8","8","3","7","6","5","4","2","3","2","2","1","1","2","4","-","1","1","1","2","-","1","-","-","2","2","1","-","-","-","-","-","-","-","-","-","-","-","-"
"10310","","ó£ç•åèêîÅyåèÅz","2018000000","","2018îN","00200","","ç»_24çŒ","","3,180","-","6","16","48","95","255","624","432","325","226","166","169","113","117","80","65","57","48","51","45","50","36","16","22","14","11","13","16","5","7","3","6","4","4","3","5","5","1","5","1","2","3","1","2","-","2","-","2","1","1","-","1","-","-","-","-","-","-","-","-","-","-","-","-"
"10310","","ó£ç•åèêîÅyåèÅz","2018000000","","2018îN","00210","","ç»_25çŒ","","3,655","1","2","10","25","50","106","294","721","484","322","276","205","191","136","122","110","102","89","60","54","44","33","22","29","20","27","16","14","11","9","10","8","9","5","5","5","3","2","1","1","2","-","3","1","2","3","5","-","-","-","-","2","3","-","-","-","-","-","-","-","-","-","-","-"
"10310","","ó£ç•åèêîÅyåèÅz","2018000000","","2018îN","00220","","ç»_26çŒ","","4,106","-","-","8","20","42","70","117","322","753","511","352","303","243","203","175","164","140","112","87","63","61","52","48","42","33","21","20","14","10","14","13","15","8","3","9","5","8","6","6","6","3","3","2","2","1","1","4","1","2","3","-","1","2","-","-","-","-","1","-","1","-","-","-","-"
"10310","","ó£ç•åèêîÅyåèÅz","2018000000","","2018îN","00230","","ç»_27çŒ","","4,485","-","1","3","12","29","36","79","135","353","835","594","382","343","299","234","203","155","137","106","99","64","50","54","47","31","29","29","23","16","13","15","13","7","3","7","4","2","3","10","4","2","4","3","-","1","3","4","1","2","1","2","1","-","-","1","-","1","-","-","-","-","-","-","-"
"10310","","ó£ç•åèêîÅyåèÅz","2018000000","","2018îN","00240","","ç»_28çŒ","","4,772","-","-","8","13","15","26","65","99","170","411","880","572","450","322","320","227","209","170","133","103","99","67","51","52","48","46","31","33","17","21","10","11","8","9","6","9","11","9","3","4","6","5","2","1","2","3","1","3","4","3","-","-","2","-","-","1","-","-","-","-","1","-","-","-"
"10310","","ó£ç•åèêîÅyåèÅz","2018000000","","2018îN","00250","","ç»_29çŒ","","5,141","-","-","1","6","13","25","55","73","106","198","435","933","605","437","405","298","234","213","176","152","140","104","79","79","63","42","33","37","40","23","26","27","9","4","14","5","6","4","6","6","2","3","2","3","1","3","3","1","1","2","3","2","1","-","1","-","-","1","-","-","-","-","-","-"
"10310","","ó£ç•åèêîÅyåèÅz","2018000000","","2018îN","00260","","ç»_30çŒ","","5,265","-","-","1","4","9","20","30","45","89","144","231","438","906","620","417","388","301","289","222","167","136","140","106","90","68","60","49","40","32","28","26","29","29","16","11","8","4","8","4","6","5","6","8","7","8","3","5","1","4","1","1","-","1","1","-","1","-","-","-","-","1","-","1","-"
"10310","","ó£ç•åèêîÅyåèÅz","2018000000","","2018îN","00270","","ç»_31çŒ","","5,137","-","-","-","4","4","16","25","30","70","93","135","182","425","870","573","467","383","329","256","227","171","145","109","77","81","78","60","54","48","33","36","25","16","10","16","9","7","9","9","5","5","7","3","6","3","7","3","2","3","1","1","4","3","1","-","-","-","-","1","-","-","-","-","-"
"10310","","ó£ç•åèêîÅyåèÅz","2018000000","","2018îN","00280","","ç»_32çŒ","","5,286","-","-","2","5","6","12","18","30","56","60","91","164","220","444","842","596","471","374","307","237","229","232","164","113","112","78","77","56","47","36","29","31","22","13","16","16","12","11","9","4","6","5","3","3","3","3","3","-","3","4","3","2","2","2","2","-","-","-","-","-","-","-","-","-"
"10310","","ó£ç•åèêîÅyåèÅz","2018000000","","2018îN","00290","","ç»_33çŒ","","5,332","-","-","1","2","7","6","11","27","35","48","70","99","182","271","434","807","602","444","398","322","266","229","194","153","127","97","88","75","63","41","34","38","25","24","16","18","10","10","7","9","15","3","2","2","3","4","4","1","1","-","-","1","3","1","-","-","-","1","-","-","-","-","1","-"
"10310","","ó£ç•åèêîÅyåèÅz","2018000000","","2018îN","00300","","ç»_34çŒ","","5,227","-","-","1","3","6","5","10","14","18","28","51","89","116","176","244","427","803","597","423","366","309","262","228","161","150","125","104","86","77","64","49","33","29","25","24","16","16","9","7","6","9","5","4","11","5","4","5","7","1","6","4","1","2","-","2","-","2","-","-","-","-","-","2","-"
"10310","","ó£ç•åèêîÅyåèÅz","2018000000","","2018îN","00310","","ç»_35çŒ","","5,136","1","1","-","8","1","7","4","8","18","30","41","53","94","129","184","232","456","754","547","400","360","294","269","202","175","152","133","97","91","73","52","49","37","29","25","20","10","10","8","10","7","10","7","7","4","7","3","6","4","3","4","3","2","2","2","-","-","1","-","-","-","-","-","-"
"10310","","ó£ç•åèêîÅyåèÅz","2018000000","","2018îN","00320","","ç»_36çŒ","","4,842","-","-","2","-","3","2","6","19","17","24","26","58","75","87","125","157","244","395","670","477","425","336","291","227","191","164","157","128","89","71","65","50","46","32","26","25","22","18","4","13","2","12","12","7","5","2","2","3","9","5","4","1","5","1","-","-","-","3","-","1","-","-","1","-"
"10310","","ó£ç•åèêîÅyåèÅz","2018000000","","2018îN","00330","","ç»_37çŒ","","4,811","-","-","1","-","4","3","10","6","13","11","32","29","53","66","93","128","162","239","365","727","499","387","310","267","237","222","166","144","95","82","88","54","43","57","34","26","16","13","14","15","14","13","8","6","5","10","8","6","6","2","9","1","1","3","1","1","1","-","1","1","2","-","1","-"
"10310","","ó£ç•åèêîÅyåèÅz","2018000000","","2018îN","00340","","ç»_38çŒ","","4,840","-","-","-","2","-","2","1","7","10","20","12","25","32","57","87","96","113","194","254","359","679","520","385","317","271","270","184","175","135","108","91","70","72","36","28","35","32","16","20","22","12","16","6","6","11","4","6","5","7","3","8","9","2","1","1","3","1","-","-","-","-","-","2","-"
"10310","","ó£ç•åèêîÅyåèÅz","2018000000","","2018îN","00350","","ç»_39çŒ","","4,640","-","-","-","1","3","2","1","4","6","9","18","26","29","43","50","72","89","166","181","213","369","663","466","372","305","292","217","182","155","122","111","82","67","43","40","34","21","35","19","16","17","15","9","16","9","8","7","4","2","4","5","6","2","4","2","2","2","1","-","-","-","1","-","-"
"10310","","ó£ç•åèêîÅyåèÅz","2018000000","","2018îN","00360","","ç»_40çŒ","","4,686","-","-","-","1","-","1","2","4","5","9","15","21","28","18","36","52","75","87","132","164","248","348","695","468","364","340","287","239","197","149","107","111","73","69","46","35","43","27","26","24","17","18","18","9","6","6","7","7","5","7","6","10","7","3","4","2","5","-","1","-","-","1","1","-"
"10310","","ó£ç•åèêîÅyåèÅz","2018000000","","2018îN","00370","","ç»_41çŒ","","4,537","-","-","-","2","1","1","-","1","4","5","2","12","16","22","27","38","63","76","95","99","152","227","378","702","448","390","334","272","229","160","127","101","110","71","58","38","43","30","36","35","19","20","14","14","10","5","6","6","4","8","6","5","5","2","1","4","1","-","-","1","1","-","-","-"
"10310","","ó£ç•åèêîÅyåèÅz","2018000000","","2018îN","00380","","ç»_42çŒ","","4,428","-","-","-","1","1","1","3","1","1","2","12","12","12","12","21","26","37","59","65","86","141","162","203","391","619","453","416","300","263","219","164","139","106","89","52","49","46","43","33","28","24","16","15","16","7","18","11","10","7","5","6","7","5","2","2","1","-","4","-","2","-","-","2","-"
"10310","","ó£ç•åèêîÅyåèÅz","2018000000","","2018îN","00390","","ç»_43çŒ","","4,638","-","-","-","1","-","2","3","1","7","2","5","7","7","15","10","32","27","40","58","68","94","119","157","230","379","678","540","414","339","254","204","155","169","107","81","72","81","61","21","30","27","17","25","14","16","4","13","7","8","4","7","10","3","3","3","1","2","2","-","-","-","1","1","-"
"10310","","ó£ç•åèêîÅyåèÅz","2018000000","","2018îN","00400","","ç»_44çŒ","","4,647","-","-","-","-","-","1","-","-","2","4","5","5","7","10","16","22","32","29","49","41","58","97","122","184","233","402","663","502","391","350","295","202","171","147","96","90","79","62","43","37","22","20","21","31","15","19","10","6","8","10","6","7","9","3","4","2","3","1","-","1","1","-","1","-"
"10310","","ó£ç•åèêîÅyåèÅz","2018000000","","2018îN","00410","","ç»_45çŒ","","4,337","-","-","1","-","-","1","2","-","2","2","4","6","6","5","14","15","20","25","34","37","54","66","77","105","165","228","356","639","511","386","279","268","182","158","125","104","83","57","57","44","39","23","32","17","10","8","11","16","11","6","12","6","6","6","3","3","5","-","3","-","1","-","1","-"
"10310","","ó£ç•åèêîÅyåèÅz","2018000000","","2018îN","00420","","ç»_46çŒ","","4,140","-","-","-","-","1","-","-","-","1","3","6","3","6","4","12","9","14","22","25","23","38","33","65","101","109","153","222","331","598","442","328","331","238","195","146","124","95","75","74","46","48","44","27","27","20","18","12","8","14","8","10","5","6","3","3","3","3","3","1","3","-","-","1","-"
"10310","","ó£ç•åèêîÅyåèÅz","2018000000","","2018îN","00430","","ç»_47çŒ","","3,711","-","-","-","-","-","-","-","-","1","2","3","3","5","6","3","8","8","12","17","23","33","30","36","43","79","126","154","173","294","537","426","310","242","197","172","169","103","100","63","68","41","34","24","28","19","16","17","11","10","13","10","6","9","9","5","3","2","3","-","1","1","-","3","-"
"10310","","ó£ç•åèêîÅyåèÅz","2018000000","","2018îN","00440","","ç»_48çŒ","","3,241","-","-","-","-","-","1","1","1","1","3","-","1","3","2","1","6","11","10","8","16","20","32","34","38","55","65","100","150","157","252","434","369","263","247","169","170","117","87","80","48","56","39","35","26","14","16","17","19","9","15","12","9","4","2","1","4","2","3","2","1","1","1","1","-"
"10310","","ó£ç•åèêîÅyåèÅz","2018000000","","2018îN","00450","","ç»_49çŒ","","3,176","-","-","-","-","-","-","-","-","1","1","1","1","1","7","2","2","4","9","10","11","10","12","21","30","44","53","69","104","96","150","224","466","361","260","215","212","152","102","101","83","64","45","43","26","30","28","19","12","16","18","12","12","8","5","4","5","3","3","2","3","-","2","1","-"
"10310","","ó£ç•åèêîÅyåèÅz","2018000000","","2018îN","00460","","ç»_50çŒ","","2,839","-","-","-","-","-","2","1","-","-","1","-","-","6","2","1","-","3","3","9","4","8","10","13","24","35","37","67","55","65","108","133","190","398","298","248","226","164","167","104","105","63","51","48","24","32","16","22","19","8","18","15","4","7","5","4","-","2","5","3","1","-","-","5","-"
"10310","","ó£ç•åèêîÅyåèÅz","2018000000","","2018îN","00470","","ç»_51çŒ","","2,356","-","-","-","-","-","-","-","-","2","-","-","-","-","2","3","1","6","4","5","5","6","8","8","11","18","25","26","44","65","58","76","119","186","291","262","235","158","140","121","85","79","56","57","41","22","22","9","10","14","11","15","10","8","5","6","3","5","6","4","-","1","1","1","-"
"10310","","ó£ç•åèêîÅyåèÅz","2018000000","","2018îN","00480","","ç»_52çŒ","","2,004","-","-","-","-","-","-","-","1","-","1","-","-","1","1","2","2","1","1","2","5","3","5","5","5","17","15","21","21","26","52","56","86","82","137","242","216","170","161","135","92","80","78","71","41","33","18","24","8","14","12","20","13","6","2","3","3","5","1","2","-","1","1","4","-"
"10310","","ó£ç•åèêîÅyåèÅz","2018000000","","2018îN","00490","","ç»_53çŒ","","1,986","-","-","1","-","-","-","-","1","1","-","1","-","-","-","2","-","1","3","3","5","7","4","6","7","7","11","24","22","30","28","39","50","63","80","136","288","210","177","168","130","90","82","73","44","41","27","21","14","16","11","16","9","3","9","8","3","3","2","1","4","1","-","3","-"
"10310","","ó£ç•åèêîÅyåèÅz","2018000000","","2018îN","00500","","ç»_54çŒ","","1,596","-","-","-","-","-","-","-","-","-","-","-","1","1","1","-","1","3","1","-","3","2","3","3","8","4","10","8","17","17","18","19","41","40","44","73","123","209","165","148","120","87","78","92","47","40","35","26","11","22","21","12","10","3","4","5","5","5","2","2","3","-","-","3","-"
"10310","","ó£ç•åèêîÅyåèÅz","2018000000","","2018îN","00510","","ç»_55çŒ","","1,442","-","-","-","-","1","-","-","-","-","1","-","-","-","-","-","1","1","-","-","1","-","5","1","2","1","8","6","14","15","15","18","36","27","29","36","74","97","150","155","143","91","104","99","67","48","35","28","27","15","21","24","9","6","7","2","3","4","2","4","1","1","1","6","-"
"10310","","ó£ç•åèêîÅyåèÅz","2018000000","","2018îN","00520","","ç»_56çŒ","","1,326","-","-","-","-","-","-","-","-","-","1","-","-","1","1","-","-","1","2","-","1","1","2","1","6","3","3","6","12","10","9","10","12","22","14","23","32","68","108","167","127","109","106","100","81","57","51","32","29","24","11","14","19","10","12","6","4","6","2","2","2","1","-","5","-"
"10310","","ó£ç•åèêîÅyåèÅz","2018000000","","2018îN","00530","","ç»_57çŒ","","1,093","-","-","-","-","-","-","1","-","-","-","-","-","-","-","1","1","-","1","1","1","-","1","-","2","2","3","4","3","8","5","12","9","13","15","23","27","33","30","61","133","117","121","82","71","61","54","47","38","12","19","16","19","15","7","8","2","6","2","3","-","1","1","1","-"
"10310","","ó£ç•åèêîÅyåèÅz","2018000000","","2018îN","00540","","ç»_58çŒ","","962","-","-","-","-","-","-","-","-","-","-","-","-","-","-","1","-","-","-","-","1","2","1","1","1","1","1","7","5","4","3","3","7","7","8","8","20","25","23","29","64","119","97","95","98","78","58","40","23","24","18","19","18","13","11","3","5","2","3","6","6","-","-","4","-"
"10310","","ó£ç•åèêîÅyåèÅz","2018000000","","2018îN","00550","","ç»_59çŒ","","892","-","-","-","-","-","-","-","-","-","-","-","-","-","-","-","-","-","-","-","-","-","1","1","-","6","2","5","5","4","6","2","7","5","6","15","16","11","13","20","33","73","113","97","82","86","45","50","49","29","24","24","12","6","9","2","3","4","7","9","2","2","2","4","-"
"10310","","ó£ç•åèêîÅyåèÅz","2018000000","","2018îN","00560","","ç»_60çŒ","","827","-","-","-","-","-","-","-","-","-","-","-","-","-","-","-","-","-","-","-","1","-","1","1","-","1","1","2","3","5","1","3","2","4","3","8","3","9","15","18","18","34","61","131","103","83","70","47","37","33","36","32","17","9","14","4","2","5","1","1","2","-","1","5","-"
"10310","","ó£ç•åèêîÅyåèÅz","2018000000","","2018îN","00570","","ç»_61çŒ","","669","-","-","-","-","-","-","-","-","-","-","-","-","-","-","1","1","-","-","1","-","-","-","-","-","-","-","1","2","1","3","1","1","5","-","3","11","4","10","10","13","22","29","58","79","81","72","42","47","37","25","31","18","15","13","8","6","3","1","2","1","3","-","8","-"
"10310","","ó£ç•åèêîÅyåèÅz","2018000000","","2018îN","00580","","ç»_62çŒ","","678","-","-","-","-","-","-","-","-","-","-","1","-","-","-","-","-","-","1","-","-","-","-","-","-","1","-","1","-","1","-","-","-","2","5","3","2","9","12","8","12","11","24","40","42","92","68","65","52","40","40","28","24","31","14","6","9","8","3","6","2","5","3","7","-"
"10310","","ó£ç•åèêîÅyåèÅz","2018000000","","2018îN","00590","","ç»_63çŒ","","566","-","-","-","-","-","-","-","-","-","-","-","-","-","-","-","1","-","-","-","-","-","-","-","-","-","-","-","-","1","-","-","-","1","2","2","3","3","4","4","2","13","19","19","27","52","69","56","58","46","41","33","35","23","17","7","5","4","5","4","1","2","1","6","-"
"10310","","ó£ç•åèêîÅyåèÅz","2018000000","","2018îN","00600","","ç»_64çŒ","","485","-","-","-","-","-","-","-","-","-","-","-","-","-","-","-","-","-","-","-","-","-","-","-","-","-","-","-","-","-","2","-","3","3","2","1","-","4","3","2","8","9","6","7","14","13","33","62","48","52","48","41","37","33","15","10","7","6","3","4","3","1","1","4","-"
"10310","","ó£ç•åèêîÅyåèÅz","2018000000","","2018îN","00610","","ç»_65çŒ","","566","-","-","-","-","-","-","-","-","-","-","-","-","-","-","-","-","-","-","-","-","-","-","1","-","-","1","-","2","-","-","-","1","-","1","1","1","1","3","3","1","4","5","6","8","13","29","23","64","72","56","54","66","51","33","17","9","17","7","3","3","2","-","8","-"
"10310","","ó£ç•åèêîÅyåèÅz","2018000000","","2018îN","00620","","ç»_66çŒ","","531","-","-","-","-","-","-","-","-","-","-","-","-","-","-","-","-","-","-","-","-","-","-","1","1","-","-","-","-","1","-","-","-","1","2","1","-","1","1","5","1","5","8","7","7","9","19","25","38","44","68","56","65","49","46","14","12","9","7","7","6","3","-","12","-"
"10310","","ó£ç•åèêîÅyåèÅz","2018000000","","2018îN","00630","","ç»_67çŒ","","459","-","-","-","-","-","-","-","-","-","-","-","-","-","-","-","-","-","-","-","-","-","1","-","-","-","-","-","-","-","-","1","1","-","1","-","1","1","1","1","1","1","2","7","5","11","10","9","23","39","57","58","48","45","41","18","19","11","10","10","5","4","5","12","-"
"10310","","ó£ç•åèêîÅyåèÅz","2018000000","","2018îN","00640","","ç»_68çŒ","","426","-","-","-","-","-","-","-","-","-","-","-","-","-","-","-","-","-","-","-","-","-","-","-","-","-","1","1","-","-","1","-","-","1","-","1","-","2","-","2","4","4","2","1","4","7","10","8","18","22","34","37","57","52","45","21","23","15","10","7","10","11","2","13","-"
"10310","","ó£ç•åèêîÅyåèÅz","2018000000","","2018îN","00650","","ç»_69çŒ","","424","-","-","-","-","-","-","-","-","-","-","-","-","-","-","-","-","-","-","-","-","-","-","-","-","-","-","-","-","-","-","-","1","1","-","1","-","-","1","1","2","-","2","6","2","5","4","14","14","13","29","30","47","53","48","33","20","29","14","11","15","9","5","14","-"
"10310","","ó£ç•åèêîÅyåèÅz","2018000000","","2018îN","00660","","ç»_70çŒ","","422","-","-","-","-","-","-","-","-","-","-","-","1","-","-","-","1","-","-","-","-","1","-","-","-","-","-","-","-","1","-","1","-","-","-","-","1","-","1","1","1","-","1","5","4","2","6","6","12","11","14","26","37","51","47","34","30","40","28","25","5","6","5","18","-"
"10310","","ó£ç•åèêîÅyåèÅz","2018000000","","2018îN","00670","","ç»_71çŒ","","337","-","-","-","-","-","-","-","-","-","-","-","-","-","-","-","-","-","-","-","-","-","-","1","-","-","-","-","-","-","-","-","-","-","-","-","-","-","-","-","1","2","1","5","2","3","3","3","8","7","9","10","21","28","33","37","27","34","28","23","12","19","7","13","-"
"10310","","ó£ç•åèêîÅyåèÅz","2018000000","","2018îN","00680","","ç»_72çŒ","","196","-","-","-","-","-","-","-","-","-","-","-","-","-","-","-","-","1","-","-","-","-","-","-","-","-","-","-","-","-","-","-","-","-","-","-","-","-","1","-","-","-","-","2","3","2","1","1","3","4","5","7","9","13","10","15","15","23","18","14","14","14","7","14","-"
"10310","","ó£ç•åèêîÅyåèÅz","2018000000","","2018îN","00690","","ç»_73çŒ","","186","-","-","-","-","-","-","-","-","-","-","-","-","-","-","-","-","-","-","-","-","-","-","-","-","1","-","1","-","-","-","-","-","-","-","1","-","-","-","-","-","-","-","2","-","1","1","3","4","8","7","6","9","10","9","10","14","12","18","13","10","13","7","26","-"
"10310","","ó£ç•åèêîÅyåèÅz","2018000000","","2018îN","00700","","ç»_74çŒ","","211","-","-","-","-","-","-","-","-","-","-","-","-","-","-","-","-","-","-","-","-","-","-","-","-","-","-","-","-","-","-","-","1","-","-","-","-","-","-","-","-","-","1","1","1","1","2","4","2","2","2","9","4","6","15","9","16","24","27","19","19","10","7","29","-"
"10310","","ó£ç•åèêîÅyåèÅz","2018000000","","2018îN","00710","","ç»_75çŒ","","190","-","-","-","-","-","-","-","-","-","-","-","-","-","-","-","-","-","-","-","-","-","-","-","-","-","-","-","-","-","-","-","-","-","-","-","-","-","-","-","1","-","-","-","2","1","-","3","-","3","2","6","3","9","9","4","9","13","24","18","20","19","12","32","-"
"10310","","ó£ç•åèêîÅyåèÅz","2018000000","","2018îN","00720","","ç»_76çŒ","","145","-","-","-","-","-","-","-","-","-","-","-","-","-","-","-","-","-","-","-","-","-","-","-","-","-","-","-","-","-","-","-","-","-","-","-","-","-","1","-","-","-","-","-","-","-","-","-","1","-","3","1","3","2","4","7","5","11","12","16","19","13","6","41","-"
"10310","","ó£ç•åèêîÅyåèÅz","2018000000","","2018îN","00730","","ç»_77çŒ","","140","-","-","-","-","-","-","-","-","-","-","-","-","-","-","-","-","-","-","-","-","-","-","-","-","-","-","-","-","-","-","-","-","-","-","-","-","-","-","-","-","1","-","-","-","1","-","1","1","-","3","4","3","2","4","6","1","5","9","16","13","15","16","39","-"
"10310","","ó£ç•åèêîÅyåèÅz","2018000000","","2018îN","00740","","ç»_78çŒ","","127","-","-","-","-","-","-","-","-","-","-","-","-","-","-","-","-","-","-","-","-","-","-","-","-","-","-","-","-","-","-","-","-","-","-","-","-","-","-","-","-","-","2","2","2","-","1","1","2","2","1","2","3","3","2","2","5","-","3","4","11","10","10","59","-"
"10310","","ó£ç•åèêîÅyåèÅz","2018000000","","2018îN","00750","","ç»_79çŒ","","89","-","-","-","-","-","-","-","-","-","-","-","-","-","-","-","-","-","-","-","-","-","-","-","-","-","-","-","-","-","-","-","-","-","-","-","-","-","-","-","-","-","-","-","-","-","1","-","2","-","1","1","1","1","3","2","2","1","6","4","5","7","10","42","-"
"10310","","ó£ç•åèêîÅyåèÅz","2018000000","","2018îN","00760","","ç»_80çŒà»è„","","328","-","-","-","-","-","-","-","-","-","-","-","-","-","-","-","-","-","-","-","-","-","-","-","-","-","-","-","-","-","-","-","-","-","-","-","-","-","-","-","1","-","1","-","1","-","1","4","1","-","2","5","1","4","2","3","7","4","9","8","9","15","17","233","-"
"10310","","ó£ç•åèêîÅyåèÅz","2018000000","","2018îN","00770","","ç»_ïsè⁄","","-","-","-","-","-","-","-","-","-","-","-","-","-","-","-","-","-","-","-","-","-","-","-","-","-","-","-","-","-","-","-","-","-","-","-","-","-","-","-","-","-","-","-","-","-","-","-","-","-","-","-","-","-","-","-","-","-","-","-","-","-","-","-","-","-"
"10310","","ó£ç•åèêîÅyåèÅz","2017000000","","2017îN","00100","","ç»_ëçêî","","152,713","101","351","741","1,065","1,494","1,816","2,172","2,481","2,963","3,359","3,838","4,168","4,566","4,709","4,993","5,066","5,205","4,887","4,993","5,006","5,049","4,869","4,842","4,884","5,009","4,958","4,775","4,448","4,137","3,819","3,770","3,607","3,028","2,681","2,803","2,354","2,202","1,992","1,814","1,652","1,537","1,351","1,351","1,154","1,034","925","839","850","837","828","841","802","593","353","330","376","334","298","230","214","165","155","649","-"
"10310","","ó£ç•åèêîÅyåèÅz","2017000000","","2017îN","00120","","ç»_16çŒ","","22","4","6","6","2","1","1","1","-","-","-","-","-","-","-","-","-","-","-","-","-","-","-","-","-","-","-","-","-","-","-","1","-","-","-","-","-","-","-","-","-","-","-","-","-","-","-","-","-","-","-","-","-","-","-","-","-","-","-","-","-","-","-","-","-"
"10310","","ó£ç•åèêîÅyåèÅz","2017000000","","2017îN","00130","","ç»_17çŒ","","89","13","17","21","11","6","6","2","2","2","1","1","1","-","2","2","-","-","-","-","-","2","-","-","-","-","-","-","-","-","-","-","-","-","-","-","-","-","-","-","-","-","-","-","-","-","-","-","-","-","-","-","-","-","-","-","-","-","-","-","-","-","-","-","-"
"10310","","ó£ç•åèêîÅyåèÅz","2017000000","","2017îN","00140","","ç»_18çŒ","","283","42","60","48","29","24","18","12","10","7","8","1","4","2","3","1","4","1","2","-","2","-","-","-","1","-","1","-","2","-","-","-","-","-","-","-","-","-","-","-","-","-","-","-","-","1","-","-","-","-","-","-","-","-","-","-","-","-","-","-","-","-","-","-","-"
"10310","","ó£ç•åèêîÅyåèÅz","2017000000","","2017îN","00150","","ç»_19çŒ","","648","22","134","120","104","67","58","26","11","16","11","15","8","2","7","2","5","1","3","4","3","3","2","3","2","1","2","-","4","-","2","-","1","2","-","2","-","-","-","1","-","1","-","-","-","-","-","-","-","-","-","-","2","-","-","-","-","-","-","-","-","-","-","1","-"
"10310","","ó£ç•åèêîÅyåèÅz","2017000000","","2017îN","00160","","ç»_20çŒ","","1,202","10","78","288","190","142","88","78","61","40","43","17","24","24","19","17","8","10","6","4","5","5","4","6","2","3","1","6","3","6","1","2","1","2","1","1","-","1","-","1","3","-","-","-","1","-","-","-","-","-","-","-","-","-","-","-","-","-","-","-","-","-","-","-","-"
"10310","","ó£ç•åèêîÅyåèÅz","2017000000","","2017îN","00170","","ç»_21çŒ","","1,704","5","21","132","372","300","169","133","99","86","57","49","45","33","23","21","23","11","26","4","12","14","9","9","10","5","2","5","3","2","3","2","2","4","1","2","1","-","1","1","1","1","1","-","1","-","-","-","-","-","-","1","1","-","-","-","-","-","1","-","-","-","-","-","-"
"10310","","ó£ç•åèêîÅyåèÅz","2017000000","","2017îN","00180","","ç»_22çŒ","","2,340","1","14","52","174","498","347","256","165","139","116","93","71","62","55","44","33","28","24","23","18","11","11","12","11","10","7","7","6","10","5","2","2","4","2","3","4","5","1","2","3","-","2","1","1","-","1","-","-","1","3","-","-","-","-","-","-","-","-","-","-","-","-","-","-"
"10310","","ó£ç•åèêîÅyåèÅz","2017000000","","2017îN","00190","","ç»_23çŒ","","2,685","2","7","27","66","203","549","367","235","188","172","139","109","90","72","74","60","47","42","26","38","18","22","15","19","12","10","7","10","7","3","9","3","5","1","1","2","2","5","1","1","5","2","-","1","3","2","2","2","-","-","1","-","-","-","1","-","-","-","-","-","-","-","-","-"
"10310","","ó£ç•åèêîÅyåèÅz","2017000000","","2017îN","00200","","ç»_24çŒ","","2,996","-","4","13","43","85","236","572","391","271","208","202","150","130","93","94","80","78","42","44","38","33","19","23","21","14","18","15","9","11","7","5","11","3","3","5","3","1","5","1","2","1","2","1","2","-","3","1","-","1","-","-","1","-","-","-","-","-","-","-","1","-","-","-","-"
"10310","","ó£ç•åèêîÅyåèÅz","2017000000","","2017îN","00210","","ç»_25çŒ","","3,648","1","-","6","21","53","108","277","703","455","297","260","224","182","166","139","118","101","63","61","66","47","43","43","33","30","16","25","13","15","6","10","6","8","5","6","2","2","2","6","4","4","3","1","2","3","-","4","1","-","1","4","-","1","1","-","-","-","-","-","-","-","-","-","-"
"10310","","ó£ç•åèêîÅyåèÅz","2017000000","","2017îN","00220","","ç»_26çŒ","","4,080","1","3","6","9","32","62","130","278","816","558","345","310","241","208","155","173","129","108","73","63","56","52","44","41","31","20","18","17","15","13","7","11","6","4","6","4","3","10","1","3","3","-","-","2","2","-","3","1","1","1","3","1","1","-","-","-","-","-","-","-","-","-","-","-"
"10310","","ó£ç•åèêîÅyåèÅz","2017000000","","2017îN","00230","","ç»_27çŒ","","4,572","-","2","7","10","23","39","87","146","334","794","566","420","354","296","268","194","165","119","103","97","78","88","43","40","57","36","36","24","25","19","17","10","10","7","9","2","5","7","4","2","8","3","1","2","3","2","1","2","2","3","-","1","-","-","1","-","-","-","-","-","-","-","-","-"
"10310","","ó£ç•åèêîÅyåèÅz","2017000000","","2017îN","00240","","ç»_28çŒ","","4,814","-","2","4","6","15","33","58","95","143","384","871","573","456","361","290","248","230","182","144","115","87","76","67","49","55","35","40","33","27","20","14","14","12","13","9","7","2","4","8","5","4","6","4","2","1","2","-","1","3","1","-","-","-","-","-","2","-","1","-","-","-","-","-","-"
"10310","","ó£ç•åèêîÅyåèÅz","2017000000","","2017îN","00250","","ç»_29çŒ","","5,162","-","1","1","6","9","27","45","70","107","199","441","951","642","432","354","306","277","229","191","133","130","83","70","85","70","53","40","40","25","19","19","15","17","6","11","3","9","4","5","6","3","3","1","4","5","4","4","2","1","1","1","1","-","-","-","1","-","-","-","-","-","-","-","-"
"10310","","ó£ç•åèêîÅyåèÅz","2017000000","","2017îN","00260","","ç»_30çŒ","","5,281","-","-","4","3","6","16","29","51","84","135","228","421","938","598","475","409","328","258","185","180","143","110","96","103","90","69","46","41","34","27","23","25","28","6","14","10","4","7","7","3","4","2","5","5","5","4","4","1","2","2","4","1","1","2","1","3","-","-","1","-","-","-","-","-"
"10310","","ó£ç•åèêîÅyåèÅz","2017000000","","2017îN","00270","","ç»_31çŒ","","5,436","-","-","2","3","5","13","23","31","65","80","151","239","468","945","610","530","417","319","261","210","192","140","114","92","87","67","65","49","36","29","31","24","14","11","10","10","8","9","10","4","11","12","4","6","1","3","2","2","5","5","3","3","-","3","1","-","-","-","-","-","-","-","1","-"
"10310","","ó£ç•åèêîÅyåèÅz","2017000000","","2017îN","00280","","ç»_32çŒ","","5,615","-","2","1","2","3","13","20","29","49","85","117","165","237","494","967","580","513","393","341","281","252","180","144","133","116","86","68","49","50","30","33","31","24","17","15","11","7","13","9","6","9","7","6","7","1","3","3","2","-","3","1","1","1","1","-","2","-","-","-","1","-","1","-","-"
"10310","","ó£ç•åèêîÅyåèÅz","2017000000","","2017îN","00290","","ç»_33çŒ","","5,600","-","-","-","1","5","6","13","29","43","60","97","108","177","263","477","862","625","435","410","332","307","203","204","150","121","111","95","72","54","46","61","38","20","18","9","18","17","15","7","13","14","8","7","5","6","8","4","8","2","5","3","2","3","1","-","-","-","1","-","-","-","-","1","-"
"10310","","ó£ç•åèêîÅyåèÅz","2017000000","","2017îN","00300","","ç»_34çŒ","","5,513","-","-","1","1","3","8","5","21","31","29","65","97","148","162","249","475","813","578","475","398","309","268","211","186","164","146","113","84","69","60","54","42","30","30","26","18","14","15","17","10","17","9","1","6","8","5","7","1","5","6","6","3","4","3","2","-","2","3","-","-","-","-","-","-"
"10310","","ó£ç•åèêîÅyåèÅz","2017000000","","2017îN","00310","","ç»_35çŒ","","5,251","-","-","2","2","2","4","15","11","23","24","39","63","97","107","199","238","429","772","573","418","383","344","267","193","160","158","146","100","84","58","59","51","24","36","24","19","12","19","10","10","21","10","3","7","3","5","8","1","3","3","2","5","1","-","1","1","-","1","-","-","-","1","-","-"
"10310","","ó£ç•åèêîÅyåèÅz","2017000000","","2017îN","00320","","ç»_36çŒ","","4,989","-","-","-","1","6","2","4","8","17","14","34","39","51","91","134","164","251","358","744","547","427","357","292","253","211","171","148","129","78","72","67","61","41","35","19","21","23","13","11","13","14","6","4","9","3","4","7","4","5","5","5","5","2","1","1","2","2","-","-","1","-","1","1","-"
"10310","","ó£ç•åèêîÅyåèÅz","2017000000","","2017îN","00330","","ç»_37çŒ","","5,150","-","-","-","1","1","3","4","11","9","20","23","29","47","82","103","146","183","230","387","721","565","442","352","326","268","234","190","142","110","85","83","59","40","29","35","25","18","25","20","6","13","16","9","5","7","8","6","7","5","2","4","5","4","1","1","3","-","-","-","-","-","-","-","-"
"10310","","ó£ç•åèêîÅyåèÅz","2017000000","","2017îN","00340","","ç»_38çŒ","","5,054","-","-","-","-","1","-","5","3","10","15","21","29","41","45","86","95","128","182","268","410","749","526","426","327","317","224","215","162","138","122","85","76","52","43","46","32","33","22","19","16","13","10","9","6","4","4","6","5","7","4","4","3","-","1","2","-","-","2","2","-","1","2","-","-"
"10310","","ó£ç•åèêîÅyåèÅz","2017000000","","2017îN","00350","","ç»_39çŒ","","4,896","-","-","-","4","-","2","2","3","8","12","15","20","28","42","65","75","96","128","187","257","414","686","499","384","354","325","228","202","139","110","111","85","54","53","48","41","37","33","19","27","13","10","10","8","11","11","6","6","7","4","3","5","2","1","-","2","-","2","-","1","1","-","-","-"
"10310","","ó£ç•åèêîÅyåèÅz","2017000000","","2017îN","00360","","ç»_40çŒ","","4,655","-","-","-","2","1","2","1","3","4","5","14","14","26","34","44","57","85","86","125","165","235","369","696","525","405","341","262","210","191","131","122","109","56","52","44","40","22","19","29","18","14","10","11","14","6","5","6","8","4","7","9","4","3","5","1","1","1","2","-","-","-","-","-","-"
"10310","","ó£ç•åèêîÅyåèÅz","2017000000","","2017îN","00370","","ç»_41çŒ","","4,739","-","-","-","1","2","-","2","3","4","8","5","13","22","22","36","40","65","83","82","125","164","244","363","697","560","407","348","288","234","159","140","117","88","69","57","53","31","30","32","21","17","9","10","14","13","9","5","5","15","5","4","5","3","1","2","1","-","2","1","1","-","1","1","-"
"10310","","ó£ç•åèêîÅyåèÅz","2017000000","","2017îN","00380","","ç»_42çŒ","","4,965","-","-","-","-","-","2","1","-","2","4","9","10","19","18","14","40","52","51","82","92","107","177","224","414","719","577","443","362","281","251","193","153","119","82","102","77","36","30","35","33","19","24","15","13","17","9","12","7","12","7","7","3","2","2","1","-","1","-","-","-","1","1","1","-"
"10310","","ó£ç•åèêîÅyåèÅz","2017000000","","2017îN","00390","","ç»_43çŒ","","4,731","-","-","-","-","-","-","1","3","4","6","2","10","14","19","17","30","36","36","50","60","83","112","160","224","409","700","529","420","340","279","215","170","159","112","89","65","60","42","40","37","31","21","29","19","7","18","11","13","12","8","6","4","4","2","2","2","3","3","-","-","1","1","1","-"
"10310","","ó£ç•åèêîÅyåèÅz","2017000000","","2017îN","00400","","ç»_44çŒ","","4,538","-","-","-","-","-","2","-","4","1","3","4","6","8","16","13","21","31","41","43","61","71","92","132","192","207","380","695","480","391","283","243","220","154","102","118","81","89","56","54","43","34","28","24","20","14","12","10","9","6","8","10","8","7","3","1","2","-","2","1","-","-","1","1","-"
"10310","","ó£ç•åèêîÅyåèÅz","2017000000","","2017îN","00410","","ç»_45çŒ","","4,293","-","-","-","-","-","1","2","1","-","1","1","3","4","11","10","15","23","29","23","37","47","62","98","109","169","238","342","582","462","368","311","261","216","154","134","99","79","63","49","48","34","32","26","22","29","17","10","11","12","14","7","6","1","3","4","2","3","3","2","1","-","-","2","-"
"10310","","ó£ç•åèêîÅyåèÅz","2017000000","","2017îN","00420","","ç»_46çŒ","","3,983","-","-","-","-","1","-","-","1","2","1","3","5","4","6","6","8","15","9","19","37","33","45","65","89","105","153","212","334","526","454","329","318","225","159","165","123","105","76","65","37","32","34","24","18","22","14","10","10","13","10","10","16","9","4","4","5","2","3","1","1","2","1","3","-"
"10310","","ó£ç•åèêîÅyåèÅz","2017000000","","2017îN","00430","","ç»_47çŒ","","3,632","-","-","-","-","-","-","-","1","-","1","-","3","2","4","6","6","9","6","22","22","20","32","52","44","78","109","126","179","283","481","396","361","252","222","171","138","123","82","57","64","53","43","33","23","13","16","16","10","17","7","10","11","4","3","2","5","2","3","1","2","1","-","5","-"
"10310","","ó£ç•åèêîÅyåèÅz","2017000000","","2017îN","00440","","ç»_48çŒ","","3,470","-","-","-","-","-","-","-","-","1","3","-","1","6","4","7","6","7","6","14","15","16","25","32","36","57","87","105","134","163","292","514","387","269","229","231","156","122","105","68","61","71","37","31","27","28","20","10","16","16","9","14","8","12","3","3","2","-","1","-","1","-","-","2","-"
"10310","","ó£ç•åèêîÅyåèÅz","2017000000","","2017îN","00450","","ç»_49çŒ","","3,039","-","-","-","-","-","-","-","1","-","2","2","-","1","2","7","4","2","13","9","14","22","20","27","29","35","54","61","85","117","142","233","433","305","256","253","169","156","104","90","72","60","43","36","33","27","20","17","14","12","14","11","6","6","3","2","5","-","2","1","-","1","3","3","-"
"10310","","ó£ç•åèêîÅyåèÅz","2017000000","","2017îN","00460","","ç»_50çŒ","","2,555","-","-","-","-","-","1","-","-","-","-","3","1","7","5","-","2","6","9","2","13","5","7","17","12","32","36","39","56","63","87","114","222","343","254","235","198","147","123","96","81","67","53","41","31","25","19","15","15","13","14","12","10","5","6","3","3","2","3","2","-","-","-","-","-"
"10310","","ó£ç•åèêîÅyåèÅz","2017000000","","2017îN","00470","","ç»_51çŒ","","2,256","-","-","-","-","-","-","-","1","-","-","1","1","-","-","3","3","-","5","3","7","8","3","12","17","13","24","30","37","43","50","79","87","163","311","248","217","161","151","108","85","74","60","56","45","27","19","15","16","17","11","8","10","8","4","3","2","-","7","1","-","1","-","1","-"
"10310","","ó£ç•åèêîÅyåèÅz","2017000000","","2017îN","00480","","ç»_52çŒ","","2,156","-","-","-","-","-","-","-","-","1","1","-","-","2","-","-","1","1","2","2","3","5","7","6","7","17","18","21","26","37","31","63","75","91","151","321","214","213","180","137","98","74","75","58","50","32","14","21","19","9","8","16","15","5","5","3","6","1","4","4","1","2","-","3","-"
"10310","","ó£ç•åèêîÅyåèÅz","2017000000","","2017îN","00490","","ç»_53çŒ","","1,840","-","-","-","-","-","-","-","-","-","1","1","-","1","-","1","-","3","3","3","1","3","4","6","8","3","15","11","18","16","18","40","42","70","68","137","236","199","166","159","140","98","70","62","41","44","28","26","18","19","12","15","14","4","2","2","2","2","3","2","-","1","1","1","-"
"10310","","ó£ç•åèêîÅyåèÅz","2017000000","","2017îN","00500","","ç»_54çŒ","","1,588","-","-","-","-","-","-","-","-","-","-","-","-","-","-","-","4","3","1","1","5","1","1","5","6","13","3","9","6","13","17","28","26","38","46","67","102","216","174","142","120","107","86","89","51","39","35","25","21","16","17","13","6","9","6","3","3","-","3","5","3","2","-","2","-"
"10310","","ó£ç•åèêîÅyåèÅz","2017000000","","2017îN","00510","","ç»_55çŒ","","1,377","-","-","-","-","-","-","-","-","-","-","1","-","-","1","-","2","2","1","2","3","-","1","2","6","4","10","12","8","3","14","11","18","27","36","37","50","76","169","148","124","115","96","93","67","58","30","25","27","15","14","25","11","6","7","5","7","3","1","2","1","-","-","1","-"
"10310","","ó£ç•åèêîÅyåèÅz","2017000000","","2017îN","00520","","ç»_56çŒ","","1,183","-","-","-","-","-","-","-","-","-","-","-","-","-","-","-","-","-","3","1","2","1","1","1","1","1","2","6","7","9","10","16","11","16","11","31","24","48","80","152","108","120","92","99","73","55","40","31","26","18","21","12","16","14","7","4","2","6","1","-","2","-","1","1","-"
"10310","","ó£ç•åèêîÅyåèÅz","2017000000","","2017îN","00530","","ç»_57çŒ","","1,093","-","-","-","-","-","-","1","-","-","-","-","-","-","-","3","1","2","1","-","-","1","1","1","3","3","4","7","3","8","5","6","10","9","13","20","25","31","39","78","129","107","101","102","70","50","55","40","37","19","25","27","14","12","7","3","5","1","6","2","1","3","1","1","-"
"10310","","ó£ç•åèêîÅyåèÅz","2017000000","","2017îN","00540","","ç»_58çŒ","","962","-","-","-","-","-","-","-","-","-","-","-","-","-","-","-","-","1","2","-","-","1","1","-","-","2","-","3","4","7","4","4","5","4","7","19","17","27","26","37","77","120","100","90","76","72","57","34","35","38","19","22","17","7","4","7","2","2","4","-","2","1","-","5","-"
"10310","","ó£ç•åèêîÅyåèÅz","2017000000","","2017îN","00550","","ç»_59çŒ","","794","-","-","-","1","-","-","-","-","-","-","1","-","-","-","-","-","-","1","-","-","1","-","1","-","-","2","1","6","3","-","2","1","2","7","7","11","22","17","26","34","57","80","94","74","68","57","50","30","34","27","15","19","10","4","4","5","3","3","1","3","2","2","6","-"
"10310","","ó£ç•åèêîÅyåèÅz","2017000000","","2017îN","00560","","ç»_60çŒ","","776","-","-","-","-","-","-","-","-","-","-","-","-","-","-","-","-","-","-","2","-","-","-","-","-","1","1","-","2","3","1","6","2","12","5","3","3","8","17","16","19","21","53","114","90","78","79","47","46","38","33","21","15","11","7","5","4","3","2","2","4","-","1","1","-"
"10310","","ó£ç•åèêîÅyåèÅz","2017000000","","2017îN","00570","","ç»_61çŒ","","627","-","-","-","-","-","-","-","-","-","-","-","-","-","-","-","-","1","-","-","-","-","-","-","3","-","-","-","1","1","2","2","3","1","4","2","7","8","6","7","12","12","22","45","76","59","59","49","62","36","31","33","32","13","8","8","5","2","3","6","-","-","1","5","-"
"10310","","ó£ç•åèêîÅyåèÅz","2017000000","","2017îN","00580","","ç»_62çŒ","","617","-","-","-","-","-","-","-","-","-","-","-","-","-","1","-","-","-","-","-","-","-","-","1","-","-","-","-","2","3","2","1","4","1","3","-","4","5","9","8","13","7","23","27","47","78","60","48","58","61","40","29","21","18","6","5","12","4","2","3","3","3","-","5","-"
"10310","","ó£ç•åèêîÅyåèÅz","2017000000","","2017îN","00590","","ç»_63çŒ","","515","-","-","-","-","-","-","-","-","-","-","-","-","-","-","-","-","-","-","-","-","-","-","-","1","-","2","-","1","1","-","2","1","1","2","2","-","5","2","5","7","9","13","18","21","36","46","66","61","41","46","27","24","21","14","8","6","6","7","2","2","2","1","6","-"
"10310","","ó£ç•åèêîÅyåèÅz","2017000000","","2017îN","00600","","ç»_64çŒ","","511","-","-","-","-","-","-","-","-","-","1","-","-","-","-","-","-","-","-","-","-","-","-","-","-","-","-","-","-","2","-","-","-","2","-","5","4","3","4","2","10","2","6","13","12","19","28","70","56","47","42","40","49","34","11","7","15","7","7","2","2","1","1","7","-"
"10310","","ó£ç•åèêîÅyåèÅz","2017000000","","2017îN","00610","","ç»_65çŒ","","565","-","-","-","-","-","-","-","-","1","-","-","-","-","-","-","-","-","-","-","-","-","-","-","-","-","-","-","1","-","-","1","-","-","2","2","1","2","4","5","1","4","8","12","16","14","30","33","58","66","62","61","61","36","12","16","11","9","3","9","6","4","2","12","-"
"10310","","ó£ç•åèêîÅyåèÅz","2017000000","","2017îN","00620","","ç»_66çŒ","","544","-","-","-","-","-","-","-","-","-","-","-","-","-","-","-","-","-","-","-","-","-","-","1","-","-","-","-","1","1","1","2","2","-","1","-","2","1","3","5","6","7","1","12","7","9","10","16","38","65","59","79","57","43","21","24","20","13","8","12","9","2","1","5","-"
"10310","","ó£ç•åèêîÅyåèÅz","2017000000","","2017îN","00630","","ç»_67çŒ","","514","-","-","-","-","-","-","-","-","-","-","-","-","-","-","-","-","-","-","-","-","-","-","-","-","-","-","-","-","-","-","-","1","2","-","2","1","-","-","3","4","1","3","1","6","6","15","13","19","39","71","69","70","54","30","20","16","21","20","8","4","5","5","5","-"
"10310","","ó£ç•åèêîÅyåèÅz","2017000000","","2017îN","00640","","ç»_68çŒ","","532","-","-","-","-","-","-","-","-","-","-","1","1","-","-","-","-","-","-","-","-","-","-","-","-","-","-","-","-","-","-","1","-","-","-","-","3","2","1","-","3","6","6","5","3","4","8","11","20","23","50","65","72","53","33","31","31","31","23","11","11","7","4","12","-"
"10310","","ó£ç•åèêîÅyåèÅz","2017000000","","2017îN","00650","","ç»_69çŒ","","460","-","-","-","-","-","-","-","-","-","-","-","-","-","-","-","-","-","-","-","-","-","-","-","-","-","-","-","1","-","-","-","-","-","-","-","1","1","2","-","1","3","4","2","2","6","7","7","14","22","29","44","66","53","34","27","29","35","15","13","16","4","3","19","-"
"10310","","ó£ç•åèêîÅyåèÅz","2017000000","","2017îN","00660","","ç»_70çŒ","","353","-","-","-","-","-","-","-","-","-","-","-","-","-","-","-","-","-","-","-","-","-","-","-","-","-","1","-","-","-","-","-","-","1","-","-","-","-","2","1","1","-","2","5","5","2","1","5","6","13","12","26","33","42","29","32","33","33","21","17","9","6","5","10","-"
"10310","","ó£ç•åèêîÅyåèÅz","2017000000","","2017îN","00670","","ç»_71çŒ","","231","-","-","-","-","-","-","-","-","-","-","-","-","-","-","-","-","-","-","-","-","-","-","-","-","-","-","-","-","-","-","-","-","1","-","-","-","-","-","-","4","1","-","2","2","1","4","1","6","1","11","10","18","13","17","19","33","29","13","10","10","6","4","15","-"
"10310","","ó£ç•åèêîÅyåèÅz","2017000000","","2017îN","00680","","ç»_72çŒ","","198","-","-","-","-","-","-","-","-","-","-","-","-","-","-","-","-","-","-","-","-","-","-","-","-","-","-","-","-","-","-","-","-","1","-","-","-","-","-","-","-","-","2","2","1","2","2","5","7","8","4","8","8","11","5","14","22","18","22","19","9","9","7","12","-"
"10310","","ó£ç•åèêîÅyåèÅz","2017000000","","2017îN","00690","","ç»_73çŒ","","213","-","-","-","-","-","-","-","-","-","-","-","-","-","-","-","-","-","-","-","-","-","-","-","-","-","1","-","-","-","-","-","-","-","-","-","-","1","-","-","2","-","2","-","-","4","6","3","2","3","5","8","10","8","10","14","13","21","17","22","19","11","7","24","-"
"10310","","ó£ç•åèêîÅyåèÅz","2017000000","","2017îN","00700","","ç»_74çŒ","","181","-","-","-","-","-","-","-","-","-","-","-","-","-","-","-","-","-","-","-","-","-","-","-","-","-","-","-","-","-","-","1","-","-","-","-","-","-","-","-","-","1","-","1","2","2","2","1","2","-","6","7","7","10","4","7","16","14","16","10","18","12","14","28","-"
"10310","","ó£ç•åèêîÅyåèÅz","2017000000","","2017îN","00710","","ç»_75çŒ","","176","-","-","-","-","-","-","-","-","-","-","-","-","-","-","-","-","-","-","-","-","-","-","-","-","-","-","-","-","-","-","-","-","-","-","-","-","-","-","-","-","-","-","-","-","1","-","3","1","1","4","3","5","2","9","7","10","17","15","18","14","18","14","34","-"
"10310","","ó£ç•åèêîÅyåèÅz","2017000000","","2017îN","00720","","ç»_76çŒ","","140","-","-","-","-","-","-","-","-","-","-","-","-","-","-","-","-","-","-","-","-","-","-","-","-","-","-","-","-","-","-","-","-","-","-","-","-","-","-","-","1","-","-","1","-","-","-","3","-","1","6","3","3","4","-","3","4","14","12","11","19","12","10","33","-"
"10310","","ó£ç•åèêîÅyåèÅz","2017000000","","2017îN","00730","","ç»_77çŒ","","125","-","-","-","-","-","-","-","-","-","-","-","-","-","-","-","-","-","-","-","-","-","-","-","-","-","1","-","-","-","-","-","-","-","-","-","-","-","-","-","-","-","-","1","-","-","-","1","1","1","3","3","5","4","3","3","2","4","8","8","13","11","15","38","-"
"10310","","ó£ç•åèêîÅyåèÅz","2017000000","","2017îN","00740","","ç»_78çŒ","","109","-","-","-","-","-","-","-","-","-","-","-","-","-","-","-","-","-","-","-","-","-","-","-","-","-","-","-","-","-","-","-","-","-","-","-","-","-","-","-","-","-","-","-","-","-","2","-","-","1","2","2","-","2","2","1","5","6","4","7","6","4","9","56","-"
"10310","","ó£ç•åèêîÅyåèÅz","2017000000","","2017îN","00750","","ç»_79çŒ","","83","-","-","-","-","-","-","-","-","-","-","-","-","-","-","-","-","-","-","-","-","-","-","-","-","-","-","-","-","-","-","-","-","-","-","-","-","-","-","-","-","-","-","-","1","-","1","-","-","-","1","1","1","2","1","3","1","1","2","1","3","8","11","45","-"
"10310","","ó£ç•åèêîÅyåèÅz","2017000000","","2017îN","00760","","ç»_80çŒà»è„","","364","-","-","-","-","-","-","-","-","-","-","-","-","-","-","-","-","-","-","-","-","-","-","-","-","-","-","-","-","1","-","-","-","-","2","-","-","-","-","-","-","-","-","-","-","-","2","-","-","3","5","4","2","8","1","6","10","10","11","10","14","20","22","233","-"
"10310","","ó£ç•åèêîÅyåèÅz","2017000000","","2017îN","00770","","ç»_ïsè⁄","","-","-","-","-","-","-","-","-","-","-","-","-","-","-","-","-","-","-","-","-","-","-","-","-","-","-","-","-","-","-","-","-","-","-","-","-","-","-","-","-","-","-","-","-","-","-","-","-","-","-","-","-","-","-","-","-","-","-","-","-","-","-","-","-","-"
"10310","","ó£ç•åèêîÅyåèÅz","2016000000","","2016îN","00100","","ç»_ëçêî","","155,879","111","404","749","1,162","1,444","1,813","2,183","2,525","2,939","3,455","3,935","4,370","4,713","5,061","5,103","5,242","5,098","5,148","5,235","5,250","5,414","5,288","5,203","5,269","5,302","5,022","4,718","4,434","4,093","4,002","3,608","3,257","2,824","2,938","2,588","2,463","2,096","1,990","1,782","1,652","1,468","1,325","1,320","1,157","1,015","961","921","954","959","897","891","671","408","353","426","369","325","298","200","185","191","145","557","-"
"10310","","ó£ç•åèêîÅyåèÅz","2016000000","","2016îN","00120","","ç»_16çŒ","","17","-","7","2","4","2","-","-","-","-","-","1","-","-","-","-","-","-","-","-","-","-","-","-","-","1","-","-","-","-","-","-","-","-","-","-","-","-","-","-","-","-","-","-","-","-","-","-","-","-","-","-","-","-","-","-","-","-","-","-","-","-","-","-","-"
"10310","","ó£ç•åèêîÅyåèÅz","2016000000","","2016îN","00130","","ç»_17çŒ","","102","19","21","13","11","12","10","3","-","5","-","3","-","1","1","1","-","-","1","-","-","-","-","-","-","-","-","-","-","-","1","-","-","-","-","-","-","-","-","-","-","-","-","-","-","-","-","-","-","-","-","-","-","-","-","-","-","-","-","-","-","-","-","-","-"
"10310","","ó£ç•åèêîÅyåèÅz","2016000000","","2016îN","00140","","ç»_18çŒ","","294","41","56","57","30","27","14","15","11","4","5","3","7","3","5","1","2","-","3","3","2","1","-","1","-","-","1","-","-","-","-","-","-","-","-","-","-","1","1","-","-","-","-","-","-","-","-","-","-","-","-","-","-","-","-","-","-","-","-","-","-","-","-","-","-"
"10310","","ó£ç•åèêîÅyåèÅz","2016000000","","2016îN","00150","","ç»_19çŒ","","737","34","151","146","96","65","44","44","32","18","17","15","12","10","5","7","7","6","7","3","2","-","2","2","1","-","1","-","1","-","1","-","-","3","-","-","1","-","-","1","-","1","-","-","1","-","-","-","-","-","-","-","-","-","-","-","1","-","-","-","-","-","-","-","-"
"10310","","ó£ç•åèêîÅyåèÅz","2016000000","","2016îN","00160","","ç»_20çŒ","","1,324","10","95","290","224","146","117","85","65","39","32","36","29","19","14","20","14","7","10","11","6","7","8","7","5","5","2","3","-","3","1","3","2","2","1","2","-","1","1","-","-","-","1","-","-","-","-","-","-","-","-","-","-","1","-","-","-","-","-","-","-","-","-","-","-"
"10310","","ó£ç•åèêîÅyåèÅz","2016000000","","2016îN","00170","","ç»_21çŒ","","1,847","6","29","129","388","282","169","160","116","81","69","67","68","39","31","28","26","21","24","13","13","14","8","5","4","9","6","7","5","4","2","1","2","3","3","2","-","-","1","1","3","-","2","-","-","-","2","-","-","1","1","-","-","-","2","-","-","-","-","-","-","-","-","-","-"
"10310","","ó£ç•åèêîÅyåèÅz","2016000000","","2016îN","00180","","ç»_22çŒ","","2,214","-","17","38","196","434","305","204","183","136","103","73","90","64","53","50","38","29","25","23","22","13","21","25","15","7","3","4","3","6","1","6","1","5","-","2","4","2","1","-","-","-","1","1","2","-","-","1","2","1","1","1","1","1","-","-","-","-","-","-","-","-","-","-","-"
"10310","","ó£ç•åèêîÅyåèÅz","2016000000","","2016îN","00190","","ç»_23çŒ","","2,702","1","10","28","66","209","554","365","276","179","157","109","108","105","78","57","56","53","40","37","22","28","21","23","19","10","18","11","11","5","9","6","2","2","-","2","3","-","1","3","2","-","4","2","3","2","2","-","1","1","-","-","-","-","-","-","1","-","-","-","-","-","-","-","-"
"10310","","ó£ç•åèêîÅyåèÅz","2016000000","","2016îN","00200","","ç»_24çŒ","","3,232","-","5","12","42","78","250","638","372","274","243","196","179","142","121","100","91","76","48","59","43","47","23","31","19","18","19","15","15","10","8","7","4","2","4","5","3","5","4","2","3","1","1","4","1","2","3","1","1","1","2","-","1","-","-","1","-","-","-","-","-","-","-","-","-"
"10310","","ó£ç•åèêîÅyåèÅz","2016000000","","2016îN","00210","","ç»_25çŒ","","3,635","-","5","12","32","52","101","267","666","461","317","272","226","200","160","149","104","99","71","76","49","44","37","23","35","30","24","14","21","12","13","7","4","5","9","5","5","1","5","4","1","1","1","-","3","1","2","1","-","2","-","3","-","-","1","-","-","1","1","-","-","-","-","-","-"
"10310","","ó£ç•åèêîÅyåèÅz","2016000000","","2016îN","00220","","ç»_26çŒ","","4,073","-","-","8","17","38","54","102","279","737","516","390","300","273","228","194","155","120","99","81","68","56","58","40","44","28","24","23","12","17","14","8","7","6","7","7","7","4","11","6","-","3","4","6","2","3","2","4","-","3","1","1","1","-","1","-","1","2","1","-","-","-","-","-","-"
"10310","","ó£ç•åèêîÅyåèÅz","2016000000","","2016îN","00230","","ç»_27çŒ","","4,723","-","2","2","11","23","53","73","143","358","874","592","440","363","288","242","206","147","139","125","105","99","62","51","37","51","27","39","31","17","17","11","11","11","12","9","3","6","5","4","3","4","6","1","2","3","4","1","2","1","3","1","2","-","-","-","-","-","1","-","-","-","-","-","-"
"10310","","ó£ç•åèêîÅyåèÅz","2016000000","","2016îN","00240","","ç»_28çŒ","","5,045","-","1","5","13","12","36","72","110","173","444","938","570","487","366","314","262","214","166","138","110","106","84","77","54","44","41","22","25","23","15","15","13","13","7","12","6","8","6","5","5","5","2","3","3","3","4","1","4","2","1","2","-","-","-","1","-","-","1","-","1","-","-","-","-"
"10310","","ó£ç•åèêîÅyåèÅz","2016000000","","2016îN","00250","","ç»_29çŒ","","5,383","-","1","2","4","10","17","41","64","119","193","436","971","659","519","385","327","260","226","186","149","120","110","73","85","66","63","48","41","21","29","22","23","12","16","9","9","7","4","7","5","3","7","10","3","4","1","2","1","3","2","1","1","2","1","2","-","-","-","1","-","-","-","-","-"
"10310","","ó£ç•åèêîÅyåèÅz","2016000000","","2016îN","00260","","ç»_30çŒ","","5,589","-","-","1","5","12","19","28","57","92","104","228","481","932","698","487","402","314","269","257","199","174","146","109","85","92","66","46","41","34","28","23","17","14","16","13","14","8","7","13","1","4","7","7","3","5","3","7","2","4","4","4","1","3","1","1","1","-","-","-","-","-","-","-","-"
"10310","","ó£ç•åèêîÅyåèÅz","2016000000","","2016îN","00270","","ç»_31çŒ","","5,761","-","-","1","-","11","10","18","39","74","84","144","227","462","984","695","528","428","318","294","229","188","164","147","133","96","68","63","49","37","36","30","29","15","23","16","14","11","9","7","12","6","6","8","7","6","4","6","4","8","3","1","3","2","-","2","-","1","-","1","-","-","-","-","-"
"10310","","ó£ç•åèêîÅyåèÅz","2016000000","","2016îN","00280","","ç»_32çŒ","","5,745","-","-","-","6","1","9","13","24","50","72","108","175","279","471","912","681","476","379","329","303","249","201","174","146","120","97","77","64","49","54","26","21","13","22","16","7","10","14","11","11","9","9","13","2","3","2","3","5","9","4","3","4","1","1","1","4","-","1","-","-","-","-","1","-"
"10310","","ó£ç•åèêîÅyåèÅz","2016000000","","2016îN","00290","","ç»_33çŒ","","5,784","-","-","2","4","5","11","19","17","27","45","93","131","176","297","458","898","653","478","390","375","315","243","177","167","143","99","99","74","46","48","43","34","27","29","19","17","22","7","12","8","7","12","6","2","3","8","7","6","5","5","2","4","1","1","-","2","2","3","-","-","-","-","-","-"
"10310","","ó£ç•åèêîÅyåèÅz","2016000000","","2016îN","00300","","ç»_34çŒ","","5,569","-","1","-","1","3","8","6","16","27","39","52","93","131","200","275","411","844","600","465","404","319","300","230","183","166","135","124","85","61","56","42","48","30","30","32","27","13","13","15","18","7","9","4","8","6","6","1","1","7","5","5","3","1","-","-","1","1","1","-","-","-","-","-","-"
"10310","","ó£ç•åèêîÅyåèÅz","2016000000","","2016îN","00310","","ç»_35çŒ","","5,411","-","-","-","1","4","7","7","11","17","36","43","62","83","138","179","292","430","828","562","457","394","326","249","233","195","147","123","105","78","63","43","44","23","27","26","34","13","16","17","10","15","11","3","8","6","10","8","5","4","-","4","3","1","2","2","-","1","-","3","-","2","-","-","-"
"10310","","ó£ç•åèêîÅyåèÅz","2016000000","","2016îN","00320","","ç»_36çŒ","","5,404","-","-","-","2","2","6","4","15","19","21","38","42","71","89","144","195","263","420","798","561","454","407","341","269","227","188","144","131","97","82","61","47","42","26","29","23","17","15","17","13","13","8","7","6","1","5","7","6","2","7","7","4","1","1","2","2","1","2","-","1","-","1","-","-"
"10310","","ó£ç•åèêîÅyåèÅz","2016000000","","2016îN","00330","","ç»_37çŒ","","5,370","-","-","-","-","2","1","3","6","6","20","21","47","56","82","84","140","168","265","434","757","620","444","391","350","294","217","177","125","123","88","65","58","42","34","27","30","23","16","20","15","17","17","8","9","8","10","15","5","6","6","6","6","-","1","-","2","1","1","1","-","-","-","-","-"
"10310","","ó£ç•åèêîÅyåèÅz","2016000000","","2016îN","00340","","ç»_38çŒ","","5,298","-","-","-","1","1","6","7","5","9","18","13","23","38","57","84","122","125","185","242","431","788","576","455","392","305","267","216","147","127","117","108","71","60","46","37","25","31","25","19","13","18","9","13","8","6","2","5","4","11","6","8","4","1","2","4","-","1","2","-","1","1","-","-","-"
"10310","","ó£ç•åèêîÅyåèÅz","2016000000","","2016îN","00350","","ç»_39çŒ","","5,138","-","-","-","1","3","3","1","6","10","8","14","20","21","45","56","74","99","142","201","258","402","727","556","451","370","308","247","192","171","136","107","65","61","69","36","34","32","30","22","18","15","12","14","13","18","6","6","9","9","6","11","4","5","2","5","4","2","-","1","-","-","-","-","-"
"10310","","ó£ç•åèêîÅyåèÅz","2016000000","","2016îN","00360","","ç»_40çŒ","","5,064","-","-","-","2","5","1","2","2","5","7","9","20","31","35","51","51","70","116","146","184","254","431","746","502","449","358","309","255","175","155","127","92","65","62","60","56","35","29","14","17","12","17","11","12","12","7","10","7","13","8","9","5","5","1","2","2","3","-","-","-","-","-","-","-"
"10310","","ó£ç•åèêîÅyåèÅz","2016000000","","2016îN","00370","","ç»_41çŒ","","5,057","-","-","-","-","-","3","2","3","5","8","11","12","24","19","30","44","38","70","99","149","187","244","410","767","552","433","374","317","245","179","165","108","99","74","68","49","41","37","24","25","18","20","16","11","11","10","8","10","8","8","10","-","2","2","1","1","2","3","-","-","1","-","-","-"
"10310","","ó£ç•åèêîÅyåèÅz","2016000000","","2016îN","00380","","ç»_42çŒ","","5,079","-","-","-","-","1","1","1","2","3","6","6","8","11","12","29","20","36","50","86","99","159","174","244","416","798","573","419","374","287","221","199","150","102","107","82","60","68","46","39","36","20","17","12","17","17","17","8","8","10","11","4","4","3","1","1","2","1","-","-","-","-","-","1","-"
"10310","","ó£ç•åèêîÅyåèÅz","2016000000","","2016îN","00390","","ç»_43çŒ","","4,989","-","-","-","-","4","2","-","2","1","3","4","8","14","28","13","30","25","50","49","85","94","135","177","268","418","739","566","420","335","322","228","179","140","117","101","71","45","36","44","37","33","30","22","10","14","14","12","15","13","12","5","6","2","3","2","2","1","-","-","-","3","-","-","-"
"10310","","ó£ç•åèêîÅyåèÅz","2016000000","","2016îN","00400","","ç»_44çŒ","","4,624","-","-","-","1","-","2","1","-","3","2","6","1","3","13","13","15","31","39","36","48","97","94","144","186","254","383","592","496","418","336","262","202","162","128","116","99","68","73","40","42","33","27","20","21","17","12","13","16","15","8","10","7","1","4","6","2","4","1","1","-","-","-","-","-"
"10310","","ó£ç•åèêîÅyåèÅz","2016000000","","2016îN","00410","","ç»_45çŒ","","4,244","-","-","1","1","-","-","-","-","2","4","3","6","4","8","16","15","16","29","27","32","48","72","94","130","172","230","337","586","442","387","276","258","165","166","132","99","87","69","52","38","42","28","31","18","16","14","19","12","10","10","10","11","7","2","2","1","1","-","2","1","-","2","1","-"
"10310","","ó£ç•åèêîÅyåèÅz","2016000000","","2016îN","00420","","ç»_46çŒ","","3,856","-","2","-","-","-","-","-","1","-","1","4","6","1","6","7","7","23","13","19","34","38","53","60","94","114","162","187","288","518","417","331","261","220","173","163","121","93","73","62","54","36","40","26","21","14","18","14","25","8","9","7","10","2","-","2","6","4","1","3","1","1","1","1","-"
"10310","","ó£ç•åèêîÅyåèÅz","2016000000","","2016îN","00430","","ç»_47çŒ","","3,544","-","-","-","-","-","-","-","2","-","-","1","2","3","2","6","9","6","14","11","16","34","29","39","49","79","103","125","164","258","504","366","301","232","251","149","158","98","96","85","51","49","36","32","25","13","22","12","10","16","18","14","16","4","7","7","6","3","4","1","2","2","-","2","-"
"10310","","ó£ç•åèêîÅyåèÅz","2016000000","","2016îN","00440","","ç»_48çŒ","","3,315","-","-","-","1","-","-","-","-","1","1","2","2","3","-","1","2","8","11","11","8","23","25","30","39","68","63","94","116","166","263","452","370","255","262","200","184","122","112","79","72","50","34","25","28","22","20","14","13","11","15","10","13","4","1","2","2","1","1","-","1","-","-","2","-"
"10310","","ó£ç•åèêîÅyåèÅz","2016000000","","2016îN","00450","","ç»_49çŒ","","2,806","-","-","-","-","-","-","-","-","1","1","1","2","2","2","3","8","4","3","6","7","11","19","25","28","45","44","54","76","92","135","227","390","278","243","187","166","142","129","80","85","62","43","38","26","25","23","22","14","9","9","9","8","3","5","1","1","2","5","3","-","1","1","-","-"
"10310","","ó£ç•åèêîÅyåèÅz","2016000000","","2016îN","00460","","ç»_50çŒ","","2,368","-","-","-","-","-","-","-","-","-","2","1","-","-","-","3","2","2","1","3","3","11","10","14","12","20","35","49","43","51","72","112","159","316","275","207","200","146","117","114","73","59","55","28","35","16","15","18","12","23","10","12","8","4","-","1","4","5","6","-","2","2","-","-","-"
"10310","","ó£ç•åèêîÅyåèÅz","2016000000","","2016îN","00470","","ç»_51çŒ","","2,359","-","-","-","-","-","-","-","-","1","-","1","-","2","3","3","1","3","3","5","5","9","8","12","9","19","18","32","33","44","60","82","100","175","321","230","228","195","152","109","101","73","53","53","35","30","20","15","21","22","17","17","7","5","7","5","6","4","-","1","2","2","-","-","-"
"10310","","ó£ç•åèêîÅyåèÅz","2016000000","","2016îN","00480","","ç»_52çŒ","","2,000","-","-","-","-","-","-","-","-","-","-","-","-","-","2","2","2","-","1","5","4","2","7","10","11","13","22","22","23","36","40","42","57","73","149","249","200","186","142","133","112","84","66","54","57","35","26","20","15","22","17","13","13","5","6","3","7","-","6","2","-","1","-","3","-"
"10310","","ó£ç•åèêîÅyåèÅz","2016000000","","2016îN","00490","","ç»_53çŒ","","1,702","-","-","-","1","-","-","1","-","-","-","-","1","-","-","-","-","3","1","2","1","3","4","5","8","10","8","10","19","23","28","28","35","45","81","149","220","153","164","122","120","81","72","60","49","34","39","20","16","20","15","14","7","9","4","5","2","3","2","2","-","-","1","2","-"
"10310","","ó£ç•åèêîÅyåèÅz","2016000000","","2016îN","00500","","ç»_54çŒ","","1,513","-","-","-","-","-","-","-","-","1","-","-","-","-","-","-","1","-","1","1","1","-","4","2","5","5","10","5","15","14","26","28","27","32","43","67","113","175","165","153","103","97","79","94","51","36","22","25","21","13","17","22","11","3","2","5","5","5","1","1","1","-","1","4","-"
"10310","","ó£ç•åèêîÅyåèÅz","2016000000","","2016îN","00510","","ç»_55çŒ","","1,283","-","-","-","-","-","-","-","-","-","1","-","-","-","-","2","-","-","2","-","3","3","5","1","4","4","7","12","7","14","6","19","16","20","34","41","55","87","177","141","120","93","80","68","51","32","38","32","30","14","9","12","8","8","6","4","9","-","1","2","1","-","2","2","-"
"10310","","ó£ç•åèêîÅyåèÅz","2016000000","","2016îN","00520","","ç»_56çŒ","","1,193","-","-","-","-","-","-","-","-","-","-","-","-","-","-","1","1","1","-","1","-","1","-","-","3","-","2","7","7","6","15","7","16","9","17","29","46","44","76","143","152","114","94","88","78","44","33","40","26","16","25","13","11","6","3","1","3","2","5","-","3","-","-","4","-"
"10310","","ó£ç•åèêîÅyåèÅz","2016000000","","2016îN","00530","","ç»_57çŒ","","1,073","-","-","-","-","-","-","1","-","-","-","-","-","1","1","-","2","-","-","-","1","-","2","1","4","1","3","7","2","9","4","7","11","15","17","21","17","37","36","70","121","137","85","100","69","64","41","36","42","28","20","13","4","9","3","5","6","5","5","3","2","-","2","3","-"
"10310","","ó£ç•åèêîÅyåèÅz","2016000000","","2016îN","00540","","ç»_58çŒ","","876","-","-","-","-","-","-","-","-","-","2","-","-","-","-","1","-","-","1","-","1","-","1","1","2","1","1","3","2","5","2","5","5","3","9","6","16","18","17","28","58","102","90","79","74","64","63","48","33","33","30","20","15","7","4","8","2","3","3","2","-","-","1","7","-"
"10310","","ó£ç•åèêîÅyåèÅz","2016000000","","2016îN","00550","","ç»_59çŒ","","750","-","-","-","-","-","-","-","-","1","-","1","-","-","-","-","1","-","-","1","-","-","-","-","1","1","-","2","5","4","-","1","4","9","5","4","13","11","5","20","28","46","79","82","78","70","50","42","32","44","32","24","14","3","6","7","5","5","3","1","3","-","1","6","-"
"10310","","ó£ç•åèêîÅyåèÅz","2016000000","","2016îN","00560","","ç»_60çŒ","","804","-","-","-","1","-","-","-","-","-","-","-","-","-","-","-","-","-","-","-","-","-","-","-","-","-","2","1","1","1","1","1","3","5","5","6","3","7","11","16","20","29","53","112","105","70","67","58","54","40","29","38","12","10","9","5","9","3","7","1","3","4","-","2","-"
"10310","","ó£ç•åèêîÅyåèÅz","2016000000","","2016îN","00570","","ç»_61çŒ","","679","-","-","-","-","-","-","-","-","-","-","-","-","-","-","-","-","-","-","-","-","-","-","-","3","-","1","1","-","1","-","1","2","4","4","-","3","4","9","5","15","20","25","55","82","75","60","53","53","60","29","37","27","11","7","6","7","7","2","1","2","1","1","5","-"
"10310","","ó£ç•åèêîÅyåèÅz","2016000000","","2016îN","00580","","ç»_62çŒ","","614","-","-","-","-","-","-","-","-","-","-","-","1","-","-","-","-","-","-","-","1","-","1","-","1","1","2","3","-","2","4","1","3","-","4","5","2","7","6","7","7","16","23","29","27","88","73","51","61","53","45","27","24","7","9","5","8","2","3","1","-","1","2","1","-"
"10310","","ó£ç•åèêîÅyåèÅz","2016000000","","2016îN","00590","","ç»_63çŒ","","536","-","-","-","-","-","-","-","-","-","-","-","-","-","-","-","-","-","-","-","-","-","1","1","-","-","-","1","2","3","2","1","2","-","2","2","7","5","4","3","3","8","12","14","17","29","68","64","56","49","47","37","27","13","10","10","6","12","2","1","6","2","4","3","-"
"10310","","ó£ç•åèêîÅyåèÅz","2016000000","","2016îN","00600","","ç»_64çŒ","","513","-","-","-","-","-","-","-","-","-","-","-","-","-","-","-","-","-","-","-","-","1","-","-","-","1","-","-","3","-","2","1","1","2","1","2","4","1","1","7","3","5","8","14","19","31","25","61","55","57","53","43","21","21","9","12","13","9","8","3","2","4","6","4","-"
"10310","","ó£ç•åèêîÅyåèÅz","2016000000","","2016îN","00610","","ç»_65çŒ","","644","-","-","-","-","-","-","-","-","-","-","-","-","-","-","-","-","-","-","-","1","-","-","-","-","-","1","2","-","-","-","1","-","1","2","-","1","3","4","3","3","7","6","14","16","20","27","44","79","79","68","75","45","39","21","26","18","13","6","4","4","3","2","6","-"
"10310","","ó£ç•åèêîÅyåèÅz","2016000000","","2016îN","00620","","ç»_66çŒ","","559","-","-","-","-","-","-","-","-","-","-","-","-","-","-","-","-","-","-","-","-","-","-","-","-","-","-","-","-","1","-","1","1","2","-","3","1","1","2","1","2","2","6","6","7","9","17","28","48","74","77","68","57","32","23","24","17","15","9","5","2","8","1","9","-"
"10310","","ó£ç•åèêîÅyåèÅz","2016000000","","2016îN","00630","","ç»_67çŒ","","552","-","-","-","-","-","-","-","-","-","-","-","-","-","-","-","-","-","-","-","-","-","-","-","-","-","-","-","1","-","2","1","-","-","2","1","2","1","4","1","6","3","8","4","5","6","13","13","34","38","75","84","63","37","36","34","20","20","11","7","1","4","4","11","-"
"10310","","ó£ç•åèêîÅyåèÅz","2016000000","","2016îN","00640","","ç»_68çŒ","","473","-","-","-","-","-","-","-","-","-","-","-","-","-","-","-","-","-","-","-","1","-","-","-","-","-","-","-","1","1","-","1","1","-","1","1","1","1","3","-","3","4","4","11","7","5","11","12","21","20","47","68","48","34","25","34","27","22","19","9","9","6","3","12","-"
"10310","","ó£ç•åèêîÅyåèÅz","2016000000","","2016îN","00650","","ç»_69çŒ","","400","-","-","-","-","-","-","-","-","-","-","-","-","-","-","-","-","-","-","-","-","-","-","-","-","-","-","-","-","-","-","-","-","-","-","1","1","-","-","1","2","2","1","2","3","6","7","6","15","22","15","37","48","27","30","45","29","24","22","13","10","10","5","16","-"
"10310","","ó£ç•åèêîÅyåèÅz","2016000000","","2016îN","00660","","ç»_70çŒ","","258","-","-","-","-","-","-","-","-","-","-","-","-","-","-","-","-","-","-","-","-","-","-","-","-","-","-","1","-","1","-","-","-","-","1","-","-","-","1","-","1","-","1","3","3","1","3","5","10","9","17","19","19","22","20","24","19","18","18","14","9","5","4","10","-"
"10310","","ó£ç•åèêîÅyåèÅz","2016000000","","2016îN","00670","","ç»_71çŒ","","219","-","-","-","-","-","-","-","-","-","-","-","-","-","-","-","-","-","-","-","-","-","-","-","-","-","1","-","-","-","-","-","-","-","-","-","-","-","-","-","-","1","1","2","4","2","-","6","11","2","4","14","11","12","21","28","22","11","16","11","13","9","10","7","-"
"10310","","ó£ç•åèêîÅyåèÅz","2016000000","","2016îN","00680","","ç»_72çŒ","","250","-","1","-","-","-","-","-","-","-","-","-","-","-","-","-","-","-","-","-","1","-","-","-","-","-","-","-","-","-","-","-","-","1","-","-","-","-","2","-","-","1","1","2","4","2","1","3","4","9","8","5","11","9","21","24","27","25","28","18","12","7","9","14","-"
"10310","","ó£ç•åèêîÅyåèÅz","2016000000","","2016îN","00690","","ç»_73çŒ","","223","-","-","-","-","-","-","-","-","-","-","-","-","-","-","-","-","-","-","-","-","1","-","-","-","-","-","1","-","-","-","1","-","-","-","-","-","-","-","-","-","-","-","2","2","-","3","4","3","7","6","7","15","4","10","20","17","23","20","14","15","13","9","26","-"
"10310","","ó£ç•åèêîÅyåèÅz","2016000000","","2016îN","00700","","ç»_74çŒ","","208","-","-","-","-","-","-","-","-","-","-","-","-","-","-","-","-","-","-","-","-","-","-","-","-","-","-","-","-","-","-","-","-","-","-","-","-","-","-","-","-","-","-","1","1","2","2","3","4","5","2","5","5","7","3","12","13","20","24","17","24","20","12","26","-"
"10310","","ó£ç•åèêîÅyåèÅz","2016000000","","2016îN","00710","","ç»_75çŒ","","164","-","-","-","-","-","-","-","-","-","-","-","-","-","-","-","-","-","-","-","-","-","-","-","-","-","-","-","-","-","-","-","-","1","-","-","1","-","-","-","-","-","2","-","2","1","1","1","4","4","5","9","7","3","3","8","9","10","12","10","16","12","13","30","-"
"10310","","ó£ç•åèêîÅyåèÅz","2016000000","","2016îN","00720","","ç»_76çŒ","","113","-","-","-","-","-","-","-","-","-","-","-","-","-","-","-","-","-","-","-","-","-","-","-","-","-","-","-","-","-","-","-","-","1","-","-","-","-","-","-","-","-","-","-","-","-","1","1","4","3","1","3","5","3","2","5","4","6","9","11","9","9","10","26","-"
"10310","","ó£ç•åèêîÅyåèÅz","2016000000","","2016îN","00730","","ç»_77çŒ","","95","-","-","-","-","-","-","-","-","-","-","-","-","-","-","-","-","-","-","-","-","-","-","-","-","-","-","-","-","-","-","-","-","-","-","-","-","-","-","-","-","-","-","-","-","-","-","1","-","-","2","2","2","-","2","1","-","7","7","6","10","15","7","33","-"
"10310","","ó£ç•åèêîÅyåèÅz","2016000000","","2016îN","00740","","ç»_78çŒ","","89","-","-","-","-","-","-","-","-","-","-","-","-","-","-","-","-","-","-","-","-","-","-","-","-","-","-","-","-","-","-","-","-","-","-","-","-","-","-","-","-","-","-","-","-","-","-","-","-","-","1","2","2","2","2","1","5","4","7","3","6","13","10","31","-"
"10310","","ó£ç•åèêîÅyåèÅz","2016000000","","2016îN","00750","","ç»_79çŒ","","84","-","-","-","-","-","-","-","-","-","-","-","-","-","-","-","-","-","-","-","-","-","-","-","-","-","-","-","-","-","-","-","-","1","-","-","-","-","-","-","-","-","-","-","-","-","1","2","1","-","1","2","-","-","1","3","2","1","-","4","2","15","8","40","-"
"10310","","ó£ç•åèêîÅyåèÅz","2016000000","","2016îN","00760","","ç»_80çŒà»è„","","310","-","-","-","-","-","-","-","-","-","-","-","-","-","-","-","-","-","-","-","-","-","1","-","-","-","-","-","-","-","-","-","-","-","1","-","-","-","-","-","1","-","-","-","1","2","1","1","1","-","8","1","2","3","6","8","4","6","7","16","8","14","12","206","-"
"10310","","ó£ç•åèêîÅyåèÅz","2016000000","","2016îN","00770","","ç»_ïsè⁄","","-","-","-","-","-","-","-","-","-","-","-","-","-","-","-","-","-","-","-","-","-","-","-","-","-","-","-","-","-","-","-","-","-","-","-","-","-","-","-","-","-","-","-","-","-","-","-","-","-","-","-","-","-","-","-","-","-","-","-","-","-","-","-","-","-"
"10310","","ó£ç•åèêîÅyåèÅz","2015000000","","2015îN","00100","","ç»_ëçêî","","164,316","118","368","785","1,149","1,555","1,997","2,252","2,748","3,244","3,698","4,277","4,834","5,153","5,357","5,579","5,520","5,522","5,624","5,727","5,595","5,432","5,544","5,721","5,690","5,631","5,201","4,868","4,587","4,264","4,010","3,631","3,086","3,309","2,857","2,553","2,350","2,189","1,975","1,913","1,572","1,493","1,459","1,441","1,226","1,112","1,061","1,114","1,043","1,083","959","745","459","483","500","428","389","329","252","211","209","148","118","569","-"
"10310","","ó£ç•åèêîÅyåèÅz","2015000000","","2015îN","00120","","ç»_16çŒ","","21","4","5","1","1","2","1","2","1","1","1","-","-","-","-","-","-","1","-","1","-","-","-","-","-","-","-","-","-","-","-","-","-","-","-","-","-","-","-","-","-","-","-","-","-","-","-","-","-","-","-","-","-","-","-","-","-","-","-","-","-","-","-","-","-"
"10310","","ó£ç•åèêîÅyåèÅz","2015000000","","2015îN","00130","","ç»_17çŒ","","115","18","24","20","19","12","4","1","3","1","3","1","1","-","1","-","1","1","1","-","-","1","-","-","-","1","-","-","1","-","1","-","-","-","-","-","-","-","-","-","-","-","-","-","-","-","-","-","-","-","-","-","-","-","-","-","-","-","-","-","-","-","-","-","-"
"10310","","ó£ç•åèêîÅyåèÅz","2015000000","","2015îN","00140","","ç»_18çŒ","","365","42","75","69","58","26","19","10","10","8","11","7","3","8","5","1","2","1","1","2","-","-","1","1","-","-","1","1","-","2","-","-","-","-","-","-","-","-","-","1","-","-","-","-","-","-","-","-","-","-","-","-","-","-","-","-","-","-","-","-","-","-","-","-","-"
"10310","","ó£ç•åèêîÅyåèÅz","2015000000","","2015îN","00150","","ç»_19çŒ","","733","19","151","144","99","72","55","39","23","18","19","17","12","7","9","3","6","2","2","8","2","2","7","1","3","1","1","1","-","-","-","1","1","2","2","-","-","-","-","-","1","-","-","-","-","-","1","1","-","1","-","-","-","-","-","-","-","-","-","-","-","-","-","-","-"
"10310","","ó£ç•åèêîÅyåèÅz","2015000000","","2015îN","00160","","ç»_20çŒ","","1,361","22","62","288","220","178","123","89","49","48","46","28","23","27","20","26","14","11","10","12","7","7","5","6","2","6","6","4","3","2","3","4","-","-","-","1","-","1","-","1","2","-","2","-","-","-","-","1","-","1","1","-","-","-","-","-","-","-","-","-","-","-","-","-","-"
"10310","","ó£ç•åèêîÅyåèÅz","2015000000","","2015îN","00170","","ç»_21çŒ","","1,954","6","18","148","406","288","205","157","135","97","73","66","61","43","35","38","24","16","15","19","12","11","13","8","7","5","2","3","4","7","5","2","2","5","3","2","1","4","-","1","1","2","-","-","1","-","-","-","1","2","-","-","-","-","-","-","-","-","-","-","-","-","-","-","-"
"10310","","ó£ç•åèêîÅyåèÅz","2015000000","","2015îN","00180","","ç»_22çŒ","","2,407","2","9","49","164","493","369","219","178","151","111","90","84","85","60","57","41","36","19","27","14","22","19","15","13","10","10","8","7","7","5","4","1","4","3","3","2","4","1","2","-","1","2","1","2","1","1","-","-","-","-","1","-","-","-","-","-","-","-","-","-","-","-","-","-"
"10310","","ó£ç•åèêîÅyåèÅz","2015000000","","2015îN","00190","","ç»_23çŒ","","2,904","2","6","19","70","210","591","386","294","215","165","142","124","102","77","75","62","55","45","40","43","33","17","12","15","20","10","9","7","7","4","4","6","4","4","2","3","2","4","1","6","-","-","1","2","3","1","1","-","-","-","2","1","-","-","-","-","-","-","-","-","-","-","-","-"
"10310","","ó£ç•åèêîÅyåèÅz","2015000000","","2015îN","00200","","ç»_24çŒ","","3,469","-","4","16","40","78","251","665","437","297","300","220","195","139","137","113","95","75","67","48","38","30","35","32","27","19","14","7","13","8","8","7","4","3","9","4","5","6","3","4","2","1","2","2","2","-","-","2","1","2","-","-","1","-","1","-","-","-","-","-","-","-","-","-","-"
"10310","","ó£ç•åèêîÅyåèÅz","2015000000","","2015îN","00210","","ç»_25çŒ","","4,026","-","2","13","15","58","101","258","725","526","356","312","256","219","203","159","113","112","105","79","60","47","42","44","31","32","15","18","14","11","7","8","5","14","10","4","3","6","5","4","3","4","3","2","5","3","1","2","2","-","5","3","-","-","-","-","-","-","1","-","-","-","-","-","-"
"10310","","ó£ç•åèêîÅyåèÅz","2015000000","","2015îN","00220","","ç»_26çŒ","","4,382","1","3","7","13","36","63","122","331","793","556","384","364","292","222","213","175","122","104","104","72","54","51","50","39","34","21","16","18","14","13","7","10","4","10","6","8","7","3","4","3","4","5","7","4","3","1","1","3","1","-","-","1","-","1","-","-","1","-","-","-","-","-","1","-"
"10310","","ó£ç•åèêîÅyåèÅz","2015000000","","2015îN","00230","","ç»_27çŒ","","4,954","-","3","1","6","25","55","96","159","390","862","640","469","403","316","254","190","179","141","112","114","69","75","66","47","44","33","34","26","17","12","14","9","12","13","7","5","8","6","7","6","5","2","3","1","1","1","3","5","4","1","2","-","-","-","1","-","-","-","-","-","-","-","-","-"
"10310","","ó£ç•åèêîÅyåèÅz","2015000000","","2015îN","00240","","ç»_28çŒ","","5,575","-","2","-","7","16","47","52","112","196","447","999","689","515","422","400","295","222","195","179","117","102","82","65","59","66","37","40","29","31","24","17","10","11","3","9","12","5","6","8","8","10","4","5","3","3","4","1","3","2","1","-","1","-","-","1","1","-","-","-","-","-","-","-","-"
"10310","","ó£ç•åèêîÅyåèÅz","2015000000","","2015îN","00250","","ç»_29çŒ","","5,894","1","-","3","10","12","30","41","77","115","216","490","1,025","712","541","450","391","277","252","213","161","117","126","111","88","66","63","45","34","26","22","22","21","22","9","12","12","11","12","9","6","6","3","1","5","5","2","3","4","2","4","2","1","2","-","1","1","1","-","-","-","-","-","-","-"
"10310","","ó£ç•åèêîÅyåèÅz","2015000000","","2015îN","00260","","ç»_30çŒ","","6,128","-","1","1","3","7","18","23","52","115","133","243","502","1,081","723","535","451","372","308","268","212","181","120","134","108","90","66","42","49","46","40","21","20","29","21","17","7","11","11","12","3","9","5","1","4","5","8","6","1","2","3","3","-","2","-","-","-","1","-","-","1","-","1","-","-"
"10310","","ó£ç•åèêîÅyåèÅz","2015000000","","2015îN","00270","","ç»_31çŒ","","6,171","-","2","2","5","6","10","21","39","63","102","173","294","492","1,010","734","543","450","366","286","257","223","186","160","123","98","73","66","62","48","42","30","23","22","16","10","14","13","7","9","12","11","18","8","5","6","9","2","4","2","5","2","1","1","-","1","-","1","1","2","-","-","-","-","-"
"10310","","ó£ç•åèêîÅyåèÅz","2015000000","","2015îN","00280","","ç»_32çŒ","","6,096","-","-","2","1","6","16","13","24","50","67","120","192","292","528","960","653","519","416","344","319","231","218","193","153","115","105","96","74","58","50","47","33","36","18","19","13","15","13","13","8","10","8","1","8","5","10","4","4","4","-","2","2","4","2","-","-","-","-","1","-","-","-","1","-"
"10310","","ó£ç•åèêîÅyåèÅz","2015000000","","2015îN","00290","","ç»_33çŒ","","6,066","-","-","-","4","3","6","15","19","31","47","95","125","203","266","481","925","640","557","433","344","302","243","231","178","171","109","92","85","76","58","52","37","31","29","26","16","12","9","10","11","13","7","14","4","8","10","5","6","6","6","1","1","4","1","2","2","2","-","-","-","-","1","1","-"
"10310","","ó£ç•åèêîÅyåèÅz","2015000000","","2015îN","00300","","ç»_34çŒ","","5,810","-","-","1","3","9","11","4","16","27","42","69","95","143","194","306","480","897","587","509","397","332","311","217","220","191","128","107","82","78","56","42","23","35","15","20","23","19","15","10","10","8","10","9","5","9","11","3","4","7","3","5","-","1","3","-","-","1","2","2","-","1","-","2","-"
"10310","","ó£ç•åèêîÅyåèÅz","2015000000","","2015îN","00310","","ç»_35çŒ","","5,940","-","-","1","1","4","6","7","18","24","29","45","87","98","180","183","307","465","905","677","494","402","343","308","256","205","159","136","111","61","64","49","33","45","33","27","29","25","18","15","12","5","7","13","12","1","8","5","11","3","3","5","1","-","2","1","1","-","-","-","-","-","-","-","-"
"10310","","ó£ç•åèêîÅyåèÅz","2015000000","","2015îN","00320","","ç»_36çŒ","","5,823","-","-","-","-","4","1","9","10","19","23","31","57","73","109","155","204","282","461","849","654","488","419","354","278","236","189","157","128","106","80","63","56","49","38","27","26","21","14","26","20","11","16","5","12","8","10","10","7","3","7","4","3","5","1","1","2","1","1","-","-","-","-","-","-"
"10310","","ó£ç•åèêîÅyåèÅz","2015000000","","2015îN","00330","","ç»_37çŒ","","5,708","-","-","-","-","-","3","6","9","11","17","21","49","70","64","123","143","216","275","453","835","609","480","421","360","318","205","187","154","122","85","88","51","49","46","33","23","19","22","23","16","14","10","16","6","8","12","7","7","5","1","5","2","6","-","-","-","1","1","-","-","1","-","-","-"
"10310","","ó£ç•åèêîÅyåèÅz","2015000000","","2015îN","00340","","ç»_38çŒ","","5,719","-","-","-","1","2","2","2","7","17","19","16","32","50","55","70","109","152","220","290","471","821","608","512","415","349","280","216","197","151","100","83","58","64","57","38","37","31","22","32","13","14","15","14","12","14","4","9","6","6","7","6","5","1","2","-","-","2","1","-","1","-","-","1","-"
"10310","","ó£ç•åèêîÅyåèÅz","2015000000","","2015îN","00350","","ç»_39çŒ","","5,411","1","-","-","-","3","4","1","3","8","20","15","23","26","41","46","60","98","133","186","271","416","813","628","471","391","366","226","206","199","128","89","71","74","55","53","45","30","25","20","13","26","17","20","11","15","6","15","8","12","5","2","-","4","3","-","2","3","1","1","1","-","1","-","-"
"10310","","ó£ç•åèêîÅyåèÅz","2015000000","","2015îN","00360","","ç»_40çŒ","","5,560","-","-","-","1","1","2","3","5","4","7","15","21","16","33","51","47","76","107","152","190","266","409","833","662","513","403","350","253","211","176","127","108","96","64","53","48","30","31","30","26","18","24","18","8","10","12","11","4","7","7","8","5","3","3","-","1","1","-","-","-","-","-","-","-"
"10310","","ó£ç•åèêîÅyåèÅz","2015000000","","2015îN","00370","","ç»_41çŒ","","5,525","-","-","-","1","-","-","3","3","5","4","9","11","15","30","42","51","62","85","117","119","205","261","451","787","630","530","387","308","252","210","171","127","110","96","73","54","44","40","38","26","22","24","23","12","21","12","11","10","7","10","6","4","-","1","1","3","-","1","-","-","-","-","-","-"
"10310","","ó£ç•åèêîÅyåèÅz","2015000000","","2015îN","00380","","ç»_42çŒ","","5,543","-","-","-","-","-","2","1","2","5","7","8","8","13","17","24","35","53","77","102","111","126","190","277","476","844","616","480","407","296","265","201","138","133","117","83","70","56","54","28","28","34","26","28","15","21","13","11","12","7","12","2","2","2","2","1","1","-","2","-","-","2","-","-","-"
"10310","","ó£ç•åèêîÅyåèÅz","2015000000","","2015îN","00390","","ç»_43çŒ","","5,022","-","-","-","-","2","-","-","-","2","4","6","13","3","20","26","19","35","57","60","71","81","149","175","263","389","727","552","394","381","309","243","178","186","116","86","74","73","63","40","31","28","22","15","14","21","17","15","10","10","8","10","3","6","3","2","3","5","2","-","-","-","-","-","-"
"10310","","ó£ç•åèêîÅyåèÅz","2015000000","","2015îN","00400","","ç»_44çŒ","","4,673","-","-","-","-","1","-","2","3","2","5","6","4","6","10","23","20","30","29","45","55","67","91","136","169","232","387","665","508","402","358","275","206","171","145","104","80","76","56","56","28","20","35","22","21","13","19","19","16","12","13","4","6","5","2","5","3","2","-","1","-","-","-","2","-"
"10310","","ó£ç•åèêîÅyåèÅz","2015000000","","2015îN","00410","","ç»_45çŒ","","4,225","-","-","-","-","-","1","2","2","2","3","1","2","6","10","5","21","21","25","26","45","66","57","92","129","176","191","317","594","418","376","306","235","216","151","144","94","89","70","53","42","39","31","27","22","18","10","10","8","20","15","5","7","2","4","7","5","3","1","-","1","1","-","1","-"
"10310","","ó£ç•åèêîÅyåèÅz","2015000000","","2015îN","00420","","ç»_46çŒ","","4,015","-","-","-","-","-","-","1","1","1","1","-","5","3","1","5","11","12","19","28","32","33","43","62","103","115","128","207","300","529","443","362","287","273","184","168","124","102","59","63","36","45","32","21","19","22","21","19","16","19","27","9","5","4","3","4","1","3","2","-","-","-","-","2","-"
"10310","","ó£ç•åèêîÅyåèÅz","2015000000","","2015îN","00430","","ç»_47çŒ","","3,643","-","-","-","1","-","-","1","-","-","1","2","1","4","3","8","11","9","14","13","25","26","43","44","60","89","102","117","173","292","506","374","292","277","226","164","143","120","94","65","61","47","47","26","20","19","19","19","17","15","10","11","2","8","3","6","5","4","2","-","-","-","1","1","-"
"10310","","ó£ç•åèêîÅyåèÅz","2015000000","","2015îN","00440","","ç»_48çŒ","","3,050","-","-","-","-","-","-","-","-","-","1","1","-","2","4","5","5","6","7","13","7","18","28","29","41","51","75","89","123","132","220","412","304","276","225","185","162","101","93","85","62","43","40","36","32","23","18","18","12","14","10","5","7","6","9","4","3","2","2","2","-","1","-","1","-"
"10310","","ó£ç•åèêîÅyåèÅz","2015000000","","2015îN","00450","","ç»_49çŒ","","2,571","-","-","-","-","-","-","-","-","-","-","1","4","2","1","3","4","2","6","11","14","9","20","10","29","41","42","53","68","99","107","189","322","273","215","196","176","144","98","84","53","40","45","43","31","22","16","22","20","7","16","9","1","5","6","3","2","-","2","2","-","-","1","2","-"
"10310","","ó£ç•åèêîÅyåèÅz","2015000000","","2015îN","00460","","ç»_50çŒ","","2,609","-","-","-","-","-","-","-","1","-","-","1","-","-","4","3","2","4","2","4","9","15","8","9","17","24","29","42","48","65","90","121","186","352","281","218","197","159","134","105","98","71","59","47","33","29","16","24","14","18","16","15","5","4","9","4","4","4","2","4","-","-","1","2","-"
"10310","","ó£ç•åèêîÅyåèÅz","2015000000","","2015îN","00470","","ç»_51çŒ","","2,259","-","-","-","-","-","-","-","-","1","-","-","-","1","2","-","3","2","1","3","10","5","10","11","16","27","21","32","27","31","53","66","78","161","310","227","195","173","166","133","81","78","59","52","33","25","31","28","19","20","18","10","12","12","1","6","3","2","1","1","1","-","1","-","-"
"10310","","ó£ç•åèêîÅyåèÅz","2015000000","","2015îN","00480","","ç»_52çŒ","","2,013","-","-","-","-","1","-","-","-","-","-","1","1","1","1","2","4","3","1","4","3","-","7","9","10","7","15","18","23","22","30","49","52","102","141","230","201","174","162","148","105","95","68","79","45","39","39","19","14","27","20","10","4","2","6","4","4","3","1","-","2","1","1","3","-"
"10310","","ó£ç•åèêîÅyåèÅz","2015000000","","2015îN","00490","","ç»_53çŒ","","1,682","-","-","-","-","-","-","-","-","-","-","-","-","1","1","-","-","1","2","3","1","3","4","3","8","8","15","16","18","19","21","33","25","50","58","108","195","181","128","159","122","83","74","62","46","39","28","31","25","27","23","15","6","10","3","8","1","3","6","1","2","-","1","5","-"
"10310","","ó£ç•åèêîÅyåèÅz","2015000000","","2015îN","00500","","ç»_54çŒ","","1,549","-","-","-","-","-","-","-","-","1","-","1","1","-","2","-","-","-","2","1","2","3","3","3","6","4","7","11","9","11","12","19","18","43","36","62","108","182","177","144","123","120","103","67","64","41","31","28","21","16","15","10","7","4","7","5","5","3","4","3","1","-","1","2","-"
"10310","","ó£ç•åèêîÅyåèÅz","2015000000","","2015îN","00510","","ç»_55çŒ","","1,351","-","-","-","-","-","-","-","-","-","-","1","-","-","-","-","-","1","1","1","2","4","1","1","6","3","2","5","11","9","6","7","16","17","30","48","41","92","158","131","121","104","103","105","61","42","47","37","29","24","25","10","8","6","9","6","5","5","2","1","-","3","-","4","-"
"10310","","ó£ç•åèêîÅyåèÅz","2015000000","","2015îN","00520","","ç»_56çŒ","","1,181","-","-","-","-","-","-","-","-","-","-","-","1","-","-","-","-","2","1","1","1","2","-","3","5","4","7","5","4","4","5","8","13","16","26","23","24","46","76","145","107","98","105","101","85","67","42","40","22","20","11","14","9","2","9","9","3","2","3","2","1","2","1","4","-"
"10310","","ó£ç•åèêîÅyåèÅz","2015000000","","2015îN","00530","","ç»_57çŒ","","967","-","-","-","-","-","-","-","-","-","-","-","-","-","-","-","1","-","-","1","-","1","1","1","2","1","2","2","6","2","2","3","5","11","8","14","24","25","32","78","102","109","84","89","87","57","43","31","35","29","22","15","8","9","1","5","5","3","3","1","3","1","1","2","-"
"10310","","ó£ç•åèêîÅyåèÅz","2015000000","","2015îN","00540","","ç»_58çŒ","","894","-","-","-","-","-","-","-","-","-","-","-","-","-","-","-","-","-","1","1","-","-","3","1","3","-","1","1","-","4","3","2","6","8","9","11","15","14","24","34","73","100","100","96","75","49","55","33","41","23","26","17","8","12","6","4","13","6","4","2","6","1","-","3","-"
"10310","","ó£ç•åèêîÅyåèÅz","2015000000","","2015îN","00550","","ç»_59çŒ","","784","-","-","-","-","-","-","1","-","-","-","-","-","-","-","-","-","-","-","-","1","1","-","-","-","-","4","1","3","2","2","2","5","1","10","4","12","12","12","18","28","46","93","106","71","63","45","61","50","36","20","20","13","9","3","5","6","5","-","3","3","2","1","4","-"
"10310","","ó£ç•åèêîÅyåèÅz","2015000000","","2015îN","00560","","ç»_60çŒ","","782","-","-","-","-","-","-","-","-","-","-","-","-","-","-","-","2","-","1","-","-","-","-","1","2","-","1","-","1","4","-","1","3","5","6","6","6","9","16","17","19","23","49","104","91","75","63","63","50","44","26","25","13","10","12","5","7","3","3","4","1","2","-","9","-"
"10310","","ó£ç•åèêîÅyåèÅz","2015000000","","2015îN","00570","","ç»_61çŒ","","692","-","-","-","-","-","-","-","-","-","-","-","-","-","-","-","-","-","-","-","-","-","-","-","-","3","-","2","2","-","1","1","1","1","2","5","5","4","6","10","13","19","17","47","97","72","65","78","64","50","49","25","9","8","9","8","4","3","2","1","3","2","-","4","-"
"10310","","ó£ç•åèêîÅyåèÅz","2015000000","","2015îN","00580","","ç»_62çŒ","","648","-","-","-","-","-","-","-","-","-","-","-","-","-","-","-","-","-","-","1","-","-","-","-","1","1","-","1","-","-","1","-","-","2","1","3","3","3","7","12","9","15","13","27","33","72","85","78","63","64","49","29","13","13","16","6","8","5","2","6","1","2","1","2","-"
"10310","","ó£ç•åèêîÅyåèÅz","2015000000","","2015îN","00590","","ç»_63çŒ","","650","-","-","-","-","-","-","-","-","-","-","-","-","-","-","-","-","-","-","-","1","1","1","-","1","-","1","3","2","-","-","1","2","2","1","6","6","8","7","9","4","6","23","24","23","48","70","71","64","66","61","48","27","21","8","8","7","2","2","3","2","5","-","5","-"
"10310","","ó£ç•åèêîÅyåèÅz","2015000000","","2015îN","00600","","ç»_64çŒ","","653","-","-","-","-","-","-","-","-","-","-","-","-","-","-","-","-","-","1","-","-","-","1","-","1","-","2","-","1","1","1","2","2","2","1","2","2","3","3","4","3","8","14","21","26","33","39","87","80","75","67","50","22","26","12","20","13","8","8","4","4","1","1","2","-"
"10310","","ó£ç•åèêîÅyåèÅz","2015000000","","2015îN","00610","","ç»_65çŒ","","710","-","-","-","-","-","-","-","-","-","-","-","-","-","-","-","-","-","-","-","1","-","-","-","-","-","-","-","-","-","-","2","1","1","1","4","2","5","-","3","2","6","5","9","12","21","34","57","85","100","86","60","43","40","47","27","22","12","3","7","2","-","4","6","-"
"10310","","ó£ç•åèêîÅyåèÅz","2015000000","","2015îN","00620","","ç»_66çŒ","","635","-","-","-","-","-","-","-","-","-","-","-","-","-","-","-","-","-","-","-","-","-","-","1","-","1","-","-","-","1","2","-","-","2","1","-","2","7","2","6","1","6","8","6","13","16","18","32","56","99","75","66","49","34","29","28","19","18","12","4","9","-","5","7","-"
"10310","","ó£ç•åèêîÅyåèÅz","2015000000","","2015îN","00630","","ç»_67çŒ","","587","-","-","-","-","-","-","-","-","-","-","-","-","-","-","-","-","-","-","-","1","-","-","-","-","-","-","-","-","-","1","-","-","2","1","2","-","3","3","1","3","7","5","3","8","13","23","18","30","65","64","56","46","43","55","36","28","18","14","9","8","5","4","12","-"
"10310","","ó£ç•åèêîÅyåèÅz","2015000000","","2015îN","00640","","ç»_68çŒ","","437","-","-","-","-","-","-","-","-","-","-","-","-","-","-","-","-","-","-","-","-","-","-","-","-","-","-","-","-","-","1","-","-","1","1","1","1","1","3","-","3","4","5","4","8","6","7","16","23","19","37","46","37","42","42","39","22","16","13","8","7","6","3","15","-"
"10310","","ó£ç•åèêîÅyåèÅz","2015000000","","2015îN","00650","","ç»_69çŒ","","284","-","-","-","-","-","-","-","-","-","-","-","-","-","-","-","-","-","-","-","-","-","-","-","-","-","-","-","-","-","-","-","-","-","-","-","1","-","1","-","2","2","3","1","2","2","6","10","12","17","21","19","19","36","36","23","21","15","11","4","6","5","3","6","-"
"10310","","ó£ç•åèêîÅyåèÅz","2015000000","","2015îN","00660","","ç»_70çŒ","","298","-","-","-","-","-","-","-","-","-","-","-","-","-","-","-","-","-","-","-","-","-","-","-","-","-","-","-","-","-","-","-","1","4","-","-","-","1","2","1","1","-","1","1","4","1","4","6","9","18","10","22","10","28","36","24","25","22","22","13","12","5","5","10","-"
"10310","","ó£ç•åèêîÅyåèÅz","2015000000","","2015îN","00670","","ç»_71çŒ","","274","-","-","-","-","-","-","-","-","-","-","-","-","-","-","-","-","-","-","-","-","-","-","-","-","-","-","1","-","-","1","-","-","-","-","1","-","1","-","-","1","-","-","3","4","-","3","5","12","13","9","10","8","8","39","32","31","24","17","14","15","6","7","9","-"
"10310","","ó£ç•åèêîÅyåèÅz","2015000000","","2015îN","00680","","ç»_72çŒ","","262","-","1","-","-","-","-","-","-","-","-","-","-","-","-","-","-","1","-","-","-","-","-","-","-","-","-","-","-","-","-","-","-","-","-","1","-","-","1","-","1","1","2","-","1","6","2","7","7","9","10","8","5","11","11","25","27","31","14","21","28","8","4","19","-"
"10310","","ó£ç•åèêîÅyåèÅz","2015000000","","2015îN","00690","","ç»_73çŒ","","230","-","-","-","-","-","-","-","-","-","-","-","-","-","-","-","-","-","-","-","-","-","-","-","-","-","-","-","-","-","-","-","1","-","-","1","-","-","-","-","-","-","2","2","1","2","3","11","5","5","7","13","8","4","15","18","19","21","25","22","12","6","8","19","-"
"10310","","ó£ç•åèêîÅyåèÅz","2015000000","","2015îN","00700","","ç»_74çŒ","","198","-","-","-","-","-","-","-","-","-","-","-","-","-","-","-","-","-","-","-","-","-","-","-","-","-","-","-","-","-","1","-","-","-","-","-","1","-","-","-","-","2","1","-","2","1","-","-","4","6","2","5","2","9","4","9","16","20","16","23","18","22","6","28","-"
"10310","","ó£ç•åèêîÅyåèÅz","2015000000","","2015îN","00710","","ç»_75çŒ","","154","-","-","-","-","-","-","-","-","-","-","-","-","-","-","-","-","-","-","-","-","-","-","-","-","-","-","-","-","-","-","-","-","-","-","-","-","-","-","1","1","-","-","-","1","2","1","2","2","5","2","1","1","4","3","8","15","12","11","13","13","12","15","29","-"
"10310","","ó£ç•åèêîÅyåèÅz","2015000000","","2015îN","00720","","ç»_76çŒ","","121","-","-","-","-","-","-","-","-","-","-","-","-","-","-","-","-","-","-","-","-","-","-","-","-","-","-","-","-","-","-","-","-","-","-","-","-","-","-","-","-","-","-","3","1","2","1","-","-","1","2","1","1","2","1","5","9","10","9","11","13","8","9","32","-"
"10310","","ó£ç•åèêîÅyåèÅz","2015000000","","2015îN","00730","","ç»_77çŒ","","110","-","-","-","-","-","-","-","-","-","-","-","-","-","-","-","-","-","-","1","-","-","-","-","-","-","-","-","-","-","-","-","-","-","-","-","-","-","1","-","-","-","-","-","1","-","1","1","1","3","3","6","-","1","7","-","3","1","6","6","8","14","8","38","-"
"10310","","ó£ç•åèêîÅyåèÅz","2015000000","","2015îN","00740","","ç»_78çŒ","","83","-","-","-","-","-","-","-","-","-","-","-","-","-","-","-","-","-","-","-","-","-","-","-","-","-","-","-","-","-","-","-","-","-","-","-","-","-","-","-","-","-","-","-","-","1","1","2","1","1","1","3","1","-","1","3","3","7","2","1","9","9","5","32","-"
"10310","","ó£ç•åèêîÅyåèÅz","2015000000","","2015îN","00750","","ç»_79çŒ","","80","-","-","-","-","-","-","-","-","-","-","-","-","-","-","-","-","-","-","-","-","-","-","-","-","-","-","-","-","-","-","-","-","-","-","-","-","-","-","-","-","-","-","-","-","-","1","-","1","-","1","-","1","-","1","1","3","2","4","2","5","6","7","45","-"
"10310","","ó£ç•åèêîÅyåèÅz","2015000000","","2015îN","00760","","ç»_80çŒà»è„","","280","-","-","-","-","-","1","-","-","-","-","-","-","-","-","-","-","1","-","-","-","-","-","-","-","-","-","-","-","-","-","-","-","-","-","-","-","1","-","-","-","-","1","-","-","-","-","2","2","-","1","2","2","2","10","6","2","9","8","6","10","8","10","196","-"
"10310","","ó£ç•åèêîÅyåèÅz","2015000000","","2015îN","00770","","ç»_ïsè⁄","","-","-","-","-","-","-","-","-","-","-","-","-","-","-","-","-","-","-","-","-","-","-","-","-","-","-","-","-","-","-","-","-","-","-","-","-","-","-","-","-","-","-","-","-","-","-","-","-","-","-","-","-","-","-","-","-","-","-","-","-","-","-","-","-","-"
